B,1,MET,sidechain,B,148,TRP,sidechain,2.534295801861916
B,4,SER,sidechain,B,6,ARG,sidechain,1.1407400387595987
B,4,SER,sidechain,B,7,GLU,sidechain,2.7578046397210847
B,5,ASN,sidechain,B,134,LEU,sidechain,5.993316404373708
B,5,ASN,sidechain,B,135,ASN,sidechain,5.487476064606051
B,5,ASN,sidechain,B,139,GLU,sidechain,7.058242435140496
B,5,ASN,sidechain,B,148,TRP,sidechain,3.8654286020799624
B,6,ARG,sidechain,B,4,SER,sidechain,1.1407400387595987
B,6,ARG,sidechain,B,131,ALA,sidechain,2.188536646000083
B,7,GLU,sidechain,B,4,SER,sidechain,2.7578046397210847
B,7,GLU,sidechain,B,43,SER,sidechain,4.722964685329771
B,7,GLU,sidechain,B,47,LYS,sidechain,8.09518182127901
B,8,LEU,sidechain,B,46,VAL,sidechain,3.726599787509089
B,8,LEU,sidechain,B,47,LYS,sidechain,2.260422074191946
B,8,LEU,sidechain,B,50,LEU,sidechain,2.93709183176547
B,8,LEU,sidechain,B,104,PHE,sidechain,1.5610192754600882
B,8,LEU,sidechain,B,148,TRP,sidechain,4.4369146557422905
B,9,VAL,sidechain,B,13,LEU,sidechain,2.183037480904648
B,9,VAL,sidechain,B,104,PHE,sidechain,2.5511883115986556
B,9,VAL,sidechain,B,130,MET,sidechain,5.27779359531206
B,9,VAL,sidechain,B,131,ALA,sidechain,1.502310102431324
B,9,VAL,sidechain,B,134,LEU,sidechain,1.3629087450041348
B,10,VAL,sidechain,B,24,TRP,sidechain,5.666822530418008
B,11,ASP,sidechain,B,47,LYS,sidechain,12.032270520546689
B,11,ASP,sidechain,B,51,ARG,sidechain,6.555016335923321
B,12,PHE,sidechain,B,16,LYS,sidechain,5.633124919837125
B,12,PHE,sidechain,B,50,LEU,sidechain,4.67946502067142
B,12,PHE,sidechain,B,104,PHE,sidechain,7.399650786521938
B,13,LEU,sidechain,B,9,VAL,sidechain,2.183037480904648
B,13,LEU,sidechain,B,24,TRP,sidechain,3.6740492840059
B,13,LEU,sidechain,B,111,CYS,sidechain,5.2699641294672235
B,13,LEU,sidechain,B,127,ALA,sidechain,1.4910591639752786
B,13,LEU,sidechain,B,130,MET,sidechain,2.110669659597895
B,14,SER,sidechain,B,24,TRP,sidechain,4.88863318599527
B,15,TYR,sidechain,B,19,GLN,sidechain,6.164087588098047
B,15,TYR,sidechain,B,51,ARG,sidechain,16.34781779664856
B,15,TYR,sidechain,B,55,ASP,sidechain,6.1544596545117365
B,16,LYS,sidechain,B,12,PHE,sidechain,5.633124919837125
B,16,LYS,sidechain,B,19,GLN,sidechain,6.348922173760813
B,16,LYS,sidechain,B,55,ASP,sidechain,3.4684022017632983
B,16,LYS,sidechain,B,58,GLU,sidechain,6.583491015207448
B,16,LYS,sidechain,B,112,VAL,sidechain,1.3015847539535095
B,17,LEU,sidechain,B,22,TYR,sidechain,3.1496520132683417
B,17,LEU,sidechain,B,24,TRP,sidechain,2.8931666091061645
B,17,LEU,sidechain,B,27,PHE,sidechain,1.9576284888305873
B,17,LEU,sidechain,B,111,CYS,sidechain,2.4981430583003355
B,17,LEU,sidechain,B,112,VAL,sidechain,1.4492804239153108
B,17,LEU,sidechain,B,115,VAL,sidechain,3.1703083757188533
B,19,GLN,sidechain,B,15,TYR,sidechain,6.164087588098047
B,19,GLN,sidechain,B,16,LYS,sidechain,6.348922173760813
B,19,GLN,sidechain,B,55,ASP,sidechain,4.247815133204203
B,20,LYS,sidechain,B,22,TYR,sidechain,2.8515772735698275
B,20,LYS,sidechain,B,112,VAL,sidechain,4.642957902584066
B,22,TYR,sidechain,B,17,LEU,sidechain,3.1496520132683417
B,22,TYR,sidechain,B,20,LYS,sidechain,2.8515772735698275
B,22,TYR,sidechain,B,26,GLN,sidechain,2.6356419804662203
B,22,TYR,sidechain,B,27,PHE,sidechain,2.540854080863367
B,22,TYR,sidechain,B,115,VAL,sidechain,8.67028269837536
B,23,SER,sidechain,B,25,SER,sidechain,3.247337816521413
B,23,SER,sidechain,B,26,GLN,sidechain,2.9428070295689777
B,24,TRP,sidechain,B,10,VAL,sidechain,5.666822530418008
B,24,TRP,sidechain,B,13,LEU,sidechain,3.6740492840059
B,24,TRP,sidechain,B,14,SER,sidechain,4.88863318599527
B,24,TRP,sidechain,B,17,LEU,sidechain,2.8931666091061645
B,24,TRP,sidechain,B,28,SER,sidechain,8.191652188284376
B,24,TRP,sidechain,B,123,VAL,sidechain,3.0371558243748247
B,24,TRP,sidechain,B,127,ALA,sidechain,1.8097920800925849
B,25,SER,sidechain,B,23,SER,sidechain,3.247337816521413
B,26,GLN,sidechain,B,22,TYR,sidechain,2.6356419804662203
B,26,GLN,sidechain,B,23,SER,sidechain,2.9428070295689777
B,27,PHE,sidechain,B,17,LEU,sidechain,1.9576284888305873
B,27,PHE,sidechain,B,22,TYR,sidechain,2.540854080863367
B,27,PHE,sidechain,B,115,VAL,sidechain,4.524430269193414
B,27,PHE,sidechain,B,120,GLN,sidechain,5.477376237494593
B,27,PHE,sidechain,B,123,VAL,sidechain,5.630352882587536
B,28,SER,sidechain,B,24,TRP,sidechain,8.191652188284376
B,28,SER,sidechain,B,124,SER,sidechain,2.0248809640013157
B,32,GLU,sidechain,B,34,ARG,sidechain,6.653888689663942
B,34,ARG,sidechain,B,32,GLU,sidechain,6.653888689663942
B,43,SER,sidechain,B,7,GLU,sidechain,4.722964685329771
B,43,SER,sidechain,B,47,LYS,sidechain,2.7399185764733285
B,44,GLU,sidechain,B,47,LYS,sidechain,6.884827511337383
B,45,ALA,sidechain,B,152,VAL,sidechain,1.5345981533970874
B,46,VAL,sidechain,B,8,LEU,sidechain,3.726599787509089
B,46,VAL,sidechain,B,148,TRP,sidechain,9.631291296952437
B,46,VAL,sidechain,B,152,VAL,sidechain,2.228324943578849
B,47,LYS,sidechain,B,7,GLU,sidechain,8.09518182127901
B,47,LYS,sidechain,B,8,LEU,sidechain,2.260422074191946
B,47,LYS,sidechain,B,11,ASP,sidechain,12.032270520546689
B,47,LYS,sidechain,B,43,SER,sidechain,2.7399185764733285
B,47,LYS,sidechain,B,44,GLU,sidechain,6.884827511337383
B,48,GLN,sidechain,B,51,ARG,sidechain,2.688557784002906
B,49,ALA,sidechain,B,151,PHE,sidechain,2.4536229587883933
B,49,ALA,sidechain,B,152,VAL,sidechain,1.836501604728969
B,49,ALA,sidechain,B,155,TYR,sidechain,0.9122202505412276
B,50,LEU,sidechain,B,8,LEU,sidechain,2.93709183176547
B,50,LEU,sidechain,B,12,PHE,sidechain,4.67946502067142
B,50,LEU,sidechain,B,104,PHE,sidechain,9.464923899283828
B,50,LEU,sidechain,B,151,PHE,sidechain,2.6209578549050154
B,51,ARG,sidechain,B,11,ASP,sidechain,6.555016335923321
B,51,ARG,sidechain,B,15,TYR,sidechain,16.34781779664856
B,51,ARG,sidechain,B,48,GLN,sidechain,2.688557784002906
B,52,GLU,sidechain,B,155,TYR,sidechain,2.486131881900004
B,53,ALA,sidechain,B,101,VAL,sidechain,2.7717697700894144
B,53,ALA,sidechain,B,151,PHE,sidechain,1.7172837435046893
B,53,ALA,sidechain,B,155,TYR,sidechain,5.125687656751981
B,55,ASP,sidechain,B,15,TYR,sidechain,6.1544596545117365
B,55,ASP,sidechain,B,16,LYS,sidechain,3.4684022017632983
B,55,ASP,sidechain,B,19,GLN,sidechain,4.247815133204203
B,55,ASP,sidechain,B,58,GLU,sidechain,1.3593603805406598
B,56,GLU,sidechain,B,60,ARG,sidechain,6.168176388832507
B,57,PHE,sidechain,B,61,TYR,sidechain,1.5835466637857731
B,57,PHE,sidechain,B,101,VAL,sidechain,4.702550323133185
B,57,PHE,sidechain,B,102,ALA,sidechain,4.128163507838587
B,57,PHE,sidechain,B,105,SER,sidechain,8.117505248199752
B,58,GLU,sidechain,B,16,LYS,sidechain,6.583491015207448
B,58,GLU,sidechain,B,55,ASP,sidechain,1.3593603805406598
B,58,GLU,sidechain,B,62,ARG,sidechain,3.9606416607927857
B,59,LEU,sidechain,B,62,ARG,sidechain,1.4227188488952751
B,59,LEU,sidechain,B,63,ARG,sidechain,6.490779686657419
B,60,ARG,sidechain,B,56,GLU,sidechain,6.168176388832507
B,61,TYR,sidechain,B,57,PHE,sidechain,1.5835466637857731
B,61,TYR,sidechain,B,65,PHE,sidechain,9.595365440946011
B,61,TYR,sidechain,B,68,LEU,sidechain,8.900700170853904
B,61,TYR,sidechain,B,71,GLN,sidechain,6.97202977959028
B,62,ARG,sidechain,B,58,GLU,sidechain,3.9606416607927857
B,62,ARG,sidechain,B,59,LEU,sidechain,1.4227188488952751
B,62,ARG,sidechain,B,67,ASP,sidechain,12.03147986739611
B,63,ARG,sidechain,B,59,LEU,sidechain,6.490779686657419
B,65,PHE,sidechain,B,61,TYR,sidechain,9.595365440946011
B,65,PHE,sidechain,B,71,GLN,sidechain,1.3905981910212528
B,66,SER,sidechain,B,71,GLN,sidechain,1.3488136273639277
B,67,ASP,sidechain,B,62,ARG,sidechain,12.03147986739611
B,67,ASP,sidechain,B,69,THR,sidechain,1.729176417466579
B,67,ASP,sidechain,B,70,SER,sidechain,3.5232908269145184
B,68,LEU,sidechain,B,61,TYR,sidechain,8.900700170853904
B,68,LEU,sidechain,B,106,PHE,sidechain,1.4616142578174134
B,68,LEU,sidechain,B,109,ALA,sidechain,3.3155812836946494
B,69,THR,sidechain,B,67,ASP,sidechain,1.729176417466579
B,69,THR,sidechain,B,109,ALA,sidechain,1.5284884141130284
B,69,THR,sidechain,B,112,VAL,sidechain,1.4496037175171843
B,69,THR,sidechain,B,113,GLU,sidechain,5.1820122561765665
B,70,SER,sidechain,B,67,ASP,sidechain,3.5232908269145184
B,71,GLN,sidechain,B,61,TYR,sidechain,6.97202977959028
B,71,GLN,sidechain,B,65,PHE,sidechain,1.3905981910212528
B,71,GLN,sidechain,B,66,SER,sidechain,1.3488136273639277
B,72,LEU,sidechain,B,74,ILE,sidechain,2.1744618544374976
B,72,LEU,sidechain,B,106,PHE,sidechain,2.7891376991377235
B,72,LEU,sidechain,B,109,ALA,sidechain,1.102121459016033
B,72,LEU,sidechain,B,110,LEU,sidechain,2.686913368950843
B,74,ILE,sidechain,B,72,LEU,sidechain,2.1744618544374976
B,74,ILE,sidechain,B,79,ALA,sidechain,1.6934441233726178
B,74,ILE,sidechain,B,110,LEU,sidechain,2.850694999998437
B,74,ILE,sidechain,B,113,GLU,sidechain,2.2967876975935746
B,74,ILE,sidechain,B,114,SER,sidechain,1.9602848707830443
B,74,ILE,sidechain,B,119,MET,sidechain,2.627662923428156
B,74,ILE,sidechain,B,122,LEU,sidechain,0.8484134851083436
B,75,THR,sidechain,B,78,THR,sidechain,5.3620936929580365
B,76,PRO,sidechain,B,119,MET,sidechain,5.172140723052998
B,78,THR,sidechain,B,75,THR,sidechain,5.3620936929580365
B,78,THR,sidechain,B,82,SER,sidechain,1.6541313077895337
B,79,ALA,sidechain,B,74,ILE,sidechain,1.6934441233726178
B,79,ALA,sidechain,B,122,LEU,sidechain,1.9493836327947847
B,80,TYR,sidechain,B,122,LEU,sidechain,1.8432744463787618
B,80,TYR,sidechain,B,125,ARG,sidechain,7.781556661830385
B,80,TYR,sidechain,B,129,TRP,sidechain,9.192161632021033
B,82,SER,sidechain,B,78,THR,sidechain,1.6541313077895337
B,83,PHE,sidechain,B,87,VAL,sidechain,5.080341017468271
B,83,PHE,sidechain,B,103,PHE,sidechain,1.9687140361554254
B,83,PHE,sidechain,B,106,PHE,sidechain,4.290319572986185
B,83,PHE,sidechain,B,110,LEU,sidechain,3.6942689789937915
B,83,PHE,sidechain,B,126,ILE,sidechain,3.9943767902343383
B,83,PHE,sidechain,B,129,TRP,sidechain,7.181840486216857
B,83,PHE,sidechain,B,130,MET,sidechain,2.600124528943048
B,84,GLU,sidechain,B,88,ASN,sidechain,2.2713550431778518
B,84,GLU,sidechain,B,129,TRP,sidechain,3.5307737897324762
B,86,VAL,sidechain,B,106,PHE,sidechain,7.388744407142776
B,87,VAL,sidechain,B,83,PHE,sidechain,5.080341017468271
B,87,VAL,sidechain,B,91,PHE,sidechain,2.235375216251267
B,87,VAL,sidechain,B,103,PHE,sidechain,6.100061285061455
B,87,VAL,sidechain,B,129,TRP,sidechain,3.0968167815631804
B,87,VAL,sidechain,B,133,TYR,sidechain,7.29259016800971
B,88,ASN,sidechain,B,84,GLU,sidechain,2.2713550431778518
B,88,ASN,sidechain,B,133,TYR,sidechain,6.006783291251459
B,89,GLU,sidechain,B,92,ARG,sidechain,12.789268682358731
B,90,LEU,sidechain,B,99,ARG,sidechain,3.3676446845608345
B,90,LEU,sidechain,B,102,ALA,sidechain,1.7011888800517636
B,90,LEU,sidechain,B,103,PHE,sidechain,1.1762358734245515
B,91,PHE,sidechain,B,87,VAL,sidechain,2.235375216251267
B,91,PHE,sidechain,B,95,VAL,sidechain,5.623379091837777
B,91,PHE,sidechain,B,99,ARG,sidechain,2.5915539826522735
B,91,PHE,sidechain,B,100,ILE,sidechain,2.0060299575835523
B,91,PHE,sidechain,B,103,PHE,sidechain,6.029967071986347
B,91,PHE,sidechain,B,133,TYR,sidechain,5.738851918124487
B,91,PHE,sidechain,B,138,LEU,sidechain,9.122925332702676
B,92,ARG,sidechain,B,89,GLU,sidechain,12.789268682358731
B,93,ASP,sidechain,B,99,ARG,sidechain,10.574391357503355
B,95,VAL,sidechain,B,91,PHE,sidechain,5.623379091837777
B,95,VAL,sidechain,B,100,ILE,sidechain,1.505810133347245
B,95,VAL,sidechain,B,138,LEU,sidechain,1.6967163650515327
B,95,VAL,sidechain,B,141,TRP,sidechain,15.714539218104681
B,96,ASN,sidechain,B,99,ARG,sidechain,12.103921613995947
B,97,TRP,sidechain,B,100,ILE,sidechain,2.836065863073713
B,97,TRP,sidechain,B,141,TRP,sidechain,11.52438734742951
B,97,TRP,sidechain,B,142,ILE,sidechain,4.603609818466642
B,97,TRP,sidechain,B,145,ASN,sidechain,2.564026624895714
B,97,TRP,sidechain,B,148,TRP,sidechain,5.649278577456247
B,97,TRP,sidechain,B,150,THR,sidechain,4.011656422504688
B,97,TRP,sidechain,B,151,PHE,sidechain,9.335373411017265
B,99,ARG,sidechain,B,90,LEU,sidechain,3.3676446845608345
B,99,ARG,sidechain,B,91,PHE,sidechain,2.5915539826522735
B,99,ARG,sidechain,B,93,ASP,sidechain,10.574391357503355
B,99,ARG,sidechain,B,96,ASN,sidechain,12.103921613995947
B,100,ILE,sidechain,B,91,PHE,sidechain,2.0060299575835523
B,100,ILE,sidechain,B,95,VAL,sidechain,1.505810133347245
B,100,ILE,sidechain,B,97,TRP,sidechain,2.836065863073713
B,100,ILE,sidechain,B,104,PHE,sidechain,2.078118833401055
B,100,ILE,sidechain,B,138,LEU,sidechain,2.5301975112006048
B,100,ILE,sidechain,B,141,TRP,sidechain,2.113061909757278
B,100,ILE,sidechain,B,142,ILE,sidechain,1.5116442796587177
B,101,VAL,sidechain,B,53,ALA,sidechain,2.7717697700894144
B,101,VAL,sidechain,B,57,PHE,sidechain,4.702550323133185
B,101,VAL,sidechain,B,105,SER,sidechain,1.185284517009512
B,101,VAL,sidechain,B,151,PHE,sidechain,2.421072057886476
B,102,ALA,sidechain,B,57,PHE,sidechain,4.128163507838587
B,102,ALA,sidechain,B,90,LEU,sidechain,1.7011888800517636
B,103,PHE,sidechain,B,83,PHE,sidechain,1.9687140361554254
B,103,PHE,sidechain,B,87,VAL,sidechain,6.100061285061455
B,103,PHE,sidechain,B,90,LEU,sidechain,1.1762358734245515
B,103,PHE,sidechain,B,91,PHE,sidechain,6.029967071986347
B,103,PHE,sidechain,B,130,MET,sidechain,6.377626385599074
B,103,PHE,sidechain,B,133,TYR,sidechain,4.364240782950676
B,103,PHE,sidechain,B,138,LEU,sidechain,2.8649398101143144
B,104,PHE,sidechain,B,8,LEU,sidechain,1.5610192754600882
B,104,PHE,sidechain,B,9,VAL,sidechain,2.5511883115986556
B,104,PHE,sidechain,B,12,PHE,sidechain,7.399650786521938
B,104,PHE,sidechain,B,50,LEU,sidechain,9.464923899283828
B,104,PHE,sidechain,B,100,ILE,sidechain,2.078118833401055
B,104,PHE,sidechain,B,130,MET,sidechain,3.580036641330527
B,104,PHE,sidechain,B,134,LEU,sidechain,2.641759591015377
B,105,SER,sidechain,B,57,PHE,sidechain,8.117505248199752
B,105,SER,sidechain,B,101,VAL,sidechain,1.185284517009512
B,106,PHE,sidechain,B,68,LEU,sidechain,1.4616142578174134
B,106,PHE,sidechain,B,72,LEU,sidechain,2.7891376991377235
B,106,PHE,sidechain,B,83,PHE,sidechain,4.290319572986185
B,106,PHE,sidechain,B,86,VAL,sidechain,7.388744407142776
B,109,ALA,sidechain,B,68,LEU,sidechain,3.3155812836946494
B,109,ALA,sidechain,B,69,THR,sidechain,1.5284884141130284
B,109,ALA,sidechain,B,72,LEU,sidechain,1.102121459016033
B,110,LEU,sidechain,B,72,LEU,sidechain,2.686913368950843
B,110,LEU,sidechain,B,74,ILE,sidechain,2.850694999998437
B,110,LEU,sidechain,B,83,PHE,sidechain,3.6942689789937915
B,110,LEU,sidechain,B,126,ILE,sidechain,4.436769364536228
B,111,CYS,sidechain,B,13,LEU,sidechain,5.2699641294672235
B,111,CYS,sidechain,B,17,LEU,sidechain,2.4981430583003355
B,111,CYS,sidechain,B,123,VAL,sidechain,3.208715115286206
B,111,CYS,sidechain,B,126,ILE,sidechain,2.0671867758210394
B,112,VAL,sidechain,B,16,LYS,sidechain,1.3015847539535095
B,112,VAL,sidechain,B,17,LEU,sidechain,1.4492804239153108
B,112,VAL,sidechain,B,20,LYS,sidechain,4.642957902584066
B,112,VAL,sidechain,B,69,THR,sidechain,1.4496037175171843
B,113,GLU,sidechain,B,69,THR,sidechain,5.1820122561765665
B,113,GLU,sidechain,B,74,ILE,sidechain,2.2967876975935746
B,113,GLU,sidechain,B,116,ASP,sidechain,2.1408223999672495
B,113,GLU,sidechain,B,117,LYS,sidechain,6.301431847119986
B,114,SER,sidechain,B,74,ILE,sidechain,1.9602848707830443
B,114,SER,sidechain,B,119,MET,sidechain,2.102717099664728
B,114,SER,sidechain,B,122,LEU,sidechain,3.887290282130816
B,114,SER,sidechain,B,123,VAL,sidechain,2.3728314899789793
B,115,VAL,sidechain,B,17,LEU,sidechain,3.1703083757188533
B,115,VAL,sidechain,B,22,TYR,sidechain,8.67028269837536
B,115,VAL,sidechain,B,27,PHE,sidechain,4.524430269193414
B,115,VAL,sidechain,B,123,VAL,sidechain,1.5718015644362264
B,116,ASP,sidechain,B,113,GLU,sidechain,2.1408223999672495
B,117,LYS,sidechain,B,113,GLU,sidechain,6.301431847119986
B,117,LYS,sidechain,B,119,MET,sidechain,2.9401276337590345
B,119,MET,sidechain,B,74,ILE,sidechain,2.627662923428156
B,119,MET,sidechain,B,76,PRO,sidechain,5.172140723052998
B,119,MET,sidechain,B,114,SER,sidechain,2.102717099664728
B,119,MET,sidechain,B,117,LYS,sidechain,2.9401276337590345
B,119,MET,sidechain,B,122,LEU,sidechain,4.259733894102708
B,120,GLN,sidechain,B,27,PHE,sidechain,5.477376237494593
B,121,VAL,sidechain,B,125,ARG,sidechain,2.452565343579047
B,122,LEU,sidechain,B,74,ILE,sidechain,0.8484134851083436
B,122,LEU,sidechain,B,79,ALA,sidechain,1.9493836327947847
B,122,LEU,sidechain,B,80,TYR,sidechain,1.8432744463787618
B,122,LEU,sidechain,B,114,SER,sidechain,3.887290282130816
B,122,LEU,sidechain,B,119,MET,sidechain,4.259733894102708
B,122,LEU,sidechain,B,126,ILE,sidechain,2.545968339715194
B,123,VAL,sidechain,B,24,TRP,sidechain,3.0371558243748247
B,123,VAL,sidechain,B,27,PHE,sidechain,5.630352882587536
B,123,VAL,sidechain,B,111,CYS,sidechain,3.208715115286206
B,123,VAL,sidechain,B,114,SER,sidechain,2.3728314899789793
B,123,VAL,sidechain,B,115,VAL,sidechain,1.5718015644362264
B,124,SER,sidechain,B,28,SER,sidechain,2.0248809640013157
B,125,ARG,sidechain,B,80,TYR,sidechain,7.781556661830385
B,125,ARG,sidechain,B,121,VAL,sidechain,2.452565343579047
B,126,ILE,sidechain,B,83,PHE,sidechain,3.9943767902343383
B,126,ILE,sidechain,B,110,LEU,sidechain,4.436769364536228
B,126,ILE,sidechain,B,111,CYS,sidechain,2.0671867758210394
B,126,ILE,sidechain,B,122,LEU,sidechain,2.545968339715194
B,126,ILE,sidechain,B,130,MET,sidechain,1.593429001138618
B,127,ALA,sidechain,B,13,LEU,sidechain,1.4910591639752786
B,127,ALA,sidechain,B,24,TRP,sidechain,1.8097920800925849
B,129,TRP,sidechain,B,80,TYR,sidechain,9.192161632021033
B,129,TRP,sidechain,B,83,PHE,sidechain,7.181840486216857
B,129,TRP,sidechain,B,84,GLU,sidechain,3.5307737897324762
B,129,TRP,sidechain,B,87,VAL,sidechain,3.0968167815631804
B,129,TRP,sidechain,B,133,TYR,sidechain,5.4391448992605165
B,130,MET,sidechain,B,9,VAL,sidechain,5.27779359531206
B,130,MET,sidechain,B,13,LEU,sidechain,2.110669659597895
B,130,MET,sidechain,B,83,PHE,sidechain,2.600124528943048
B,130,MET,sidechain,B,103,PHE,sidechain,6.377626385599074
B,130,MET,sidechain,B,104,PHE,sidechain,3.580036641330527
B,130,MET,sidechain,B,126,ILE,sidechain,1.593429001138618
B,131,ALA,sidechain,B,6,ARG,sidechain,2.188536646000083
B,131,ALA,sidechain,B,9,VAL,sidechain,1.502310102431324
B,133,TYR,sidechain,B,87,VAL,sidechain,7.29259016800971
B,133,TYR,sidechain,B,88,ASN,sidechain,6.006783291251459
B,133,TYR,sidechain,B,91,PHE,sidechain,5.738851918124487
B,133,TYR,sidechain,B,103,PHE,sidechain,4.364240782950676
B,133,TYR,sidechain,B,129,TRP,sidechain,5.4391448992605165
B,133,TYR,sidechain,B,137,HIS,sidechain,17.634435288684333
B,133,TYR,sidechain,B,138,LEU,sidechain,4.367044968198936
B,134,LEU,sidechain,B,5,ASN,sidechain,5.993316404373708
B,134,LEU,sidechain,B,9,VAL,sidechain,1.3629087450041348
B,134,LEU,sidechain,B,104,PHE,sidechain,2.641759591015377
B,134,LEU,sidechain,B,138,LEU,sidechain,3.0541536506699205
B,134,LEU,sidechain,B,142,ILE,sidechain,0.8820674341014324
B,135,ASN,sidechain,B,5,ASN,sidechain,5.487476064606051
B,135,ASN,sidechain,B,139,GLU,sidechain,3.5027448103727434
B,137,HIS,sidechain,B,133,TYR,sidechain,17.634435288684333
B,138,LEU,sidechain,B,91,PHE,sidechain,9.122925332702676
B,138,LEU,sidechain,B,95,VAL,sidechain,1.6967163650515327
B,138,LEU,sidechain,B,100,ILE,sidechain,2.5301975112006048
B,138,LEU,sidechain,B,103,PHE,sidechain,2.8649398101143144
B,138,LEU,sidechain,B,133,TYR,sidechain,4.367044968198936
B,138,LEU,sidechain,B,134,LEU,sidechain,3.0541536506699205
B,138,LEU,sidechain,B,142,ILE,sidechain,0.903746971217615
B,139,GLU,sidechain,B,5,ASN,sidechain,7.058242435140496
B,139,GLU,sidechain,B,135,ASN,sidechain,3.5027448103727434
B,139,GLU,sidechain,B,143,GLN,sidechain,3.1710081697267642
B,141,TRP,sidechain,B,95,VAL,sidechain,15.714539218104681
B,141,TRP,sidechain,B,97,TRP,sidechain,11.52438734742951
B,141,TRP,sidechain,B,100,ILE,sidechain,2.113061909757278
B,141,TRP,sidechain,B,145,ASN,sidechain,18.393877090561126
B,142,ILE,sidechain,B,97,TRP,sidechain,4.603609818466642
B,142,ILE,sidechain,B,100,ILE,sidechain,1.5116442796587177
B,142,ILE,sidechain,B,134,LEU,sidechain,0.8820674341014324
B,142,ILE,sidechain,B,138,LEU,sidechain,0.903746971217615
B,142,ILE,sidechain,B,148,TRP,sidechain,8.01884692286272
B,143,GLN,sidechain,B,139,GLU,sidechain,3.1710081697267642
B,145,ASN,sidechain,B,97,TRP,sidechain,2.564026624895714
B,145,ASN,sidechain,B,141,TRP,sidechain,18.393877090561126
B,148,TRP,sidechain,B,1,MET,sidechain,2.534295801861916
B,148,TRP,sidechain,B,5,ASN,sidechain,3.8654286020799624
B,148,TRP,sidechain,B,8,LEU,sidechain,4.4369146557422905
B,148,TRP,sidechain,B,46,VAL,sidechain,9.631291296952437
B,148,TRP,sidechain,B,97,TRP,sidechain,5.649278577456247
B,148,TRP,sidechain,B,142,ILE,sidechain,8.01884692286272
B,148,TRP,sidechain,B,151,PHE,sidechain,5.808908627627211
B,150,THR,sidechain,B,97,TRP,sidechain,4.011656422504688
B,151,PHE,sidechain,B,49,ALA,sidechain,2.4536229587883933
B,151,PHE,sidechain,B,50,LEU,sidechain,2.6209578549050154
B,151,PHE,sidechain,B,53,ALA,sidechain,1.7172837435046893
B,151,PHE,sidechain,B,97,TRP,sidechain,9.335373411017265
B,151,PHE,sidechain,B,101,VAL,sidechain,2.421072057886476
B,151,PHE,sidechain,B,148,TRP,sidechain,5.808908627627211
B,151,PHE,sidechain,B,155,TYR,sidechain,8.461450510396574
B,152,VAL,sidechain,B,45,ALA,sidechain,1.5345981533970874
B,152,VAL,sidechain,B,46,VAL,sidechain,2.228324943578849
B,152,VAL,sidechain,B,49,ALA,sidechain,1.836501604728969
B,155,TYR,sidechain,B,49,ALA,sidechain,0.9122202505412276
B,155,TYR,sidechain,B,52,GLU,sidechain,2.486131881900004
B,155,TYR,sidechain,B,53,ALA,sidechain,5.125687656751981
B,155,TYR,sidechain,B,151,PHE,sidechain,8.461450510396574
