SYSTEM,5,ASN,ND2,SYSTEM,135,ASN,OD1,8.597914020859792
SYSTEM,5,ASN,ND2,SYSTEM,139,GLU,OE1,5.351946480535195
SYSTEM,6,ARG,NE,SYSTEM,7,GLU,OE1,0.03199968000319997
SYSTEM,6,ARG,NH2,SYSTEM,7,GLU,OE1,0.037999620003799965
SYSTEM,6,ARG,NH2,SYSTEM,7,GLU,OE2,0.010999890001099988
SYSTEM,16,LYS,NZ,SYSTEM,55,ASP,OD2,12.045879541204588
SYSTEM,16,LYS,NZ,SYSTEM,58,GLU,OE1,26.79473205267947
SYSTEM,25,SER,OG,SYSTEM,31,GLU,OE2,2.607973920260797
SYSTEM,33,ASN,ND2,SYSTEM,32,GLU,OE2,0.7049929500704993
SYSTEM,47,LYS,NZ,SYSTEM,11,ASP,OD1,3.505964940350596
SYSTEM,47,LYS,NZ,SYSTEM,11,ASP,OD2,3.354966450335497
SYSTEM,48,GLN,NE2,SYSTEM,157,ASN,OD1,3.1649683503164967
SYSTEM,51,ARG,NH2,SYSTEM,11,ASP,OD1,75.63424365756343
SYSTEM,62,ARG,NE,SYSTEM,58,GLU,OE2,0.5909940900590994
SYSTEM,62,ARG,NH2,SYSTEM,58,GLU,OE1,1.8039819601803981
SYSTEM,62,ARG,NH2,SYSTEM,58,GLU,OE2,1.7719822801771983
SYSTEM,69,THR,OG1,SYSTEM,113,GLU,OE1,5.938940610593894
SYSTEM,69,THR,OG1,SYSTEM,113,GLU,OE2,5.816941830581694
SYSTEM,71,GLN,NE2,SYSTEM,89,GLU,OE1,5.903940960590394
SYSTEM,80,TYR,OH,SYSTEM,84,GLU,OE2,15.208847911520884
SYSTEM,92,ARG,NE,SYSTEM,89,GLU,OE2,41.82058179418206
SYSTEM,92,ARG,NH1,SYSTEM,88,ASN,OD1,0.8559914400855991
SYSTEM,92,ARG,NH2,SYSTEM,89,GLU,OE2,42.910570894291055
SYSTEM,92,ARG,NH2,SYSTEM,88,ASN,OD1,0.7929920700792992
SYSTEM,114,SER,OG,SYSTEM,119,MET,SD,0.009999900000999989
SYSTEM,137,HIS,NE2,SYSTEM,84,GLU,OE2,28.710712892871072
SYSTEM,157,ASN,ND2,SYSTEM,52,GLU,OE1,33.26066739332607
SYSTEM,157,ASN,ND2,SYSTEM,52,GLU,OE2,32.84867151328486
SYSTEM,164,ARG,NE,SYSTEM,56,GLU,OE1,4.995950040499595
SYSTEM,164,ARG,NH1,SYSTEM,52,GLU,OE1,19.93380066199338
SYSTEM,164,ARG,NH1,SYSTEM,52,GLU,OE2,22.23177768222318
SYSTEM,164,ARG,NH2,SYSTEM,56,GLU,OE1,5.361946380536194
SYSTEM,164,ARG,NH2,SYSTEM,52,GLU,OE1,22.310776892231075
SYSTEM,167,GLN,NE2,SYSTEM,56,GLU,OE1,0.22799772002279978
SYSTEM,167,GLN,NE2,SYSTEM,56,GLU,OE2,0.2179978200217998
SYSTEM,16,LYS,NZ,SYSTEM,58,GLU,OE2,27.002729972700273
SYSTEM,19,GLN,NE2,SYSTEM,18,SER,OG,0.1949980500194998
SYSTEM,51,ARG,NE,SYSTEM,11,ASP,OD1,36.45563544364556
SYSTEM,51,ARG,NH2,SYSTEM,11,ASP,OD2,80.85919140808592
SYSTEM,88,ASN,ND2,SYSTEM,133,TYR,OH,3.2949670503294968
SYSTEM,99,ARG,NH1,SYSTEM,61,TYR,OH,2.948970510294897
SYSTEM,135,ASN,ND2,SYSTEM,136,ASP,OD1,7.568924310756893
SYSTEM,137,HIS,NE2,SYSTEM,84,GLU,OE1,29.56870431295687
SYSTEM,164,ARG,NE,SYSTEM,56,GLU,OE2,4.889951100488995
SYSTEM,16,LYS,NZ,SYSTEM,55,ASP,OD2,12.234877651223487
SYSTEM,24,TRP,NE1,SYSTEM,28,SER,OG,9.79890201097989
SYSTEM,78,THR,OG1,SYSTEM,75,THR,OG1,0.34799652003479964
SYSTEM,92,ARG,NE,SYSTEM,89,GLU,OE1,42.198578014219855
SYSTEM,92,ARG,NH2,SYSTEM,89,GLU,OE1,42.920570794292054
SYSTEM,25,SER,OG,SYSTEM,31,GLU,OE1,2.6399736002639975
SYSTEM,71,GLN,NE2,SYSTEM,89,GLU,OE2,5.707942920570795
SYSTEM,143,GLN,NE2,SYSTEM,139,GLU,OE2,4.702952970470296
SYSTEM,148,TRP,NE1,SYSTEM,5,ASN,OD1,37.081629183708166
SYSTEM,164,ARG,NH2,SYSTEM,56,GLU,OE2,5.2289477105228945
SYSTEM,97,TRP,NE1,SYSTEM,145,ASN,OD1,7.852921470785292
SYSTEM,80,TYR,OH,SYSTEM,84,GLU,OE1,16.281837181628184
SYSTEM,80,TYR,OH,SYSTEM,137,HIS,NE2,6.9349306506934925
SYSTEM,120,GLN,NE2,SYSTEM,26,GLN,OE1,3.211967880321197
SYSTEM,15,TYR,OH,SYSTEM,55,ASP,OD1,28.025719742802575
SYSTEM,135,ASN,ND2,SYSTEM,136,ASP,OD2,6.6519334806651935
SYSTEM,167,GLN,NE2,SYSTEM,168,GLU,OE2,0.05899941000589994
SYSTEM,60,ARG,NH1,SYSTEM,56,GLU,OE2,6.8579314206857935
SYSTEM,60,ARG,NH1,SYSTEM,167,GLN,OE1,0.0949990500094999
SYSTEM,81,GLN,NE2,SYSTEM,85,GLN,NE2,0.8049919500804992
SYSTEM,5,ASN,ND2,SYSTEM,139,GLU,OE2,5.408945910540894
SYSTEM,6,ARG,NH2,SYSTEM,35,THR,OG1,0.04899951000489995
SYSTEM,41,THR,OG1,SYSTEM,39,GLU,OE1,8.54891451085489
SYSTEM,60,ARG,NH1,SYSTEM,167,GLN,OE1,0.003999960000399996
SYSTEM,117,LYS,NZ,SYSTEM,113,GLU,OE1,11.892881071189288
SYSTEM,16,LYS,NZ,SYSTEM,55,ASP,OD1,12.078879211207887
SYSTEM,19,GLN,NE2,SYSTEM,15,TYR,OH,5.973940260597394
SYSTEM,143,GLN,NE2,SYSTEM,139,GLU,OE1,4.366956330436696
SYSTEM,6,ARG,NH1,SYSTEM,35,THR,OG1,0.014999850001499985
SYSTEM,15,TYR,OH,SYSTEM,19,GLN,NE2,1.4629853701462985
SYSTEM,16,LYS,NZ,SYSTEM,55,ASP,OD1,11.809881901180988
SYSTEM,47,LYS,NZ,SYSTEM,11,ASP,OD1,5.315946840531595
SYSTEM,47,LYS,NZ,SYSTEM,11,ASP,OD2,3.9939600603993957
SYSTEM,16,LYS,NZ,SYSTEM,58,GLU,OE1,27.553724462755376
SYSTEM,16,LYS,NZ,SYSTEM,58,GLU,OE2,27.607723922760773
SYSTEM,16,LYS,NZ,SYSTEM,55,ASP,OD1,11.317886821131788
SYSTEM,16,LYS,NZ,SYSTEM,58,GLU,OE1,27.26772732272677
SYSTEM,16,LYS,NZ,SYSTEM,58,GLU,OE2,26.982730172698272
SYSTEM,25,SER,OG,SYSTEM,23,SER,OG,2.6239737602623974
SYSTEM,26,GLN,NE2,SYSTEM,120,GLN,OE1,4.647953520464795
SYSTEM,41,THR,OG1,SYSTEM,39,GLU,OE2,8.115918840811592
SYSTEM,3,GLN,NE2,SYSTEM,36,GLU,OE1,3.1679683203167968
SYSTEM,4,SER,OG,SYSTEM,139,GLU,OE1,0.03399966000339997
SYSTEM,15,TYR,OH,SYSTEM,55,ASP,OD2,27.781722182778175
SYSTEM,3,GLN,NE2,SYSTEM,36,GLU,OE2,3.114968850311497
SYSTEM,60,ARG,NH2,SYSTEM,61,TYR,OH,2.7509724902750974
SYSTEM,137,HIS,NE2,SYSTEM,80,TYR,OH,11.323886761132389
SYSTEM,6,ARG,NH1,SYSTEM,3,GLN,NE2,0.06999930000699993
SYSTEM,19,GLN,NE2,SYSTEM,15,TYR,OH,7.170928290717093
SYSTEM,60,ARG,NH1,SYSTEM,61,TYR,OH,10.995890041099589
SYSTEM,164,ARG,NH2,SYSTEM,52,GLU,OE2,24.521754782452177
SYSTEM,6,ARG,NH1,SYSTEM,3,GLN,OE1,0.14699853001469984
SYSTEM,6,ARG,NH2,SYSTEM,3,GLN,OE1,0.5849941500584994
SYSTEM,47,LYS,NZ,SYSTEM,7,GLU,OE2,21.810781892181076
SYSTEM,47,LYS,NZ,SYSTEM,11,ASP,OD2,3.5689643103568964
SYSTEM,99,ARG,NH1,SYSTEM,93,ASP,OD2,35.14564854351456
SYSTEM,99,ARG,NH2,SYSTEM,93,ASP,OD2,33.74466255337447
SYSTEM,62,ARG,NE,SYSTEM,58,GLU,OE1,0.6039939600603994
SYSTEM,3,GLN,NE2,SYSTEM,35,THR,OG1,0.1879981200187998
SYSTEM,135,ASN,ND2,SYSTEM,2,SER,OG,5.969940300596994
SYSTEM,35,THR,OG1,SYSTEM,3,GLN,OE1,0.4049959500404996
SYSTEM,99,ARG,NH1,SYSTEM,93,ASP,OD1,34.362656373436266
SYSTEM,99,ARG,NH2,SYSTEM,93,ASP,OD1,33.18266817331827
SYSTEM,3,GLN,NE2,SYSTEM,35,THR,OG1,0.5099949000509996
SYSTEM,6,ARG,NH1,SYSTEM,33,ASN,OD1,0.6699933000669993
SYSTEM,120,GLN,NE2,SYSTEM,29,ASP,OD1,0.8149918500814992
SYSTEM,6,ARG,NE,SYSTEM,7,GLU,OE2,0.000999990000099999
SYSTEM,22,TYR,OH,SYSTEM,116,ASP,OD2,7.5529244707552925
SYSTEM,26,GLN,NE2,SYSTEM,23,SER,OG,0.8179918200817992
SYSTEM,125,ARG,NH2,SYSTEM,32,GLU,OE2,0.3229967700322997
SYSTEM,24,TRP,NE1,SYSTEM,33,ASN,OD1,11.139888601113988
SYSTEM,88,ASN,ND2,SYSTEM,89,GLU,OE1,0.3619963800361996
SYSTEM,124,SER,OG,SYSTEM,29,ASP,OD2,8.398916010839892
SYSTEM,28,SER,OG,SYSTEM,33,ASN,OD1,4.209957900420996
SYSTEM,60,ARG,NE,SYSTEM,61,TYR,OH,5.703942960570394
SYSTEM,26,GLN,NE2,SYSTEM,120,GLN,NE2,1.978980210197898
SYSTEM,60,ARG,NH1,SYSTEM,56,GLU,OE1,8.284917150828491
SYSTEM,120,GLN,NE2,SYSTEM,26,GLN,NE2,1.046989530104699
SYSTEM,124,SER,OG,SYSTEM,29,ASP,OD1,9.27990720092799
SYSTEM,51,ARG,NH1,SYSTEM,15,TYR,OH,0.17399826001739982
SYSTEM,117,LYS,NZ,SYSTEM,113,GLU,OE1,12.162878371216287
SYSTEM,6,ARG,NH2,SYSTEM,33,ASN,OD1,0.5479945200547995
SYSTEM,164,ARG,NH1,SYSTEM,52,GLU,OE2,0.10799892001079989
SYSTEM,117,LYS,NZ,SYSTEM,113,GLU,OE2,12.286877131228687
SYSTEM,133,TYR,OH,SYSTEM,137,HIS,ND1,0.9809901900980991
SYSTEM,117,LYS,NZ,SYSTEM,113,GLU,OE2,12.371876281237187
SYSTEM,71,GLN,NE2,SYSTEM,67,ASP,OD2,1.2719872801271987
SYSTEM,71,GLN,NE2,SYSTEM,67,ASP,OD1,1.2729872701272988
SYSTEM,6,ARG,NH2,SYSTEM,33,ASN,OD1,6.047939520604794
SYSTEM,117,LYS,NZ,SYSTEM,113,GLU,OE1,12.703872961270388
SYSTEM,157,ASN,ND2,SYSTEM,48,GLN,NE2,2.4229757702422976
SYSTEM,4,SER,OG,SYSTEM,42,GLU,OE1,0.965990340096599
SYSTEM,47,LYS,NZ,SYSTEM,11,ASP,OD1,4.050959490405096
SYSTEM,117,LYS,NZ,SYSTEM,113,GLU,OE2,12.724872751272487
SYSTEM,125,ARG,NH1,SYSTEM,124,SER,OG,0.2249977500224998
SYSTEM,148,TRP,NE1,SYSTEM,139,GLU,OE1,1.3389866101338985
SYSTEM,35,THR,OG1,SYSTEM,3,GLN,NE2,0.19199808001919982
SYSTEM,125,ARG,NH1,SYSTEM,29,ASP,OD2,0.024999750002499977
SYSTEM,120,GLN,NE2,SYSTEM,118,GLU,OE2,0.43699563004369957
SYSTEM,20,LYS,NZ,SYSTEM,58,GLU,OE2,3.5369646303536966
SYSTEM,16,LYS,NZ,SYSTEM,55,ASP,OD2,12.328876711232887
SYSTEM,81,GLN,NE2,SYSTEM,82,SER,OG,0.2889971100288997
SYSTEM,4,SER,OG,SYSTEM,42,GLU,OE2,1.081989180108199
SYSTEM,51,ARG,NH1,SYSTEM,11,ASP,OD1,0.3429965700342996
SYSTEM,51,ARG,NH2,SYSTEM,11,ASP,OD1,0.9569904300956991
SYSTEM,51,ARG,NH2,SYSTEM,11,ASP,OD2,0.7549924500754992
SYSTEM,133,TYR,OH,SYSTEM,137,HIS,NE2,0.23799762002379973
SYSTEM,22,TYR,OH,SYSTEM,116,ASP,OD1,8.118918810811891
SYSTEM,60,ARG,NH1,SYSTEM,61,TYR,OH,0.3289967100328997
SYSTEM,165,LYS,NZ,SYSTEM,168,GLU,OE1,3.187968120318797
SYSTEM,47,LYS,NZ,SYSTEM,44,GLU,OE2,14.473855261447385
SYSTEM,80,TYR,OH,SYSTEM,136,ASP,OD1,0.4099959000409996
SYSTEM,167,GLN,NE2,SYSTEM,163,SER,OG,0.5879941200587994
SYSTEM,47,LYS,NZ,SYSTEM,44,GLU,OE1,14.407855921440785
SYSTEM,47,LYS,NZ,SYSTEM,44,GLU,OE2,14.048859511404885
SYSTEM,6,ARG,NH2,SYSTEM,29,ASP,OD2,0.3739962600373996
SYSTEM,47,LYS,NZ,SYSTEM,44,GLU,OE1,15.334846651533486
SYSTEM,43,SER,OG,SYSTEM,7,GLU,OE1,16.839831601683983
SYSTEM,43,SER,OG,SYSTEM,7,GLU,OE2,16.794832051679485
SYSTEM,165,LYS,NZ,SYSTEM,168,GLU,OE2,3.2039679603203965
SYSTEM,6,ARG,NH1,SYSTEM,29,ASP,OD1,0.33199668003319965
SYSTEM,6,ARG,NH2,SYSTEM,29,ASP,OD1,0.4359956400435996
SYSTEM,157,ASN,ND2,SYSTEM,48,GLN,OE1,3.1949680503194964
SYSTEM,165,LYS,NZ,SYSTEM,168,GLU,OE2,3.087969120308797
SYSTEM,165,LYS,NZ,SYSTEM,168,GLU,OE1,3.091969080309197
SYSTEM,47,LYS,NZ,SYSTEM,44,GLU,OE1,14.320856791432085
SYSTEM,47,LYS,NZ,SYSTEM,44,GLU,OE2,14.384856151438486
SYSTEM,165,LYS,NZ,SYSTEM,168,GLU,OE2,2.711972880271197
SYSTEM,165,LYS,NZ,SYSTEM,168,GLU,OE1,2.811971880281197
SYSTEM,51,ARG,NH1,SYSTEM,11,ASP,OD2,0.2189978100218998
SYSTEM,18,SER,OG,SYSTEM,14,SER,OG,4.6859531404685955
SYSTEM,34,ARG,NH1,SYSTEM,31,GLU,OE2,2.5589744102558973
SYSTEM,125,ARG,NH1,SYSTEM,29,ASP,OD1,0.00899991000089999
SYSTEM,125,ARG,NH1,SYSTEM,32,GLU,OE1,0.2859971400285997
SYSTEM,125,ARG,NH2,SYSTEM,32,GLU,OE1,0.3179968200317997
SYSTEM,51,ARG,NH1,SYSTEM,48,GLN,OE1,4.852951470485295
SYSTEM,99,ARG,NH1,SYSTEM,61,TYR,OH,0.6009939900600993
SYSTEM,125,ARG,NH1,SYSTEM,32,GLU,OE2,0.3099969000309997
SYSTEM,62,ARG,NH1,SYSTEM,58,GLU,OE2,1.6539834601653984
SYSTEM,6,ARG,NH2,SYSTEM,32,GLU,OE1,4.319956800431996
SYSTEM,62,ARG,NH2,SYSTEM,58,GLU,OE2,1.4309856901430986
SYSTEM,169,ARG,NE,SYSTEM,168,GLU,OE2,0.11599884001159988
SYSTEM,145,ASN,ND2,SYSTEM,144,GLU,OE2,1.4999850001499984
SYSTEM,51,ARG,NH1,SYSTEM,48,GLN,NE2,0.8859911400885991
SYSTEM,120,GLN,NE2,SYSTEM,118,GLU,OE1,0.4819951800481995
SYSTEM,70,SER,OG,SYSTEM,67,ASP,OD2,0.22299777002229978
SYSTEM,143,GLN,NE2,SYSTEM,139,GLU,OE2,0.4629953700462996
SYSTEM,145,ASN,ND2,SYSTEM,144,GLU,OE1,1.5029849701502986
SYSTEM,47,LYS,NZ,SYSTEM,7,GLU,OE1,18.20681793182068
SYSTEM,125,ARG,NH1,SYSTEM,29,ASP,OD1,0.044999550004499955
SYSTEM,3,GLN,NE2,SYSTEM,7,GLU,OE2,0.6729932700672994
SYSTEM,47,LYS,NZ,SYSTEM,39,GLU,OE1,0.931990680093199
SYSTEM,60,ARG,NH1,SYSTEM,167,GLN,NE2,0.04699953000469995
SYSTEM,47,LYS,NZ,SYSTEM,39,GLU,OE2,0.9179908200917991
SYSTEM,51,ARG,NE,SYSTEM,11,ASP,OD2,47.93552064479355
SYSTEM,120,GLN,NE2,SYSTEM,26,GLN,OE1,1.8589814101858984
SYSTEM,60,ARG,NH2,SYSTEM,167,GLN,NE2,0.07099929000709992
SYSTEM,6,ARG,NH1,SYSTEM,3,GLN,OE1,5.5039449605503945
SYSTEM,47,LYS,NZ,SYSTEM,7,GLU,OE2,21.40578594214058
SYSTEM,19,GLN,NE2,SYSTEM,55,ASP,OD1,0.03399966000339997
SYSTEM,47,LYS,NZ,SYSTEM,7,GLU,OE1,18.80881191188088
SYSTEM,60,ARG,NH2,SYSTEM,167,GLN,OE1,0.11999880001199988
SYSTEM,43,SER,OG,SYSTEM,4,SER,OG,0.8359916400835992
SYSTEM,51,ARG,NH1,SYSTEM,48,GLN,OE1,0.3869961300386996
SYSTEM,48,GLN,NE2,SYSTEM,52,GLU,OE1,0.5309946900530995
SYSTEM,85,GLN,NE2,SYSTEM,82,SER,OG,0.36299637003629964
SYSTEM,99,ARG,NH2,SYSTEM,93,ASP,OD2,1.6069839301606985
SYSTEM,34,ARG,NH2,SYSTEM,31,GLU,OE2,2.3629763702362974
SYSTEM,34,ARG,NH1,SYSTEM,31,GLU,OE1,2.6199738002619974
SYSTEM,47,LYS,NZ,SYSTEM,7,GLU,OE2,19.54580454195458
SYSTEM,117,LYS,NZ,SYSTEM,116,ASP,OD2,3.422965770342296
SYSTEM,124,SER,OG,SYSTEM,28,SER,OG,1.7399826001739984
SYSTEM,28,SER,OG,SYSTEM,124,SER,OG,4.643953560464396
SYSTEM,16,LYS,NZ,SYSTEM,19,GLN,OE1,14.329856701432986
SYSTEM,16,LYS,NZ,SYSTEM,19,GLN,NE2,9.50990490095099
SYSTEM,19,GLN,NE2,SYSTEM,55,ASP,OD1,30.91869081309187
SYSTEM,19,GLN,NE2,SYSTEM,55,ASP,OD2,30.93969060309397
SYSTEM,75,THR,OG1,SYSTEM,78,THR,OG1,0.049999500004999954
SYSTEM,16,LYS,NZ,SYSTEM,19,GLN,NE2,9.68790312096879
SYSTEM,99,ARG,NH2,SYSTEM,93,ASP,OD1,1.3179868201317988
SYSTEM,80,TYR,OH,SYSTEM,136,ASP,OD2,0.44399556004439955
SYSTEM,169,ARG,NH1,SYSTEM,162,GLU,OE1,1.5279847201527985
SYSTEM,169,ARG,NH2,SYSTEM,162,GLU,OE1,1.5759842401575983
SYSTEM,169,ARG,NH1,SYSTEM,162,GLU,OE2,1.4949850501494986
SYSTEM,169,ARG,NH2,SYSTEM,162,GLU,OE2,1.5659843401565985
SYSTEM,137,HIS,NE2,SYSTEM,136,ASP,OD2,0.09299907000929991
SYSTEM,19,GLN,NE2,SYSTEM,58,GLU,OE2,1.2859871401285987
SYSTEM,133,TYR,OH,SYSTEM,88,ASN,OD1,54.43445565544345
SYSTEM,33,ASN,ND2,SYSTEM,28,SER,OG,2.5369746302536975
SYSTEM,99,ARG,NH2,SYSTEM,61,TYR,OH,0.7479925200747992
SYSTEM,70,SER,OG,SYSTEM,69,THR,OG1,0.2989970100298997
SYSTEM,6,ARG,NH2,SYSTEM,124,SER,OG,2.985970140298597
SYSTEM,120,GLN,NE2,SYSTEM,26,GLN,NE2,3.074969250307497
SYSTEM,66,SER,OG,SYSTEM,113,GLU,OE1,0.027999720002799974
SYSTEM,88,ASN,ND2,SYSTEM,89,GLU,OE2,0.3959960400395996
SYSTEM,35,THR,OG1,SYSTEM,36,GLU,OE2,0.011999880001199989
SYSTEM,3,GLN,NE2,SYSTEM,7,GLU,OE1,0.7609923900760992
SYSTEM,63,ARG,NE,SYSTEM,67,ASP,OD1,14.356856431435686
SYSTEM,63,ARG,NH2,SYSTEM,67,ASP,OD1,14.545854541454586
SYSTEM,63,ARG,NH2,SYSTEM,67,ASP,OD2,14.575854241457586
SYSTEM,16,LYS,NZ,SYSTEM,19,GLN,NE2,9.51290487095129
SYSTEM,63,ARG,NE,SYSTEM,67,ASP,OD2,14.385856141438586
SYSTEM,26,GLN,NE2,SYSTEM,120,GLN,NE2,1.213987860121399
SYSTEM,117,LYS,NZ,SYSTEM,116,ASP,OD2,2.943970560294397
SYSTEM,69,THR,OG1,SYSTEM,70,SER,OG,0.049999500004999954
SYSTEM,124,SER,OG,SYSTEM,32,GLU,OE1,0.6589934100658994
SYSTEM,124,SER,OG,SYSTEM,32,GLU,OE2,0.6629933700662993
SYSTEM,26,GLN,NE2,SYSTEM,120,GLN,OE1,2.607973920260797
SYSTEM,16,LYS,NZ,SYSTEM,19,GLN,OE1,14.805851941480586
SYSTEM,51,ARG,NH1,SYSTEM,48,GLN,NE2,0.21599784002159977
SYSTEM,88,ASN,ND2,SYSTEM,84,GLU,OE2,2.2129778702212977
SYSTEM,117,LYS,NZ,SYSTEM,116,ASP,OD1,2.5159748402515976
SYSTEM,16,LYS,NZ,SYSTEM,19,GLN,OE1,14.459855401445987
SYSTEM,23,SER,OG,SYSTEM,25,SER,OG,6.554934450655494
SYSTEM,34,ARG,NH1,SYSTEM,32,GLU,OE1,0.5569944300556995
SYSTEM,75,THR,OG1,SYSTEM,73,HIS,ND1,0.014999850001499985
SYSTEM,88,ASN,ND2,SYSTEM,133,TYR,OH,3.3639663603363963
SYSTEM,6,ARG,NH2,SYSTEM,28,SER,OG,1.7549824501754983
SYSTEM,143,GLN,NE2,SYSTEM,144,GLU,OE2,0.14099859001409984
SYSTEM,88,ASN,ND2,SYSTEM,137,HIS,ND1,0.21399786002139978
SYSTEM,75,THR,OG1,SYSTEM,73,HIS,NE2,0.7669923300766992
SYSTEM,82,SER,OG,SYSTEM,81,GLN,OE1,0.15799842001579983
SYSTEM,169,ARG,NE,SYSTEM,168,GLU,OE1,0.13399866001339988
SYSTEM,20,LYS,NZ,SYSTEM,116,ASP,OD1,8.058919410805892
SYSTEM,20,LYS,NZ,SYSTEM,116,ASP,OD2,7.682923170768293
SYSTEM,20,LYS,NZ,SYSTEM,22,TYR,OH,0.01799982000179998
SYSTEM,97,TRP,NE1,SYSTEM,150,THR,OG1,3.4199658003419966
SYSTEM,47,LYS,NZ,SYSTEM,7,GLU,OE1,16.556834431655684
SYSTEM,169,ARG,NH2,SYSTEM,168,GLU,OE1,0.11699883001169988
SYSTEM,169,ARG,NH2,SYSTEM,168,GLU,OE2,0.07799922000779992
SYSTEM,20,LYS,NZ,SYSTEM,22,TYR,OH,0.03599964000359996
SYSTEM,20,LYS,NZ,SYSTEM,116,ASP,OD1,8.397916020839792
SYSTEM,20,LYS,NZ,SYSTEM,22,TYR,OH,0.024999750002499977
SYSTEM,34,ARG,NH1,SYSTEM,32,GLU,OE2,0.5699943000569995
SYSTEM,34,ARG,NH2,SYSTEM,32,GLU,OE2,0.4729952700472996
SYSTEM,82,SER,OG,SYSTEM,85,GLN,OE1,0.20699793002069977
SYSTEM,63,ARG,NH1,SYSTEM,66,SER,OG,0.049999500004999954
SYSTEM,63,ARG,NH2,SYSTEM,66,SER,OG,0.08699913000869991
SYSTEM,117,LYS,NZ,SYSTEM,73,HIS,ND1,0.02999970000299997
SYSTEM,88,ASN,ND2,SYSTEM,84,GLU,OE1,2.045979540204598
SYSTEM,20,LYS,NZ,SYSTEM,58,GLU,OE1,3.881961180388196
SYSTEM,20,LYS,NZ,SYSTEM,58,GLU,OE2,3.8879611203887965
SYSTEM,63,ARG,NH2,SYSTEM,70,SER,OG,0.030999690003099968
SYSTEM,82,SER,OG,SYSTEM,78,THR,OG1,5.615943840561594
SYSTEM,88,ASN,ND2,SYSTEM,137,HIS,NE2,0.7619923800761992
SYSTEM,20,LYS,NZ,SYSTEM,58,GLU,OE2,4.8849511504884955
SYSTEM,20,LYS,NZ,SYSTEM,58,GLU,OE1,3.5149648503514963
SYSTEM,117,LYS,NZ,SYSTEM,73,HIS,ND1,0.01799982000179998
SYSTEM,6,ARG,NH2,SYSTEM,124,SER,OG,0.4149958500414995
SYSTEM,148,TRP,NE1,SYSTEM,139,GLU,OE2,1.8259817401825984
SYSTEM,99,ARG,NE,SYSTEM,93,ASP,OD1,0.4979950200497995
SYSTEM,51,ARG,NH2,SYSTEM,48,GLN,OE1,0.07599924000759993
SYSTEM,4,SER,OG,SYSTEM,43,SER,OG,0.31999680003199965
SYSTEM,63,ARG,NE,SYSTEM,66,SER,OG,0.15099849001509985
SYSTEM,24,TRP,NE1,SYSTEM,124,SER,OG,2.927970720292797
SYSTEM,23,SER,OG,SYSTEM,26,GLN,OE1,1.2159878401215989
SYSTEM,143,GLN,NE2,SYSTEM,139,GLU,OE1,0.5079949200507995
SYSTEM,20,LYS,NZ,SYSTEM,116,ASP,OD2,8.062919370806291
SYSTEM,22,TYR,OH,SYSTEM,120,GLN,NE2,0.3019969800301997
SYSTEM,22,TYR,OH,SYSTEM,120,GLN,OE1,1.2159878401215989
SYSTEM,169,ARG,NH1,SYSTEM,168,GLU,OE2,0.04899951000489995
SYSTEM,164,ARG,NH1,SYSTEM,52,GLU,OE1,0.022999770002299975
SYSTEM,19,GLN,NE2,SYSTEM,58,GLU,OE1,1.2709872901270987
SYSTEM,43,SER,OG,SYSTEM,5,ASN,OD1,0.0029999700002999972
SYSTEM,60,ARG,NH2,SYSTEM,61,TYR,OH,0.6639933600663993
SYSTEM,51,ARG,NH2,SYSTEM,48,GLN,NE2,0.011999880001199989
SYSTEM,15,TYR,OH,SYSTEM,19,GLN,OE1,0.21399786002139978
SYSTEM,60,ARG,NH1,SYSTEM,155,TYR,OH,0.00899991000089999
SYSTEM,20,LYS,NZ,SYSTEM,116,ASP,OD1,8.182918170818292
SYSTEM,20,LYS,NZ,SYSTEM,116,ASP,OD2,7.8899211007889924
SYSTEM,43,SER,OG,SYSTEM,42,GLU,OE2,0.13699863001369988
SYSTEM,43,SER,OG,SYSTEM,149,ASP,OD1,0.0049999500004999945
SYSTEM,43,SER,OG,SYSTEM,149,ASP,OD2,0.003999960000399996
SYSTEM,120,GLN,NE2,SYSTEM,22,TYR,OH,2.940970590294097
SYSTEM,135,ASN,ND2,SYSTEM,139,GLU,OE1,7.928920710792892
SYSTEM,120,GLN,NE2,SYSTEM,22,TYR,OH,1.4759852401475986
SYSTEM,167,GLN,NE2,SYSTEM,56,GLU,OE1,0.001999980000199998
SYSTEM,167,GLN,NE2,SYSTEM,56,GLU,OE2,0.003999960000399996
SYSTEM,22,TYR,OH,SYSTEM,26,GLN,NE2,0.03399966000339997
SYSTEM,120,GLN,NE2,SYSTEM,118,GLU,OE1,0.5179948200517994
SYSTEM,120,GLN,NE2,SYSTEM,118,GLU,OE2,0.5299947000529994
SYSTEM,3,GLN,NE2,SYSTEM,7,GLU,OE1,0.09299907000929991
SYSTEM,135,ASN,ND2,SYSTEM,139,GLU,OE2,8.086919130808692
SYSTEM,117,LYS,NZ,SYSTEM,73,HIS,ND1,0.025999740002599973
SYSTEM,60,ARG,NH2,SYSTEM,155,TYR,OH,0.00899991000089999
SYSTEM,28,SER,OG,SYSTEM,32,GLU,OE1,1.115988840111599
SYSTEM,28,SER,OG,SYSTEM,32,GLU,OE2,1.028989710102899
SYSTEM,99,ARG,NE,SYSTEM,93,ASP,OD2,0.7029929700702993
SYSTEM,85,GLN,NE2,SYSTEM,84,GLU,OE2,0.14099859001409984
SYSTEM,88,ASN,ND2,SYSTEM,85,GLN,OE1,1.256987430125699
SYSTEM,85,GLN,NE2,SYSTEM,84,GLU,OE1,0.5929940700592994
SYSTEM,14,SER,OG,SYSTEM,18,SER,OG,0.11799882001179988
SYSTEM,96,ASN,ND2,SYSTEM,93,ASP,OD2,0.011999880001199989
SYSTEM,99,ARG,NH1,SYSTEM,96,ASN,OD1,5.450945490545094
SYSTEM,63,ARG,NH1,SYSTEM,66,SER,OG,0.2929970700292997
SYSTEM,85,GLN,NE2,SYSTEM,84,GLU,OE2,0.5799942000579994
SYSTEM,24,TRP,NE1,SYSTEM,32,GLU,OE2,0.18599814001859982
SYSTEM,24,TRP,NE1,SYSTEM,32,GLU,OE1,0.23199768002319976
SYSTEM,92,ARG,NH2,SYSTEM,85,GLN,OE1,0.9349906500934991
SYSTEM,92,ARG,NH1,SYSTEM,85,GLN,OE1,0.34699653003469966
SYSTEM,99,ARG,NE,SYSTEM,96,ASN,OD1,3.4639653603463967
SYSTEM,6,ARG,NH2,SYSTEM,32,GLU,OE1,5.993940060599394
SYSTEM,6,ARG,NH2,SYSTEM,32,GLU,OE2,6.070939290607094
SYSTEM,3,GLN,NE2,SYSTEM,33,ASN,OD1,1.3329866701332986
SYSTEM,85,GLN,NE2,SYSTEM,88,ASN,OD1,0.01799982000179998
SYSTEM,48,GLN,NE2,SYSTEM,44,GLU,OE2,0.8819911800881991
SYSTEM,47,LYS,NZ,SYSTEM,43,SER,OG,1.3759862401375986
SYSTEM,99,ARG,NE,SYSTEM,61,TYR,OH,2.6339736602633974
SYSTEM,4,SER,OG,SYSTEM,1,MET,SD,0.26599734002659975
SYSTEM,148,TRP,NE1,SYSTEM,143,GLN,NE2,0.12199878001219987
SYSTEM,71,GLN,NE2,SYSTEM,67,ASP,OD2,1.062989370106299
SYSTEM,99,ARG,NH2,SYSTEM,61,TYR,OH,1.0909890901090988
SYSTEM,51,ARG,NH2,SYSTEM,44,GLU,OE1,3.2009679903200965
SYSTEM,26,GLN,NE2,SYSTEM,22,TYR,OH,0.35899641003589966
SYSTEM,25,SER,OG,SYSTEM,33,ASN,OD1,0.17299827001729984
SYSTEM,43,SER,OG,SYSTEM,44,GLU,OE2,0.3149968500314997
SYSTEM,150,THR,OG1,SYSTEM,145,ASN,OD1,0.4779952200477995
SYSTEM,157,ASN,ND2,SYSTEM,52,GLU,OE1,7.227927720722793
SYSTEM,157,ASN,ND2,SYSTEM,52,GLU,OE2,7.9869201307986915
SYSTEM,3,GLN,NE2,SYSTEM,1,MET,SD,0.2989970100298997
SYSTEM,34,ARG,NH2,SYSTEM,31,GLU,OE1,2.2609773902260977
SYSTEM,34,ARG,NH2,SYSTEM,31,GLU,OE1,2.621973780262197
SYSTEM,6,ARG,NE,SYSTEM,32,GLU,OE2,5.020949790502096
SYSTEM,6,ARG,NE,SYSTEM,32,GLU,OE1,5.066949330506695
SYSTEM,2,SER,OG,SYSTEM,135,ASN,OD1,0.5039949600503995
SYSTEM,26,GLN,NE2,SYSTEM,22,TYR,OH,0.14799852001479985
SYSTEM,88,ASN,ND2,SYSTEM,85,GLN,NE2,0.44099559004409955
SYSTEM,92,ARG,NH1,SYSTEM,85,GLN,NE2,0.009999900000999989
SYSTEM,4,SER,OG,SYSTEM,7,GLU,OE2,0.3359966400335997
SYSTEM,99,ARG,NH2,SYSTEM,96,ASN,OD1,0.4549954500454995
SYSTEM,33,ASN,ND2,SYSTEM,14,SER,OG,0.976990230097699
SYSTEM,3,GLN,NE2,SYSTEM,4,SER,OG,0.013999860001399987
SYSTEM,43,SER,OG,SYSTEM,44,GLU,OE1,0.3229967700322997
SYSTEM,105,SER,OG,SYSTEM,58,GLU,OE1,0.2589974100258997
SYSTEM,6,ARG,NE,SYSTEM,33,ASN,OD1,7.714922850771493
SYSTEM,85,GLN,NE2,SYSTEM,84,GLU,OE1,0.16999830001699984
SYSTEM,6,ARG,NH2,SYSTEM,32,GLU,OE2,4.036959630403696
SYSTEM,70,SER,OG,SYSTEM,66,SER,OG,0.0989990100098999
SYSTEM,35,THR,OG1,SYSTEM,7,GLU,OE2,18.67181328186718
SYSTEM,6,ARG,NH1,SYSTEM,2,SER,OG,0.13999860001399986
SYSTEM,6,ARG,NH1,SYSTEM,2,SER,OG,0.044999550004499955
SYSTEM,35,THR,OG1,SYSTEM,36,GLU,OE1,0.009999900000999989
SYSTEM,34,ARG,NE,SYSTEM,31,GLU,OE1,2.136978630213698
SYSTEM,34,ARG,NE,SYSTEM,31,GLU,OE2,2.1059789402105977
SYSTEM,34,ARG,NH2,SYSTEM,31,GLU,OE2,2.3379766202337975
SYSTEM,60,ARG,NH1,SYSTEM,56,GLU,OE1,8.043919560804392
SYSTEM,60,ARG,NH2,SYSTEM,56,GLU,OE1,7.761922380776193
SYSTEM,60,ARG,NH2,SYSTEM,56,GLU,OE2,20.667793322066778
SYSTEM,60,ARG,NH2,SYSTEM,56,GLU,OE1,19.16980830191698
SYSTEM,60,ARG,NE,SYSTEM,56,GLU,OE1,15.632843671563284
SYSTEM,88,ASN,ND2,SYSTEM,85,GLN,NE2,0.3099969000309997
SYSTEM,51,ARG,NH2,SYSTEM,44,GLU,OE2,2.943970560294397
SYSTEM,6,ARG,NH1,SYSTEM,32,GLU,OE1,3.824961750382496
SYSTEM,60,ARG,NE,SYSTEM,56,GLU,OE2,16.694833051669484
SYSTEM,60,ARG,NH2,SYSTEM,56,GLU,OE2,5.944940550594494
SYSTEM,60,ARG,NH1,SYSTEM,56,GLU,OE2,6.383936160638394
SYSTEM,6,ARG,NH2,SYSTEM,36,GLU,OE1,0.8219917800821992
SYSTEM,169,ARG,NH1,SYSTEM,162,GLU,OE2,0.015999840001599985
SYSTEM,6,ARG,NH2,SYSTEM,36,GLU,OE2,0.933990660093399
SYSTEM,33,ASN,ND2,SYSTEM,28,SER,OG,8.87991120088799
SYSTEM,71,GLN,NE2,SYSTEM,85,GLN,OE1,0.7099929000709994
SYSTEM,43,SER,OG,SYSTEM,39,GLU,OE2,1.914980850191498
SYSTEM,60,ARG,NH2,SYSTEM,167,GLN,OE1,0.037999620003799965
SYSTEM,63,ARG,NH2,SYSTEM,66,SER,OG,0.10399896001039989
SYSTEM,6,ARG,NH2,SYSTEM,35,THR,OG1,0.9049909500904991
SYSTEM,33,ASN,ND2,SYSTEM,124,SER,OG,4.106958930410696
SYSTEM,47,LYS,NZ,SYSTEM,39,GLU,OE2,0.9009909900900991
SYSTEM,43,SER,OG,SYSTEM,39,GLU,OE1,2.227977720222798
SYSTEM,70,SER,OG,SYSTEM,67,ASP,OD1,0.20799792002079978
SYSTEM,47,LYS,NZ,SYSTEM,39,GLU,OE1,0.8529914700852992
SYSTEM,33,ASN,ND2,SYSTEM,32,GLU,OE1,0.6909930900690993
SYSTEM,3,GLN,NE2,SYSTEM,39,GLU,OE2,0.5269947300526995
SYSTEM,158,ASN,ND2,SYSTEM,162,GLU,OE2,0.001999980000199998
SYSTEM,47,LYS,NZ,SYSTEM,39,GLU,OE1,1.024989750102499
SYSTEM,3,GLN,NE2,SYSTEM,1,MET,SD,0.11699883001169988
SYSTEM,71,GLN,NE2,SYSTEM,70,SER,OG,0.05099949000509995
SYSTEM,137,HIS,NE2,SYSTEM,136,ASP,OD1,0.09299907000929991
SYSTEM,81,GLN,NE2,SYSTEM,85,GLN,OE1,0.5229947700522996
SYSTEM,85,GLN,NE2,SYSTEM,81,GLN,NE2,0.08099919000809992
SYSTEM,4,SER,OG,SYSTEM,39,GLU,OE1,1.840981590184098
SYSTEM,4,SER,OG,SYSTEM,39,GLU,OE2,2.3949760502394977
SYSTEM,6,ARG,NH2,SYSTEM,3,GLN,NE2,0.4649953500464995
SYSTEM,3,GLN,NE2,SYSTEM,2,SER,OG,0.8479915200847992
SYSTEM,6,ARG,NE,SYSTEM,3,GLN,OE1,0.5939940600593994
SYSTEM,6,ARG,NH2,SYSTEM,3,GLN,OE1,0.976990230097699
SYSTEM,34,ARG,NE,SYSTEM,36,GLU,OE1,10.54189458105419
SYSTEM,88,ASN,ND2,SYSTEM,84,GLU,OE1,1.5989840101598984
SYSTEM,34,ARG,NE,SYSTEM,36,GLU,OE2,10.43489565104349
SYSTEM,34,ARG,NH2,SYSTEM,36,GLU,OE2,11.554884451155488
SYSTEM,60,ARG,NE,SYSTEM,167,GLN,OE1,0.003999960000399996
SYSTEM,34,ARG,NH2,SYSTEM,36,GLU,OE1,11.658883411165888
SYSTEM,6,ARG,NH2,SYSTEM,3,GLN,NE2,0.35399646003539964
SYSTEM,60,ARG,NH2,SYSTEM,167,GLN,NE2,0.04699953000469995
SYSTEM,92,ARG,NH2,SYSTEM,88,ASN,OD1,0.48699513004869954
SYSTEM,26,GLN,NE2,SYSTEM,25,SER,OG,0.37799622003779965
SYSTEM,33,ASN,ND2,SYSTEM,29,ASP,OD2,0.03599964000359996
SYSTEM,22,TYR,OH,SYSTEM,118,GLU,OE2,0.10799892001079989
SYSTEM,85,GLN,NE2,SYSTEM,81,GLN,OE1,0.09299907000929991
SYSTEM,3,GLN,NE2,SYSTEM,42,GLU,OE1,0.15199848001519986
SYSTEM,125,ARG,NH1,SYSTEM,124,SER,OG,0.013999860001399987
SYSTEM,33,ASN,ND2,SYSTEM,29,ASP,OD1,0.05799942000579994
SYSTEM,43,SER,OG,SYSTEM,42,GLU,OE1,0.2109978900210998
SYSTEM,35,THR,OG1,SYSTEM,7,GLU,OE1,25.276747232527676
SYSTEM,6,ARG,NH1,SYSTEM,132,THR,OG1,0.04399956000439995
SYSTEM,62,ARG,NE,SYSTEM,66,SER,OG,22.241777582224177
SYSTEM,165,LYS,NZ,SYSTEM,162,GLU,OE1,6.3769362306376935
SYSTEM,5,ASN,ND2,SYSTEM,139,GLU,OE1,46.90953090469095
SYSTEM,125,ARG,NE,SYSTEM,124,SER,OG,0.21599784002159977
SYSTEM,81,GLN,NE2,SYSTEM,84,GLU,OE1,0.7709922900770992
SYSTEM,16,LYS,NZ,SYSTEM,15,TYR,OH,0.07599924000759993
SYSTEM,71,GLN,NE2,SYSTEM,67,ASP,OD1,1.1499885001149988
SYSTEM,96,ASN,ND2,SYSTEM,155,TYR,OH,0.000999990000099999
SYSTEM,85,GLN,NE2,SYSTEM,82,SER,OG,0.02099979000209998
SYSTEM,81,GLN,NE2,SYSTEM,84,GLU,OE1,1.213987860121399
SYSTEM,81,GLN,NE2,SYSTEM,84,GLU,OE2,1.1269887301126988
SYSTEM,85,GLN,NE2,SYSTEM,81,GLN,NE2,0.3109968900310997
SYSTEM,169,ARG,NH1,SYSTEM,168,GLU,OE1,0.047999520004799956
SYSTEM,169,ARG,NH2,SYSTEM,168,GLU,OE1,0.021999780002199976
SYSTEM,85,GLN,NE2,SYSTEM,81,GLN,OE1,0.6909930900690993
SYSTEM,81,GLN,NE2,SYSTEM,84,GLU,OE2,0.7419925800741992
SYSTEM,99,ARG,NH1,SYSTEM,93,ASP,OD1,0.04599954000459995
SYSTEM,99,ARG,NH1,SYSTEM,93,ASP,OD2,0.032999670003299966
SYSTEM,66,SER,OG,SYSTEM,67,ASP,OD1,0.0979990200097999
SYSTEM,33,ASN,ND2,SYSTEM,7,GLU,OE2,0.48799512004879947
SYSTEM,6,ARG,NH1,SYSTEM,32,GLU,OE2,3.4849651503484966
SYSTEM,3,GLN,NE2,SYSTEM,7,GLU,OE2,0.08599914000859991
SYSTEM,33,ASN,ND2,SYSTEM,25,SER,OG,0.13299867001329987
SYSTEM,71,GLN,NE2,SYSTEM,85,GLN,NE2,0.11799882001179988
SYSTEM,85,GLN,NE2,SYSTEM,71,GLN,NE2,0.18899811001889982
SYSTEM,81,GLN,NE2,SYSTEM,85,GLN,OE1,0.3419965800341997
SYSTEM,62,ARG,NH1,SYSTEM,58,GLU,OE1,1.4989850101498985
SYSTEM,62,ARG,NH2,SYSTEM,58,GLU,OE1,1.3069869301306987
SYSTEM,92,ARG,NH1,SYSTEM,89,GLU,OE2,9.004909950900492
SYSTEM,92,ARG,NH2,SYSTEM,89,GLU,OE2,8.566914330856692
SYSTEM,92,ARG,NH1,SYSTEM,89,GLU,OE1,9.00690993090069
SYSTEM,92,ARG,NH2,SYSTEM,89,GLU,OE1,8.75591244087559
SYSTEM,6,ARG,NH1,SYSTEM,36,GLU,OE1,0.4049959500404996
SYSTEM,6,ARG,NH1,SYSTEM,36,GLU,OE2,0.43899561004389953
SYSTEM,66,SER,OG,SYSTEM,69,THR,OG1,0.003999960000399996
SYSTEM,6,ARG,NH1,SYSTEM,3,GLN,NE2,1.6439835601643984
SYSTEM,48,GLN,NE2,SYSTEM,11,ASP,OD2,0.007999920000799993
SYSTEM,14,SER,OG,SYSTEM,33,ASN,OD1,2.5809741902580976
SYSTEM,33,ASN,ND2,SYSTEM,14,SER,OG,0.829991700082999
SYSTEM,92,ARG,NE,SYSTEM,93,ASP,OD1,11.09988900110999
SYSTEM,92,ARG,NE,SYSTEM,93,ASP,OD2,11.274887251127488
SYSTEM,92,ARG,NH2,SYSTEM,93,ASP,OD1,10.83989160108399
SYSTEM,92,ARG,NH2,SYSTEM,93,ASP,OD2,10.76989230107699
SYSTEM,125,ARG,NH2,SYSTEM,124,SER,OG,0.2189978100218998
SYSTEM,6,ARG,NE,SYSTEM,35,THR,OG1,0.06699933000669994
SYSTEM,4,SER,OG,SYSTEM,7,GLU,OE1,0.7929920700792992
SYSTEM,33,ASN,ND2,SYSTEM,23,SER,OG,0.13099869001309988
SYSTEM,92,ARG,NH1,SYSTEM,89,GLU,OE1,19.16580834191658
SYSTEM,16,LYS,NZ,SYSTEM,15,TYR,OH,0.05799942000579994
SYSTEM,92,ARG,NH1,SYSTEM,89,GLU,OE2,19.35980640193598
SYSTEM,6,ARG,NH1,SYSTEM,35,THR,OG1,0.15799842001579983
SYSTEM,66,SER,OG,SYSTEM,67,ASP,OD2,0.1049989500104999
SYSTEM,2,SER,OG,SYSTEM,139,GLU,OE1,1.1509884901150989
SYSTEM,2,SER,OG,SYSTEM,139,GLU,OE2,1.089989100108999
SYSTEM,23,SER,OG,SYSTEM,26,GLN,NE2,0.32799672003279967
SYSTEM,47,LYS,NZ,SYSTEM,43,SER,OG,1.3809861901380986
SYSTEM,62,ARG,NH2,SYSTEM,66,SER,OG,29.442705572944273
SYSTEM,62,ARG,NH1,SYSTEM,58,GLU,OE2,0.5559944400555994
SYSTEM,35,THR,OG1,SYSTEM,39,GLU,OE1,0.1959980400195998
SYSTEM,165,LYS,NZ,SYSTEM,162,GLU,OE1,6.463935360646393
SYSTEM,165,LYS,NZ,SYSTEM,162,GLU,OE2,6.488935110648894
SYSTEM,34,ARG,NH2,SYSTEM,32,GLU,OE1,0.4699953000469995
SYSTEM,62,ARG,NH1,SYSTEM,58,GLU,OE1,0.5609943900560995
SYSTEM,165,LYS,NZ,SYSTEM,162,GLU,OE1,6.894931050689493
SYSTEM,165,LYS,NZ,SYSTEM,162,GLU,OE2,6.965930340696593
SYSTEM,165,LYS,NZ,SYSTEM,162,GLU,OE2,6.468935310646893
SYSTEM,48,GLN,NE2,SYSTEM,52,GLU,OE2,0.4479955200447996
SYSTEM,163,SER,OG,SYSTEM,56,GLU,OE1,0.03199968000319997
SYSTEM,47,LYS,NZ,SYSTEM,39,GLU,OE2,0.7599924000759992
SYSTEM,88,ASN,ND2,SYSTEM,84,GLU,OE2,1.5829841701582983
SYSTEM,117,LYS,NZ,SYSTEM,73,HIS,NE2,0.009999900000999989
SYSTEM,69,THR,OG1,SYSTEM,66,SER,OG,0.001999980000199998
SYSTEM,60,ARG,NH1,SYSTEM,163,SER,OG,0.000999990000099999
SYSTEM,81,GLN,NE2,SYSTEM,85,GLN,NE2,0.3899961000389996
SYSTEM,99,ARG,NH1,SYSTEM,96,ASN,OD1,0.9109908900910991
SYSTEM,5,ASN,ND2,SYSTEM,139,GLU,OE2,46.96953030469695
SYSTEM,34,ARG,NH1,SYSTEM,36,GLU,OE2,8.346916530834692
SYSTEM,34,ARG,NH2,SYSTEM,36,GLU,OE2,6.7689323106768935
SYSTEM,34,ARG,NH1,SYSTEM,36,GLU,OE1,8.869911300886992
SYSTEM,34,ARG,NH2,SYSTEM,36,GLU,OE1,7.238927610723893
SYSTEM,169,ARG,NH2,SYSTEM,167,GLN,OE1,0.3359966400335997
SYSTEM,82,SER,OG,SYSTEM,81,GLN,NE2,0.05499945000549994
SYSTEM,169,ARG,NE,SYSTEM,167,GLN,OE1,0.2879971200287997
SYSTEM,48,GLN,NE2,SYSTEM,44,GLU,OE2,1.2979870201297987
SYSTEM,169,ARG,NH2,SYSTEM,167,GLN,NE2,0.7599924000759992
SYSTEM,169,ARG,NH2,SYSTEM,167,GLN,OE1,0.6229937700622994
SYSTEM,6,ARG,NH1,SYSTEM,32,GLU,OE2,0.4919950800491995
SYSTEM,169,ARG,NH2,SYSTEM,162,GLU,OE1,0.12199878001219987
SYSTEM,141,TRP,NE1,SYSTEM,145,ASN,OD1,0.007999920000799993
SYSTEM,169,ARG,NE,SYSTEM,162,GLU,OE1,0.08999910000899991
SYSTEM,6,ARG,NH2,SYSTEM,2,SER,OG,0.26799732002679977
SYSTEM,33,ASN,ND2,SYSTEM,7,GLU,OE1,0.9439905600943991
SYSTEM,169,ARG,NH2,SYSTEM,162,GLU,OE2,0.09699903000969991
SYSTEM,169,ARG,NE,SYSTEM,162,GLU,OE2,0.07199928000719992
SYSTEM,141,TRP,NE1,SYSTEM,144,GLU,OE1,0.0059999400005999945
SYSTEM,33,ASN,ND2,SYSTEM,25,SER,OG,0.14699853001469984
SYSTEM,167,GLN,NE2,SYSTEM,168,GLU,OE1,0.09599904000959991
SYSTEM,85,GLN,NE2,SYSTEM,89,GLU,OE1,0.14199858001419985
SYSTEM,3,GLN,NE2,SYSTEM,2,SER,OG,0.007999920000799993
SYSTEM,105,SER,OG,SYSTEM,58,GLU,OE2,0.3549964500354997
SYSTEM,157,ASN,ND2,SYSTEM,48,GLN,NE2,0.15699843001569985
SYSTEM,96,ASN,ND2,SYSTEM,61,TYR,OH,0.049999500004999954
SYSTEM,157,ASN,ND2,SYSTEM,158,ASN,OD1,0.6609933900660993
SYSTEM,155,TYR,OH,SYSTEM,56,GLU,OE2,1.1019889801101987
SYSTEM,155,TYR,OH,SYSTEM,56,GLU,OE1,1.2799872001279986
SYSTEM,158,ASN,ND2,SYSTEM,157,ASN,OD1,0.06399936000639994
SYSTEM,158,ASN,ND2,SYSTEM,48,GLN,NE2,0.08699913000869991
SYSTEM,158,ASN,ND2,SYSTEM,48,GLN,OE1,0.1839981600183998
SYSTEM,51,ARG,NH2,SYSTEM,14,SER,OG,0.056999430005699944
SYSTEM,16,LYS,NZ,SYSTEM,105,SER,OG,0.019999800001999978
SYSTEM,20,LYS,NZ,SYSTEM,19,GLN,OE1,0.47499525004749954
SYSTEM,92,ARG,NH2,SYSTEM,93,ASP,OD1,0.0059999400005999945
SYSTEM,92,ARG,NH2,SYSTEM,93,ASP,OD2,0.007999920000799993
SYSTEM,16,LYS,NZ,SYSTEM,105,SER,OG,0.021999780002199976
SYSTEM,164,ARG,NH2,SYSTEM,55,ASP,OD1,0.03899961000389996
SYSTEM,167,GLN,NE2,SYSTEM,168,GLU,OE1,0.014999850001499985
SYSTEM,125,ARG,NH1,SYSTEM,78,THR,OG1,0.0029999700002999972
SYSTEM,34,ARG,NH1,SYSTEM,36,GLU,OE2,0.2779972200277997
SYSTEM,34,ARG,NH1,SYSTEM,36,GLU,OE1,0.2749972500274997
SYSTEM,47,LYS,NZ,SYSTEM,43,SER,OG,1.2179878201217988
SYSTEM,148,TRP,NE1,SYSTEM,4,SER,OG,0.060999390006099934
SYSTEM,73,HIS,NE2,SYSTEM,70,SER,OG,0.013999860001399987
SYSTEM,3,GLN,NE2,SYSTEM,36,GLU,OE1,1.2559874401255988
SYSTEM,6,ARG,NE,SYSTEM,3,GLN,NE2,0.19099809001909981
SYSTEM,6,ARG,NH1,SYSTEM,33,ASN,OD1,1.3009869901300988
SYSTEM,78,THR,OG1,SYSTEM,119,MET,SD,0.000999990000099999
SYSTEM,167,GLN,NE2,SYSTEM,168,GLU,OE2,0.009999900000999989
SYSTEM,150,THR,OG1,SYSTEM,153,GLU,OE1,0.023999760002399978
SYSTEM,71,GLN,NE2,SYSTEM,89,GLU,OE1,4.567954320456796
SYSTEM,71,GLN,NE2,SYSTEM,89,GLU,OE2,4.672953270467295
SYSTEM,150,THR,OG1,SYSTEM,153,GLU,OE2,0.013999860001399987
SYSTEM,34,ARG,NE,SYSTEM,3,GLN,OE1,0.4609953900460996
SYSTEM,34,ARG,NH2,SYSTEM,3,GLN,OE1,0.41199588004119964
SYSTEM,34,ARG,NH2,SYSTEM,3,GLN,NE2,0.06999930000699993
SYSTEM,34,ARG,NH2,SYSTEM,3,GLN,NE2,0.030999690003099968
SYSTEM,3,GLN,NE2,SYSTEM,36,GLU,OE2,1.122988770112299
SYSTEM,157,ASN,ND2,SYSTEM,158,ASN,OD1,0.04599954000459995
SYSTEM,158,ASN,ND2,SYSTEM,157,ASN,OD1,0.15199848001519986
SYSTEM,163,SER,OG,SYSTEM,56,GLU,OE2,0.037999620003799965
SYSTEM,61,TYR,OH,SYSTEM,93,ASP,OD1,0.001999980000199998
SYSTEM,16,LYS,NZ,SYSTEM,105,SER,OG,0.03199968000319997
SYSTEM,78,THR,OG1,SYSTEM,82,SER,OG,0.12699873001269987
SYSTEM,164,ARG,NH2,SYSTEM,52,GLU,OE1,0.6329936700632994
SYSTEM,61,TYR,OH,SYSTEM,96,ASN,OD1,0.011999880001199989
SYSTEM,164,ARG,NE,SYSTEM,52,GLU,OE2,0.2999970000299997
SYSTEM,164,ARG,NH2,SYSTEM,52,GLU,OE2,0.6779932200677993
SYSTEM,164,ARG,NE,SYSTEM,52,GLU,OE1,0.23899761002389974
SYSTEM,48,GLN,NE2,SYSTEM,157,ASN,OD1,5.150948490515095
SYSTEM,164,ARG,NH2,SYSTEM,55,ASP,OD2,0.08599914000859991
SYSTEM,164,ARG,NH1,SYSTEM,55,ASP,OD2,0.07399926000739993
SYSTEM,143,GLN,NE2,SYSTEM,1,MET,SD,0.049999500004999954
SYSTEM,157,ASN,ND2,SYSTEM,48,GLN,OE1,0.6509934900650993
SYSTEM,164,ARG,NH1,SYSTEM,55,ASP,OD1,0.034999650003499964
SYSTEM,163,SER,OG,SYSTEM,52,GLU,OE1,0.003999960000399996
SYSTEM,167,GLN,NE2,SYSTEM,162,GLU,OE2,0.000999990000099999
SYSTEM,167,GLN,NE2,SYSTEM,162,GLU,OE1,0.001999980000199998
SYSTEM,85,GLN,NE2,SYSTEM,71,GLN,NE2,0.24899751002489975
SYSTEM,85,GLN,NE2,SYSTEM,89,GLU,OE2,0.051999480005199945
SYSTEM,117,LYS,NZ,SYSTEM,116,ASP,OD1,3.135968640313597
SYSTEM,71,GLN,NE2,SYSTEM,85,GLN,NE2,0.5259947400525994
SYSTEM,92,ARG,NH1,SYSTEM,93,ASP,OD1,0.015999840001599985
SYSTEM,92,ARG,NH1,SYSTEM,93,ASP,OD2,0.015999840001599985
SYSTEM,117,LYS,NZ,SYSTEM,116,ASP,OD2,2.818971810281897
SYSTEM,92,ARG,NH1,SYSTEM,93,ASP,OD1,0.4079959200407996
SYSTEM,117,LYS,NZ,SYSTEM,116,ASP,OD1,2.4709752902470976
SYSTEM,169,ARG,NH1,SYSTEM,162,GLU,OE1,0.007999920000799993
SYSTEM,34,ARG,NH1,SYSTEM,31,GLU,OE1,0.909990900090999
SYSTEM,169,ARG,NH1,SYSTEM,163,SER,OG,0.0029999700002999972
SYSTEM,169,ARG,NH2,SYSTEM,163,SER,OG,0.000999990000099999
SYSTEM,73,HIS,NE2,SYSTEM,75,THR,OG1,0.6059939400605994
SYSTEM,88,ASN,ND2,SYSTEM,85,GLN,OE1,0.7149928500714993
SYSTEM,164,ARG,NE,SYSTEM,155,TYR,OH,3.831961680383196
SYSTEM,34,ARG,NH1,SYSTEM,31,GLU,OE2,0.7639923600763993
SYSTEM,88,ASN,ND2,SYSTEM,137,HIS,NE2,0.4579954200457996
SYSTEM,169,ARG,NH1,SYSTEM,167,GLN,OE1,1.039989600103999
SYSTEM,92,ARG,NH1,SYSTEM,88,ASN,OD1,2.5389746102538977
SYSTEM,62,ARG,NH1,SYSTEM,113,GLU,OE1,0.36499635003649966
SYSTEM,62,ARG,NH2,SYSTEM,113,GLU,OE1,1.2649873501264988
SYSTEM,62,ARG,NH2,SYSTEM,113,GLU,OE2,1.2339876601233988
SYSTEM,88,ASN,ND2,SYSTEM,89,GLU,OE1,0.11999880001199988
SYSTEM,167,GLN,NE2,SYSTEM,162,GLU,OE2,0.000999990000099999
SYSTEM,62,ARG,NH2,SYSTEM,69,THR,OG1,0.2949970500294997
SYSTEM,135,ASN,ND2,SYSTEM,5,ASN,OD1,3.0509694903050972
SYSTEM,169,ARG,NE,SYSTEM,167,GLN,NE2,0.047999520004799956
SYSTEM,41,THR,OG1,SYSTEM,44,GLU,OE2,0.032999670003299966
SYSTEM,88,ASN,ND2,SYSTEM,137,HIS,ND1,0.07299927000729993
SYSTEM,48,GLN,NE2,SYSTEM,44,GLU,OE1,0.9119908800911991
SYSTEM,169,ARG,NH1,SYSTEM,167,GLN,OE1,0.04399956000439995
SYSTEM,20,LYS,NZ,SYSTEM,19,GLN,OE1,0.5049949500504994
SYSTEM,62,ARG,NH1,SYSTEM,113,GLU,OE2,0.3739962600373996
SYSTEM,4,SER,OG,SYSTEM,5,ASN,OD1,0.3239967600323997
SYSTEM,34,ARG,NH1,SYSTEM,7,GLU,OE2,0.04899951000489995
SYSTEM,169,ARG,NH2,SYSTEM,167,GLN,NE2,0.1819981800181998
SYSTEM,92,ARG,NH1,SYSTEM,93,ASP,OD2,0.3909960900390996
SYSTEM,169,ARG,NH1,SYSTEM,167,GLN,NE2,0.010999890001099988
SYSTEM,47,LYS,NZ,SYSTEM,35,THR,OG1,1.920980790192098
SYSTEM,16,LYS,NZ,SYSTEM,15,TYR,OH,0.04599954000459995
SYSTEM,135,ASN,ND2,SYSTEM,2,SER,OG,3.1449685503144966
SYSTEM,20,LYS,NZ,SYSTEM,19,GLN,NE2,0.04199958000419996
SYSTEM,20,LYS,NZ,SYSTEM,19,GLN,OE1,0.5469945300546994
SYSTEM,20,LYS,NZ,SYSTEM,19,GLN,NE2,0.04299957000429996
SYSTEM,99,ARG,NH2,SYSTEM,96,ASN,OD1,0.07299927000729993
SYSTEM,5,ASN,ND2,SYSTEM,4,SER,OG,0.016999830001699984
SYSTEM,5,ASN,ND2,SYSTEM,2,SER,OG,0.08299917000829991
SYSTEM,5,ASN,ND2,SYSTEM,143,GLN,NE2,0.0049999500004999945
SYSTEM,51,ARG,NH1,SYSTEM,44,GLU,OE1,2.793972060279397
SYSTEM,135,ASN,ND2,SYSTEM,139,GLU,OE2,0.14499855001449985
SYSTEM,169,ARG,NH1,SYSTEM,167,GLN,NE2,0.46899531004689954
SYSTEM,165,LYS,NZ,SYSTEM,167,GLN,OE1,0.000999990000099999
SYSTEM,165,LYS,NZ,SYSTEM,167,GLN,OE1,0.000999990000099999
SYSTEM,92,ARG,NH2,SYSTEM,71,GLN,OE1,0.000999990000099999
SYSTEM,165,LYS,NZ,SYSTEM,167,GLN,OE1,0.0029999700002999972
SYSTEM,143,GLN,NE2,SYSTEM,1,MET,SD,0.1779982200177998
SYSTEM,167,GLN,NE2,SYSTEM,162,GLU,OE1,0.000999990000099999
SYSTEM,34,ARG,NE,SYSTEM,7,GLU,OE1,2.5319746802531977
SYSTEM,92,ARG,NH1,SYSTEM,71,GLN,OE1,0.000999990000099999
SYSTEM,60,ARG,NH2,SYSTEM,163,SER,OG,0.0059999400005999945
SYSTEM,92,ARG,NH2,SYSTEM,67,ASP,OD1,0.0029999700002999972
SYSTEM,169,ARG,NH2,SYSTEM,168,GLU,OE2,0.025999740002599973
SYSTEM,169,ARG,NH1,SYSTEM,168,GLU,OE2,0.03199968000319997
SYSTEM,96,ASN,ND2,SYSTEM,93,ASP,OD1,0.013999860001399987
SYSTEM,2,SER,OG,SYSTEM,5,ASN,OD1,1.7379826201737982
SYSTEM,4,SER,OG,SYSTEM,2,SER,OG,0.23999760002399975
SYSTEM,85,GLN,NE2,SYSTEM,89,GLU,OE2,0.14699853001469984
SYSTEM,135,ASN,ND2,SYSTEM,1,MET,SD,0.16799832001679985
SYSTEM,135,ASN,ND2,SYSTEM,1,MET,SD,2.0199798002019977
SYSTEM,2,SER,OG,SYSTEM,4,SER,OG,1.011989880101199
SYSTEM,125,ARG,NH2,SYSTEM,29,ASP,OD1,0.009999900000999989
SYSTEM,125,ARG,NH2,SYSTEM,29,ASP,OD2,0.014999850001499985
SYSTEM,125,ARG,NH2,SYSTEM,124,SER,OG,0.007999920000799993
SYSTEM,125,ARG,NH2,SYSTEM,29,ASP,OD1,0.15899841001589984
SYSTEM,125,ARG,NE,SYSTEM,29,ASP,OD1,0.07099929000709992
SYSTEM,125,ARG,NH2,SYSTEM,29,ASP,OD2,0.22299777002229978
SYSTEM,125,ARG,NE,SYSTEM,29,ASP,OD2,0.08999910000899991
SYSTEM,88,ASN,ND2,SYSTEM,89,GLU,OE2,0.13099869001309988
SYSTEM,148,TRP,NE1,SYSTEM,143,GLN,OE1,0.022999770002299975
SYSTEM,19,GLN,NE2,SYSTEM,58,GLU,OE1,0.0029999700002999972
SYSTEM,19,GLN,NE2,SYSTEM,55,ASP,OD2,0.030999690003099968
SYSTEM,6,ARG,NH1,SYSTEM,32,GLU,OE1,0.5639943600563994
SYSTEM,5,ASN,ND2,SYSTEM,1,MET,SD,0.03199968000319997
SYSTEM,20,LYS,NZ,SYSTEM,58,GLU,OE1,4.916950830491695
SYSTEM,48,GLN,NE2,SYSTEM,44,GLU,OE1,1.2109878901210986
SYSTEM,6,ARG,NH1,SYSTEM,1,MET,SD,0.08399916000839992
SYSTEM,125,ARG,NH2,SYSTEM,32,GLU,OE1,0.032999670003299966
SYSTEM,34,ARG,NH1,SYSTEM,39,GLU,OE1,0.05099949000509995
SYSTEM,34,ARG,NH2,SYSTEM,39,GLU,OE1,0.05799942000579994
SYSTEM,34,ARG,NH1,SYSTEM,7,GLU,OE1,0.6059939400605994
SYSTEM,35,THR,OG1,SYSTEM,4,SER,OG,9.57290427095729
SYSTEM,34,ARG,NH1,SYSTEM,39,GLU,OE2,0.023999760002399978
SYSTEM,34,ARG,NH2,SYSTEM,39,GLU,OE2,0.04399956000439995
SYSTEM,35,THR,OG1,SYSTEM,39,GLU,OE2,0.3289967100328997
SYSTEM,62,ARG,NH1,SYSTEM,66,SER,OG,0.15499845001549986
SYSTEM,62,ARG,NH1,SYSTEM,66,SER,OG,0.2089979100208998
SYSTEM,60,ARG,NE,SYSTEM,167,GLN,NE2,0.001999980000199998
SYSTEM,135,ASN,ND2,SYSTEM,136,ASP,OD1,0.6139938600613993
SYSTEM,63,ARG,NH1,SYSTEM,67,ASP,OD1,2.3779762202377976
SYSTEM,63,ARG,NH1,SYSTEM,67,ASP,OD2,2.3149768502314974
SYSTEM,63,ARG,NH1,SYSTEM,67,ASP,OD1,3.755962440375596
SYSTEM,63,ARG,NH1,SYSTEM,67,ASP,OD2,3.6859631403685964
SYSTEM,63,ARG,NH2,SYSTEM,67,ASP,OD1,2.093979060209398
SYSTEM,63,ARG,NH2,SYSTEM,67,ASP,OD2,1.9509804901950982
SYSTEM,5,ASN,ND2,SYSTEM,135,ASN,OD1,54.83445165548344
SYSTEM,85,GLN,NE2,SYSTEM,71,GLN,OE1,1.4519854801451986
SYSTEM,169,ARG,NH2,SYSTEM,56,GLU,OE1,0.003999960000399996
SYSTEM,169,ARG,NH1,SYSTEM,56,GLU,OE1,0.000999990000099999
SYSTEM,5,ASN,ND2,SYSTEM,2,SER,OG,1.4529854701452987
SYSTEM,150,THR,OG1,SYSTEM,149,ASP,OD2,0.030999690003099968
SYSTEM,14,SER,OG,SYSTEM,25,SER,OG,0.3579964200357996
SYSTEM,22,TYR,OH,SYSTEM,118,GLU,OE1,0.14299857001429986
SYSTEM,5,ASN,ND2,SYSTEM,143,GLN,OE1,0.003999960000399996
SYSTEM,92,ARG,NH2,SYSTEM,85,GLN,NE2,0.2769972300276997
SYSTEM,92,ARG,NH2,SYSTEM,85,GLN,OE1,0.003999960000399996
SYSTEM,2,SER,OG,SYSTEM,143,GLN,OE1,0.044999550004499955
SYSTEM,164,ARG,NH2,SYSTEM,56,GLU,OE1,25.109748902510976
SYSTEM,164,ARG,NH2,SYSTEM,56,GLU,OE2,24.613753862461376
SYSTEM,164,ARG,NH1,SYSTEM,56,GLU,OE1,24.266757332426675
SYSTEM,164,ARG,NH1,SYSTEM,56,GLU,OE2,24.693753062469376
SYSTEM,164,ARG,NE,SYSTEM,167,GLN,OE1,0.0029999700002999972
SYSTEM,164,ARG,NE,SYSTEM,168,GLU,OE2,14.662853371466285
SYSTEM,164,ARG,NH2,SYSTEM,168,GLU,OE2,17.832821671783282
SYSTEM,164,ARG,NE,SYSTEM,168,GLU,OE1,14.915850841491585
SYSTEM,164,ARG,NH1,SYSTEM,167,GLN,OE1,0.23299767002329974
SYSTEM,164,ARG,NH1,SYSTEM,167,GLN,NE2,0.07399926000739993
SYSTEM,48,GLN,NE2,SYSTEM,52,GLU,OE1,0.5419945800541994
SYSTEM,164,ARG,NH1,SYSTEM,167,GLN,NE2,0.0029999700002999972
SYSTEM,18,SER,OG,SYSTEM,19,GLN,OE1,0.009999900000999989
SYSTEM,92,ARG,NE,SYSTEM,88,ASN,OD1,0.3639963600363996
SYSTEM,169,ARG,NH1,SYSTEM,168,GLU,OE1,0.013999860001399987
SYSTEM,15,TYR,OH,SYSTEM,52,GLU,OE2,0.11699883001169988
SYSTEM,164,ARG,NH1,SYSTEM,168,GLU,OE2,1.804981950180498
SYSTEM,164,ARG,NH1,SYSTEM,168,GLU,OE1,1.912980870191298
SYSTEM,164,ARG,NH2,SYSTEM,167,GLN,NE2,0.000999990000099999
SYSTEM,34,ARG,NH2,SYSTEM,25,SER,OG,0.003999960000399996
SYSTEM,164,ARG,NH1,SYSTEM,163,SER,OG,0.000999990000099999
SYSTEM,164,ARG,NH1,SYSTEM,167,GLN,OE1,0.0059999400005999945
SYSTEM,164,ARG,NH1,SYSTEM,56,GLU,OE2,13.830861691383086
SYSTEM,158,ASN,ND2,SYSTEM,162,GLU,OE1,0.001999980000199998
SYSTEM,158,ASN,ND2,SYSTEM,162,GLU,OE2,0.003999960000399996
SYSTEM,164,ARG,NH2,SYSTEM,168,GLU,OE1,18.04681953180468
SYSTEM,51,ARG,NE,SYSTEM,48,GLN,OE1,0.08599914000859991
SYSTEM,51,ARG,NE,SYSTEM,48,GLN,NE2,0.07199928000719992
SYSTEM,51,ARG,NH2,SYSTEM,48,GLN,OE1,0.16499835001649985
SYSTEM,51,ARG,NH2,SYSTEM,48,GLN,NE2,0.03399966000339997
SYSTEM,51,ARG,NH1,SYSTEM,52,GLU,OE1,0.012999870001299986
SYSTEM,34,ARG,NH2,SYSTEM,25,SER,OG,0.03399966000339997
SYSTEM,51,ARG,NH2,SYSTEM,52,GLU,OE1,0.0059999400005999945
SYSTEM,81,GLN,NE2,SYSTEM,82,SER,OG,0.06399936000639994
SYSTEM,164,ARG,NH1,SYSTEM,168,GLU,OE1,0.010999890001099988
SYSTEM,164,ARG,NH2,SYSTEM,168,GLU,OE1,0.0059999400005999945
SYSTEM,164,ARG,NH1,SYSTEM,168,GLU,OE2,0.024999750002499977
SYSTEM,164,ARG,NH2,SYSTEM,168,GLU,OE2,0.014999850001499985
SYSTEM,158,ASN,ND2,SYSTEM,153,GLU,OE2,0.1819981800181998
SYSTEM,158,ASN,ND2,SYSTEM,153,GLU,OE1,0.15899841001589984
SYSTEM,132,THR,OG1,SYSTEM,1,MET,SD,0.17399826001739982
SYSTEM,73,HIS,NE2,SYSTEM,71,GLN,OE1,0.026999730002699972
SYSTEM,164,ARG,NH2,SYSTEM,157,ASN,OD1,0.1949980500194998
SYSTEM,164,ARG,NH1,SYSTEM,157,ASN,OD1,0.01799982000179998
SYSTEM,85,GLN,NE2,SYSTEM,71,GLN,OE1,0.4789952100478995
SYSTEM,163,SER,OG,SYSTEM,167,GLN,NE2,0.00899991000089999
SYSTEM,120,GLN,NE2,SYSTEM,29,ASP,OD2,0.7559924400755993
SYSTEM,158,ASN,ND2,SYSTEM,162,GLU,OE1,0.000999990000099999
SYSTEM,164,ARG,NH1,SYSTEM,56,GLU,OE1,13.667863321366786
SYSTEM,41,THR,OG1,SYSTEM,44,GLU,OE1,0.044999550004499955
SYSTEM,163,SER,OG,SYSTEM,153,GLU,OE2,0.2919970800291997
SYSTEM,163,SER,OG,SYSTEM,153,GLU,OE1,0.33199668003319965
SYSTEM,148,TRP,NE1,SYSTEM,43,SER,OG,0.0029999700002999972
SYSTEM,48,GLN,NE2,SYSTEM,158,ASN,OD1,0.06599934000659993
SYSTEM,158,ASN,ND2,SYSTEM,48,GLN,NE2,0.049999500004999954
SYSTEM,158,ASN,ND2,SYSTEM,48,GLN,OE1,0.053999460005399944
SYSTEM,5,ASN,ND2,SYSTEM,1,MET,SD,0.024999750002499977
SYSTEM,135,ASN,ND2,SYSTEM,5,ASN,OD1,2.2709772902270977
SYSTEM,15,TYR,OH,SYSTEM,52,GLU,OE1,0.12199878001219987
SYSTEM,135,ASN,ND2,SYSTEM,139,GLU,OE1,0.13899861001389985
SYSTEM,163,SER,OG,SYSTEM,52,GLU,OE2,0.0029999700002999972
SYSTEM,51,ARG,NH1,SYSTEM,44,GLU,OE2,2.5919740802591975
SYSTEM,92,ARG,NH1,SYSTEM,71,GLN,NE2,0.000999990000099999
SYSTEM,5,ASN,ND2,SYSTEM,4,SER,OG,0.34799652003479964
SYSTEM,51,ARG,NH2,SYSTEM,15,TYR,OH,0.000999990000099999
SYSTEM,51,ARG,NH1,SYSTEM,15,TYR,OH,0.007999920000799993
SYSTEM,25,SER,OG,SYSTEM,26,GLN,OE1,0.06399936000639994
SYSTEM,164,ARG,NH1,SYSTEM,155,TYR,OH,0.034999650003499964
SYSTEM,60,ARG,NH2,SYSTEM,168,GLU,OE2,54.66745332546674
SYSTEM,120,GLN,NE2,SYSTEM,29,ASP,OD1,0.3359966400335997
SYSTEM,120,GLN,NE2,SYSTEM,29,ASP,OD2,0.3139968600313997
SYSTEM,60,ARG,NH1,SYSTEM,168,GLU,OE2,59.453405465945345
SYSTEM,60,ARG,NH1,SYSTEM,168,GLU,OE1,60.26839731602684
SYSTEM,60,ARG,NH2,SYSTEM,168,GLU,OE1,54.29645703542965
SYSTEM,155,TYR,OH,SYSTEM,168,GLU,OE1,9.92690073099269
SYSTEM,165,LYS,NZ,SYSTEM,56,GLU,OE1,0.6819931800681993
SYSTEM,41,THR,OG1,SYSTEM,42,GLU,OE1,0.7109928900710992
SYSTEM,167,GLN,NE2,SYSTEM,155,TYR,OH,2.9989700102998973
SYSTEM,155,TYR,OH,SYSTEM,167,GLN,OE1,0.06399936000639994
SYSTEM,5,ASN,ND2,SYSTEM,43,SER,OG,0.0029999700002999972
SYSTEM,2,SER,OG,SYSTEM,42,GLU,OE2,0.13199868001319986
SYSTEM,2,SER,OG,SYSTEM,42,GLU,OE1,0.13199868001319986
SYSTEM,5,ASN,ND2,SYSTEM,42,GLU,OE1,0.001999980000199998
SYSTEM,155,TYR,OH,SYSTEM,168,GLU,OE2,9.90190098099019
SYSTEM,167,GLN,NE2,SYSTEM,155,TYR,OH,1.089989100108999
SYSTEM,165,LYS,NZ,SYSTEM,56,GLU,OE2,0.8679913200867991
SYSTEM,165,LYS,NZ,SYSTEM,56,GLU,OE1,0.7979920200797993
SYSTEM,33,ASN,ND2,SYSTEM,124,SER,OG,0.02999970000299997
SYSTEM,96,ASN,ND2,SYSTEM,167,GLN,NE2,0.4639953600463995
SYSTEM,163,SER,OG,SYSTEM,162,GLU,OE2,0.05299947000529995
SYSTEM,167,GLN,NE2,SYSTEM,153,GLU,OE1,0.0029999700002999972
SYSTEM,97,TRP,NE1,SYSTEM,167,GLN,OE1,0.1789982100178998
SYSTEM,97,TRP,NE1,SYSTEM,167,GLN,NE2,0.06699933000669994
SYSTEM,124,SER,OG,SYSTEM,120,GLN,NE2,0.07699923000769993
SYSTEM,120,GLN,NE2,SYSTEM,124,SER,OG,0.07199928000719992
SYSTEM,167,GLN,NE2,SYSTEM,163,SER,OG,0.021999780002199976
SYSTEM,135,ASN,ND2,SYSTEM,132,THR,OG1,0.001999980000199998
SYSTEM,60,ARG,NH1,SYSTEM,168,GLU,OE2,0.7109928900710992
SYSTEM,60,ARG,NH1,SYSTEM,168,GLU,OE1,0.7799922000779992
SYSTEM,169,ARG,NH2,SYSTEM,93,ASP,OD2,0.8489915100848991
SYSTEM,167,GLN,NE2,SYSTEM,145,ASN,OD1,0.16099839001609983
SYSTEM,20,LYS,NZ,SYSTEM,113,GLU,OE2,0.006999930000699994
SYSTEM,137,HIS,NE2,SYSTEM,88,ASN,OD1,0.04299957000429996
SYSTEM,125,ARG,NE,SYSTEM,32,GLU,OE2,0.030999690003099968
SYSTEM,167,GLN,NE2,SYSTEM,153,GLU,OE2,0.011999880001199989
SYSTEM,125,ARG,NE,SYSTEM,32,GLU,OE1,0.026999730002699972
SYSTEM,125,ARG,NH1,SYSTEM,32,GLU,OE1,0.000999990000099999
SYSTEM,20,LYS,NZ,SYSTEM,19,GLN,NE2,0.02999970000299997
SYSTEM,120,GLN,NE2,SYSTEM,124,SER,OG,0.15299847001529984
SYSTEM,85,GLN,NE2,SYSTEM,89,GLU,OE1,0.03599964000359996
SYSTEM,169,ARG,NH2,SYSTEM,93,ASP,OD1,1.072989270107299
SYSTEM,6,ARG,NE,SYSTEM,1,MET,SD,0.026999730002699972
SYSTEM,6,ARG,NH2,SYSTEM,1,MET,SD,0.05299947000529995
SYSTEM,143,GLN,NE2,SYSTEM,144,GLU,OE1,0.11299887001129988
SYSTEM,73,HIS,NE2,SYSTEM,71,GLN,NE2,0.018999810001899983
SYSTEM,169,ARG,NH1,SYSTEM,93,ASP,OD1,0.9679903200967991
SYSTEM,169,ARG,NH2,SYSTEM,93,ASP,OD1,0.7359926400735992
SYSTEM,169,ARG,NH1,SYSTEM,93,ASP,OD1,0.28499715002849973
SYSTEM,48,GLN,NE2,SYSTEM,11,ASP,OD1,0.001999980000199998
SYSTEM,34,ARG,NH1,SYSTEM,25,SER,OG,0.023999760002399978
SYSTEM,164,ARG,NH2,SYSTEM,155,TYR,OH,0.04699953000469995
SYSTEM,18,SER,OG,SYSTEM,19,GLN,NE2,0.0029999700002999972
SYSTEM,34,ARG,NH1,SYSTEM,25,SER,OG,0.000999990000099999
SYSTEM,26,GLN,NE2,SYSTEM,23,SER,OG,0.7489925100748992
SYSTEM,169,ARG,NE,SYSTEM,93,ASP,OD1,0.938990610093899
SYSTEM,169,ARG,NH1,SYSTEM,93,ASP,OD2,1.087989120108799
SYSTEM,125,ARG,NH2,SYSTEM,32,GLU,OE2,0.049999500004999954
SYSTEM,20,LYS,NZ,SYSTEM,113,GLU,OE1,0.00899991000089999
SYSTEM,48,GLN,NE2,SYSTEM,52,GLU,OE2,0.5029949700502995
SYSTEM,26,GLN,NE2,SYSTEM,118,GLU,OE1,0.006999930000699994
SYSTEM,26,GLN,NE2,SYSTEM,118,GLU,OE2,0.016999830001699984
SYSTEM,167,GLN,NE2,SYSTEM,153,GLU,OE1,0.021999780002199976
SYSTEM,20,LYS,NZ,SYSTEM,113,GLU,OE2,0.07599924000759993
SYSTEM,125,ARG,NH2,SYSTEM,33,ASN,OD1,0.0029999700002999972
SYSTEM,48,GLN,NE2,SYSTEM,158,ASN,OD1,0.018999810001899983
SYSTEM,26,GLN,NE2,SYSTEM,118,GLU,OE2,0.0049999500004999945
SYSTEM,125,ARG,NH2,SYSTEM,33,ASN,OD1,0.000999990000099999
SYSTEM,6,ARG,NH1,SYSTEM,1,MET,SD,0.023999760002399978
SYSTEM,20,LYS,NZ,SYSTEM,113,GLU,OE1,0.0049999500004999945
SYSTEM,145,ASN,ND2,SYSTEM,144,GLU,OE1,0.000999990000099999
SYSTEM,150,THR,OG1,SYSTEM,149,ASP,OD1,0.014999850001499985
SYSTEM,33,ASN,ND2,SYSTEM,29,ASP,OD1,0.013999860001399987
SYSTEM,33,ASN,ND2,SYSTEM,29,ASP,OD2,0.0059999400005999945
SYSTEM,163,SER,OG,SYSTEM,167,GLN,OE1,0.007999920000799993
SYSTEM,26,GLN,NE2,SYSTEM,118,GLU,OE1,0.009999900000999989
SYSTEM,61,TYR,OH,SYSTEM,168,GLU,OE2,28.252717472825275
SYSTEM,125,ARG,NH2,SYSTEM,28,SER,OG,0.000999990000099999
SYSTEM,169,ARG,NH2,SYSTEM,93,ASP,OD2,1.0599894001059988
SYSTEM,169,ARG,NE,SYSTEM,93,ASP,OD2,0.972990270097299
SYSTEM,169,ARG,NH1,SYSTEM,93,ASP,OD2,0.3669963300366996
SYSTEM,158,ASN,ND2,SYSTEM,52,GLU,OE2,0.056999430005699944
SYSTEM,158,ASN,ND2,SYSTEM,52,GLU,OE1,0.03699963000369996
SYSTEM,158,ASN,ND2,SYSTEM,52,GLU,OE1,0.000999990000099999
SYSTEM,48,GLN,NE2,SYSTEM,11,ASP,OD2,0.003999960000399996
SYSTEM,158,ASN,ND2,SYSTEM,52,GLU,OE2,0.001999980000199998
SYSTEM,19,GLN,NE2,SYSTEM,18,SER,OG,0.0029999700002999972
SYSTEM,34,ARG,NE,SYSTEM,3,GLN,NE2,0.07699923000769993
SYSTEM,60,ARG,NH2,SYSTEM,168,GLU,OE1,13.128868711312888
SYSTEM,25,SER,OG,SYSTEM,29,ASP,OD2,0.1119988800111999
SYSTEM,133,TYR,OH,SYSTEM,84,GLU,OE2,0.022999770002299975
SYSTEM,117,LYS,NZ,SYSTEM,73,HIS,NE2,0.016999830001699984
SYSTEM,117,LYS,NZ,SYSTEM,73,HIS,NE2,0.010999890001099988
SYSTEM,117,LYS,NZ,SYSTEM,119,MET,SD,0.003999960000399996
SYSTEM,117,LYS,NZ,SYSTEM,119,MET,SD,0.00899991000089999
SYSTEM,111,CYS,SG,SYSTEM,130,MET,SD,0.05599944000559995
SYSTEM,6,ARG,NH2,SYSTEM,28,SER,OG,2.6449735502644973
SYSTEM,41,THR,OG1,SYSTEM,42,GLU,OE2,0.6939930600693993
SYSTEM,34,ARG,NH2,SYSTEM,14,SER,OG,0.06899931000689993
SYSTEM,34,ARG,NH2,SYSTEM,11,ASP,OD2,1.829981700182998
SYSTEM,33,ASN,ND2,SYSTEM,32,GLU,OE2,0.06699933000669994
SYSTEM,34,ARG,NE,SYSTEM,7,GLU,OE2,2.874971250287497
SYSTEM,3,GLN,NE2,SYSTEM,32,GLU,OE2,0.3949960500394996
SYSTEM,3,GLN,NE2,SYSTEM,32,GLU,OE1,0.5709942900570995
SYSTEM,14,SER,OG,SYSTEM,23,SER,OG,0.0049999500004999945
SYSTEM,34,ARG,NH2,SYSTEM,7,GLU,OE2,2.5159748402515976
SYSTEM,34,ARG,NH2,SYSTEM,7,GLU,OE1,2.020979790202098
SYSTEM,133,TYR,OH,SYSTEM,84,GLU,OE1,0.016999830001699984
SYSTEM,34,ARG,NH2,SYSTEM,39,GLU,OE2,0.16699833001669984
SYSTEM,34,ARG,NH2,SYSTEM,39,GLU,OE1,0.018999810001899983
SYSTEM,34,ARG,NE,SYSTEM,39,GLU,OE2,0.02899971000289997
SYSTEM,25,SER,OG,SYSTEM,14,SER,OG,0.8289917100828992
SYSTEM,34,ARG,NH1,SYSTEM,11,ASP,OD2,0.8549914500854991
SYSTEM,24,TRP,NE1,SYSTEM,111,CYS,SG,0.0029999700002999972
SYSTEM,24,TRP,NE1,SYSTEM,120,GLN,OE1,0.010999890001099988
SYSTEM,24,TRP,NE1,SYSTEM,120,GLN,NE2,0.0049999500004999945
SYSTEM,34,ARG,NH1,SYSTEM,11,ASP,OD1,0.5029949700502995
SYSTEM,34,ARG,NE,SYSTEM,39,GLU,OE1,0.000999990000099999
SYSTEM,34,ARG,NH2,SYSTEM,11,ASP,OD2,0.6659933400665994
SYSTEM,34,ARG,NH2,SYSTEM,11,ASP,OD1,0.48799512004879947
SYSTEM,120,GLN,NE2,SYSTEM,28,SER,OG,0.06499935000649994
SYSTEM,143,GLN,NE2,SYSTEM,144,GLU,OE2,0.0049999500004999945
SYSTEM,34,ARG,NH1,SYSTEM,7,GLU,OE2,0.8589914100858992
SYSTEM,28,SER,OG,SYSTEM,120,GLN,OE1,0.0059999400005999945
SYSTEM,34,ARG,NH2,SYSTEM,14,SER,OG,0.03399966000339997
SYSTEM,51,ARG,NH2,SYSTEM,39,GLU,OE1,0.000999990000099999
SYSTEM,51,ARG,NH2,SYSTEM,39,GLU,OE2,0.0029999700002999972
SYSTEM,120,GLN,NE2,SYSTEM,28,SER,OG,0.0059999400005999945
SYSTEM,28,SER,OG,SYSTEM,120,GLN,NE2,0.001999980000199998
SYSTEM,34,ARG,NE,SYSTEM,11,ASP,OD2,1.2489875101248988
SYSTEM,34,ARG,NH2,SYSTEM,11,ASP,OD1,1.965980340196598
SYSTEM,35,THR,OG1,SYSTEM,43,SER,OG,0.7099929000709994
SYSTEM,18,SER,OG,SYSTEM,25,SER,OG,0.0049999500004999945
SYSTEM,25,SER,OG,SYSTEM,18,SER,OG,0.006999930000699994
SYSTEM,120,GLN,NE2,SYSTEM,23,SER,OG,0.000999990000099999
SYSTEM,34,ARG,NH1,SYSTEM,39,GLU,OE1,0.007999920000799993
SYSTEM,117,LYS,NZ,SYSTEM,119,MET,SD,0.009999900000999989
SYSTEM,4,SER,OG,SYSTEM,139,GLU,OE2,0.08999910000899991
SYSTEM,34,ARG,NH1,SYSTEM,39,GLU,OE2,0.010999890001099988
SYSTEM,48,GLN,NE2,SYSTEM,42,GLU,OE2,0.000999990000099999
SYSTEM,82,SER,OG,SYSTEM,85,GLN,NE2,0.027999720002799974
SYSTEM,4,SER,OG,SYSTEM,35,THR,OG1,2.4049759502404977
SYSTEM,25,SER,OG,SYSTEM,29,ASP,OD1,0.12099879001209989
SYSTEM,47,LYS,NZ,SYSTEM,35,THR,OG1,1.5609843901560985
SYSTEM,66,SER,OG,SYSTEM,70,SER,OG,0.00899991000089999
SYSTEM,22,TYR,OH,SYSTEM,26,GLN,OE1,0.012999870001299986
SYSTEM,2,SER,OG,SYSTEM,3,GLN,OE1,0.07099929000709992
SYSTEM,35,THR,OG1,SYSTEM,1,MET,SD,0.12199878001219987
SYSTEM,60,ARG,NH2,SYSTEM,168,GLU,OE2,13.445865541344586
SYSTEM,60,ARG,NE,SYSTEM,168,GLU,OE2,12.446875531244688
SYSTEM,92,ARG,NH2,SYSTEM,67,ASP,OD2,0.000999990000099999
SYSTEM,2,SER,OG,SYSTEM,1,MET,SD,0.00899991000089999
SYSTEM,41,THR,OG1,SYSTEM,149,ASP,OD1,0.0029999700002999972
SYSTEM,66,SER,OG,SYSTEM,113,GLU,OE2,0.02099979000209998
SYSTEM,6,ARG,NH2,SYSTEM,132,THR,OG1,0.13099869001309988
SYSTEM,61,TYR,OH,SYSTEM,168,GLU,OE1,32.42667573324267
SYSTEM,62,ARG,NH1,SYSTEM,113,GLU,OE2,0.000999990000099999
SYSTEM,132,THR,OG1,SYSTEM,80,TYR,OH,0.8009919900800991
SYSTEM,80,TYR,OH,SYSTEM,132,THR,OG1,0.06399936000639994
SYSTEM,14,SER,OG,SYSTEM,11,ASP,OD1,0.08399916000839992
SYSTEM,165,LYS,NZ,SYSTEM,56,GLU,OE2,0.7109928900710992
SYSTEM,34,ARG,NH2,SYSTEM,44,GLU,OE1,1.3369866301336986
SYSTEM,34,ARG,NH1,SYSTEM,44,GLU,OE1,1.3209867901320986
SYSTEM,34,ARG,NH2,SYSTEM,44,GLU,OE2,3.881961180388196
SYSTEM,15,TYR,OH,SYSTEM,48,GLN,NE2,0.000999990000099999
SYSTEM,48,GLN,NE2,SYSTEM,15,TYR,OH,0.000999990000099999
SYSTEM,28,SER,OG,SYSTEM,14,SER,OG,0.12499875001249988
SYSTEM,96,ASN,ND2,SYSTEM,61,TYR,OH,0.003999960000399996
SYSTEM,70,SER,OG,SYSTEM,71,GLN,OE1,0.001999980000199998
SYSTEM,6,ARG,NH1,SYSTEM,124,SER,OG,0.966990330096699
SYSTEM,24,TRP,NE1,SYSTEM,14,SER,OG,0.039999600003999956
SYSTEM,135,ASN,ND2,SYSTEM,136,ASP,OD2,0.6889931100688993
SYSTEM,14,SER,OG,SYSTEM,29,ASP,OD2,0.025999740002599973
SYSTEM,24,TRP,NE1,SYSTEM,29,ASP,OD1,1.067989320106799
SYSTEM,24,TRP,NE1,SYSTEM,29,ASP,OD2,0.3099969000309997
SYSTEM,14,SER,OG,SYSTEM,29,ASP,OD1,0.10699893001069989
SYSTEM,135,ASN,ND2,SYSTEM,132,THR,OG1,0.0029999700002999972
SYSTEM,148,TRP,NE1,SYSTEM,39,GLU,OE1,0.000999990000099999
SYSTEM,163,SER,OG,SYSTEM,162,GLU,OE1,0.03199968000319997
SYSTEM,26,GLN,NE2,SYSTEM,25,SER,OG,0.829991700082999
SYSTEM,2,SER,OG,SYSTEM,3,GLN,NE2,0.006999930000699994
SYSTEM,34,ARG,NH2,SYSTEM,43,SER,OG,0.10799892001079989
SYSTEM,20,LYS,NZ,SYSTEM,55,ASP,OD2,0.000999990000099999
SYSTEM,34,ARG,NH1,SYSTEM,41,THR,OG1,0.2249977500224998
SYSTEM,34,ARG,NH2,SYSTEM,44,GLU,OE2,1.180988190118099
SYSTEM,23,SER,OG,SYSTEM,120,GLN,OE1,0.000999990000099999
SYSTEM,19,GLN,NE2,SYSTEM,14,SER,OG,0.000999990000099999
SYSTEM,34,ARG,NH1,SYSTEM,44,GLU,OE2,1.037989620103799
SYSTEM,34,ARG,NH1,SYSTEM,43,SER,OG,0.15799842001579983
SYSTEM,62,ARG,NH2,SYSTEM,66,SER,OG,0.007999920000799993
SYSTEM,41,THR,OG1,SYSTEM,7,GLU,OE1,0.001999980000199998
SYSTEM,34,ARG,NH2,SYSTEM,41,THR,OG1,0.18299817001829982
SYSTEM,85,GLN,NE2,SYSTEM,88,ASN,OD1,0.001999980000199998
SYSTEM,3,GLN,NE2,SYSTEM,33,ASN,OD1,0.06899931000689993
SYSTEM,33,ASN,ND2,SYSTEM,32,GLU,OE1,0.05499945000549994
SYSTEM,96,ASN,ND2,SYSTEM,93,ASP,OD1,0.03399966000339997
SYSTEM,71,GLN,NE2,SYSTEM,73,HIS,NE2,0.000999990000099999
SYSTEM,60,ARG,NH2,SYSTEM,155,TYR,OH,0.16899831001689983
SYSTEM,164,ARG,NH2,SYSTEM,155,TYR,OH,0.000999990000099999
SYSTEM,99,ARG,NH2,SYSTEM,168,GLU,OE2,0.11999880001199988
SYSTEM,169,ARG,NH1,SYSTEM,96,ASN,OD1,0.5439945600543995
SYSTEM,169,ARG,NE,SYSTEM,96,ASN,OD1,2.5579744202557975
SYSTEM,169,ARG,NH2,SYSTEM,96,ASN,OD1,2.306976930230698
SYSTEM,23,SER,OG,SYSTEM,18,SER,OG,0.000999990000099999
SYSTEM,92,ARG,NH2,SYSTEM,61,TYR,OH,0.0059999400005999945
SYSTEM,96,ASN,ND2,SYSTEM,167,GLN,OE1,0.5769942300576993
SYSTEM,48,GLN,NE2,SYSTEM,43,SER,OG,0.000999990000099999
SYSTEM,23,SER,OG,SYSTEM,14,SER,OG,0.001999980000199998
SYSTEM,96,ASN,ND2,SYSTEM,167,GLN,NE2,0.27399726002739977
SYSTEM,20,LYS,NZ,SYSTEM,113,GLU,OE1,0.049999500004999954
SYSTEM,99,ARG,NH1,SYSTEM,168,GLU,OE2,0.12899871001289986
SYSTEM,33,ASN,ND2,SYSTEM,3,GLN,NE2,0.16199838001619984
SYSTEM,33,ASN,ND2,SYSTEM,3,GLN,OE1,0.5459945400545995
SYSTEM,33,ASN,ND2,SYSTEM,3,GLN,OE1,0.11899881001189987
SYSTEM,6,ARG,NH1,SYSTEM,29,ASP,OD2,0.30699693003069967
SYSTEM,3,GLN,NE2,SYSTEM,32,GLU,OE2,1.048989510104899
SYSTEM,3,GLN,NE2,SYSTEM,32,GLU,OE1,1.1429885701142988
SYSTEM,99,ARG,NH2,SYSTEM,168,GLU,OE1,0.13499865001349987
SYSTEM,28,SER,OG,SYSTEM,29,ASP,OD2,0.001999980000199998
SYSTEM,99,ARG,NH1,SYSTEM,168,GLU,OE1,0.1949980500194998
SYSTEM,3,GLN,NE2,SYSTEM,39,GLU,OE1,0.03599964000359996
SYSTEM,3,GLN,NE2,SYSTEM,39,GLU,OE2,0.05599944000559995
SYSTEM,28,SER,OG,SYSTEM,29,ASP,OD1,0.001999980000199998
SYSTEM,6,ARG,NE,SYSTEM,28,SER,OG,0.06499935000649994
SYSTEM,33,ASN,ND2,SYSTEM,3,GLN,NE2,0.04599954000459995
SYSTEM,6,ARG,NH1,SYSTEM,28,SER,OG,0.17099829001709985
SYSTEM,34,ARG,NH1,SYSTEM,14,SER,OG,0.011999880001199989
SYSTEM,99,ARG,NH1,SYSTEM,168,GLU,OE1,0.007999920000799993
SYSTEM,34,ARG,NH1,SYSTEM,11,ASP,OD2,0.013999860001399987
SYSTEM,34,ARG,NH1,SYSTEM,44,GLU,OE2,0.5609943900560995
SYSTEM,164,ARG,NE,SYSTEM,163,SER,OG,0.014999850001499985
SYSTEM,34,ARG,NH1,SYSTEM,44,GLU,OE1,0.3959960400395996
SYSTEM,6,ARG,NH1,SYSTEM,28,SER,OG,0.001999980000199998
SYSTEM,6,ARG,NH2,SYSTEM,2,SER,OG,0.0989990100098999
SYSTEM,6,ARG,NE,SYSTEM,2,SER,OG,0.12499875001249988
SYSTEM,34,ARG,NE,SYSTEM,44,GLU,OE1,4.272957270427296
SYSTEM,143,GLN,NE2,SYSTEM,144,GLU,OE1,0.003999960000399996
SYSTEM,34,ARG,NE,SYSTEM,44,GLU,OE2,5.020949790502096
SYSTEM,34,ARG,NH2,SYSTEM,44,GLU,OE1,1.941980580194198
SYSTEM,34,ARG,NE,SYSTEM,11,ASP,OD1,1.8899811001889981
SYSTEM,6,ARG,NH1,SYSTEM,135,ASN,OD1,0.11499885001149988
SYSTEM,63,ARG,NH2,SYSTEM,89,GLU,OE1,0.001999980000199998
SYSTEM,165,LYS,NZ,SYSTEM,56,GLU,OE1,0.5479945200547995
SYSTEM,165,LYS,NZ,SYSTEM,56,GLU,OE2,0.4829951700482995
SYSTEM,35,THR,OG1,SYSTEM,44,GLU,OE1,11.12188878111219
SYSTEM,47,LYS,NZ,SYSTEM,35,THR,OG1,1.4139858601413986
SYSTEM,43,SER,OG,SYSTEM,35,THR,OG1,1.4709852901470986
SYSTEM,35,THR,OG1,SYSTEM,44,GLU,OE2,9.061909380906192
SYSTEM,2,SER,OG,SYSTEM,132,THR,OG1,0.06599934000659993
SYSTEM,48,GLN,NE2,SYSTEM,41,THR,OG1,0.01799982000179998
SYSTEM,35,THR,OG1,SYSTEM,41,THR,OG1,0.00899991000089999
SYSTEM,26,GLN,NE2,SYSTEM,124,SER,OG,0.034999650003499964
SYSTEM,120,GLN,NE2,SYSTEM,23,SER,OG,0.000999990000099999
SYSTEM,14,SER,OG,SYSTEM,28,SER,OG,0.02099979000209998
SYSTEM,124,SER,OG,SYSTEM,120,GLN,OE1,0.003999960000399996
SYSTEM,6,ARG,NH2,SYSTEM,132,THR,OG1,0.014999850001499985
SYSTEM,33,ASN,ND2,SYSTEM,11,ASP,OD1,5.678943210567895
SYSTEM,34,ARG,NH1,SYSTEM,11,ASP,OD1,0.006999930000699994
SYSTEM,14,SER,OG,SYSTEM,31,GLU,OE1,0.007999920000799993
SYSTEM,14,SER,OG,SYSTEM,31,GLU,OE2,0.009999900000999989
SYSTEM,25,SER,OG,SYSTEM,32,GLU,OE2,0.05499945000549994
SYSTEM,18,SER,OG,SYSTEM,31,GLU,OE2,1.5629843701562987
SYSTEM,34,ARG,NE,SYSTEM,14,SER,OG,0.000999990000099999
SYSTEM,18,SER,OG,SYSTEM,31,GLU,OE1,1.6149838501614986
SYSTEM,23,SER,OG,SYSTEM,31,GLU,OE2,0.2519974800251997
SYSTEM,33,ASN,ND2,SYSTEM,7,GLU,OE2,0.08399916000839992
SYSTEM,33,ASN,ND2,SYSTEM,7,GLU,OE1,0.0909990900090999
SYSTEM,51,ARG,NH1,SYSTEM,41,THR,OG1,0.0029999700002999972
SYSTEM,169,ARG,NH2,SYSTEM,61,TYR,OH,0.3299967000329997
SYSTEM,169,ARG,NH1,SYSTEM,61,TYR,OH,0.05099949000509995
SYSTEM,148,TRP,NE1,SYSTEM,1,MET,SD,0.013999860001399987
SYSTEM,169,ARG,NE,SYSTEM,61,TYR,OH,0.3829961700382996
SYSTEM,51,ARG,NH2,SYSTEM,32,GLU,OE2,1.3589864101358986
SYSTEM,51,ARG,NH1,SYSTEM,32,GLU,OE2,1.5059849401505985
SYSTEM,51,ARG,NH1,SYSTEM,32,GLU,OE1,1.5409845901540984
SYSTEM,51,ARG,NH2,SYSTEM,32,GLU,OE1,1.4079859201407985
SYSTEM,23,SER,OG,SYSTEM,31,GLU,OE1,0.2109978900210998
SYSTEM,6,ARG,NE,SYSTEM,135,ASN,OD1,0.1819981800181998
SYSTEM,6,ARG,NH2,SYSTEM,135,ASN,OD1,0.16499835001649985
SYSTEM,34,ARG,NH1,SYSTEM,32,GLU,OE2,2.4149758502414973
SYSTEM,34,ARG,NH1,SYSTEM,32,GLU,OE1,1.945980540194598
SYSTEM,169,ARG,NH2,SYSTEM,61,TYR,OH,0.03599964000359996
SYSTEM,34,ARG,NE,SYSTEM,32,GLU,OE2,19.14580854191458
SYSTEM,34,ARG,NE,SYSTEM,32,GLU,OE1,19.24180758192418
SYSTEM,34,ARG,NH2,SYSTEM,32,GLU,OE1,19.86180138198618
SYSTEM,34,ARG,NH2,SYSTEM,32,GLU,OE2,19.61780382196178
SYSTEM,169,ARG,NH1,SYSTEM,61,TYR,OH,0.044999550004499955
SYSTEM,75,THR,OG1,SYSTEM,119,MET,SD,0.000999990000099999
SYSTEM,6,ARG,NH1,SYSTEM,7,GLU,OE2,0.0029999700002999972
SYSTEM,6,ARG,NH2,SYSTEM,7,GLU,OE2,0.003999960000399996
SYSTEM,33,ASN,ND2,SYSTEM,11,ASP,OD2,1.006989930100699
SYSTEM,51,ARG,NE,SYSTEM,19,GLN,OE1,0.0029999700002999972
SYSTEM,3,GLN,NE2,SYSTEM,39,GLU,OE1,0.5289947100528994
SYSTEM,35,THR,OG1,SYSTEM,32,GLU,OE1,0.15499845001549986
SYSTEM,35,THR,OG1,SYSTEM,32,GLU,OE2,0.12599874001259986
SYSTEM,34,ARG,NH2,SYSTEM,7,GLU,OE2,0.00899991000089999
SYSTEM,34,ARG,NH2,SYSTEM,7,GLU,OE1,0.02099979000209998
SYSTEM,34,ARG,NH1,SYSTEM,7,GLU,OE1,0.049999500004999954
SYSTEM,124,SER,OG,SYSTEM,33,ASN,OD1,0.003999960000399996
SYSTEM,34,ARG,NH1,SYSTEM,3,GLN,OE1,0.07999920000799991
SYSTEM,33,ASN,ND2,SYSTEM,31,GLU,OE1,1.4449855501444986
SYSTEM,33,ASN,ND2,SYSTEM,31,GLU,OE2,1.2939870601293988
SYSTEM,34,ARG,NH2,SYSTEM,3,GLN,OE1,0.06599934000659993
SYSTEM,34,ARG,NH1,SYSTEM,3,GLN,OE1,1.2709872901270987
SYSTEM,51,ARG,NH1,SYSTEM,52,GLU,OE2,0.0029999700002999972
SYSTEM,34,ARG,NH1,SYSTEM,3,GLN,NE2,0.030999690003099968
SYSTEM,28,SER,OG,SYSTEM,31,GLU,OE1,5.104948950510495
SYSTEM,24,TRP,NE1,SYSTEM,31,GLU,OE1,3.989960100398996
SYSTEM,24,TRP,NE1,SYSTEM,31,GLU,OE2,10.56289437105629
SYSTEM,28,SER,OG,SYSTEM,31,GLU,OE2,10.388896111038889
SYSTEM,6,ARG,NH2,SYSTEM,29,ASP,OD1,0.015999840001599985
SYSTEM,6,ARG,NE,SYSTEM,29,ASP,OD2,0.001999980000199998
SYSTEM,6,ARG,NH2,SYSTEM,29,ASP,OD2,0.010999890001099988
SYSTEM,33,ASN,ND2,SYSTEM,31,GLU,OE1,1.2579874201257988
SYSTEM,4,SER,OG,SYSTEM,36,GLU,OE1,3.1349686503134966
SYSTEM,4,SER,OG,SYSTEM,36,GLU,OE2,3.681963180368196
SYSTEM,34,ARG,NH1,SYSTEM,3,GLN,NE2,0.2129978700212998
SYSTEM,33,ASN,ND2,SYSTEM,31,GLU,OE2,1.2099879001209988
SYSTEM,34,ARG,NH1,SYSTEM,28,SER,OG,0.000999990000099999
SYSTEM,34,ARG,NH1,SYSTEM,33,ASN,OD1,0.001999980000199998
SYSTEM,2,SER,OG,SYSTEM,36,GLU,OE2,0.18299817001829982
SYSTEM,81,GLN,NE2,SYSTEM,78,THR,OG1,0.013999860001399987
SYSTEM,2,SER,OG,SYSTEM,36,GLU,OE1,0.20599794002059982
SYSTEM,6,ARG,NH1,SYSTEM,31,GLU,OE2,6.168938310616894
SYSTEM,6,ARG,NH2,SYSTEM,31,GLU,OE2,6.055939440605594
SYSTEM,6,ARG,NH1,SYSTEM,31,GLU,OE1,6.454935450645493
SYSTEM,6,ARG,NH2,SYSTEM,31,GLU,OE1,6.150938490615094
SYSTEM,124,SER,OG,SYSTEM,31,GLU,OE2,0.03899961000389996
SYSTEM,141,TRP,NE1,SYSTEM,144,GLU,OE2,0.001999980000199998
SYSTEM,6,ARG,NH2,SYSTEM,31,GLU,OE2,10.47989520104799
SYSTEM,6,ARG,NE,SYSTEM,31,GLU,OE2,9.33790662093379
SYSTEM,6,ARG,NH2,SYSTEM,31,GLU,OE1,10.680893191068089
SYSTEM,6,ARG,NE,SYSTEM,31,GLU,OE1,10.40589594104059
SYSTEM,3,GLN,NE2,SYSTEM,31,GLU,OE1,0.13799862001379987
SYSTEM,169,ARG,NH2,SYSTEM,96,ASN,OD1,0.03199968000319997
SYSTEM,34,ARG,NH1,SYSTEM,33,ASN,OD1,0.000999990000099999
SYSTEM,169,ARG,NH1,SYSTEM,96,ASN,OD1,0.018999810001899983
SYSTEM,99,ARG,NH1,SYSTEM,168,GLU,OE2,0.001999980000199998
SYSTEM,96,ASN,ND2,SYSTEM,167,GLN,OE1,0.8339916600833991
SYSTEM,167,GLN,NE2,SYSTEM,96,ASN,OD1,0.22799772002279978
SYSTEM,167,GLN,NE2,SYSTEM,96,ASN,OD1,0.17399826001739982
SYSTEM,6,ARG,NH1,SYSTEM,31,GLU,OE1,0.34399656003439966
SYSTEM,6,ARG,NH1,SYSTEM,31,GLU,OE2,0.34399656003439966
SYSTEM,124,SER,OG,SYSTEM,31,GLU,OE1,0.02899971000289997
SYSTEM,145,ASN,ND2,SYSTEM,150,THR,OG1,0.04099959000409996
SYSTEM,143,GLN,NE2,SYSTEM,36,GLU,OE1,0.003999960000399996
SYSTEM,143,GLN,NE2,SYSTEM,36,GLU,OE1,0.006999930000699994
SYSTEM,3,GLN,NE2,SYSTEM,31,GLU,OE2,0.05299947000529995
SYSTEM,3,GLN,NE2,SYSTEM,31,GLU,OE2,0.17299827001729984
SYSTEM,3,GLN,NE2,SYSTEM,31,GLU,OE1,0.056999430005699944
SYSTEM,34,ARG,NH2,SYSTEM,1,MET,SD,0.0029999700002999972
SYSTEM,117,LYS,NZ,SYSTEM,75,THR,OG1,0.000999990000099999
SYSTEM,164,ARG,NH2,SYSTEM,163,SER,OG,0.0029999700002999972
SYSTEM,48,GLN,NE2,SYSTEM,15,TYR,OH,0.00899991000089999
SYSTEM,62,ARG,NH2,SYSTEM,19,GLN,OE1,0.000999990000099999
SYSTEM,143,GLN,NE2,SYSTEM,42,GLU,OE2,0.000999990000099999
SYSTEM,34,ARG,NE,SYSTEM,33,ASN,OD1,0.003999960000399996
SYSTEM,15,TYR,OH,SYSTEM,11,ASP,OD1,0.00899991000089999
SYSTEM,15,TYR,OH,SYSTEM,11,ASP,OD2,0.011999880001199989
SYSTEM,71,GLN,NE2,SYSTEM,85,GLN,OE1,2.7269727302726974
SYSTEM,62,ARG,NH2,SYSTEM,113,GLU,OE1,0.009999900000999989
SYSTEM,62,ARG,NH2,SYSTEM,113,GLU,OE2,0.016999830001699984
SYSTEM,62,ARG,NE,SYSTEM,113,GLU,OE2,0.0029999700002999972
SYSTEM,41,THR,OG1,SYSTEM,7,GLU,OE2,0.003999960000399996
SYSTEM,158,ASN,ND2,SYSTEM,153,GLU,OE2,0.2929970700292997
SYSTEM,15,TYR,OH,SYSTEM,44,GLU,OE1,0.0029999700002999972
SYSTEM,155,TYR,OH,SYSTEM,167,GLN,NE2,0.016999830001699984
SYSTEM,48,GLN,NE2,SYSTEM,43,SER,OG,0.011999880001199989
SYSTEM,41,THR,OG1,SYSTEM,35,THR,OG1,0.001999980000199998
SYSTEM,33,ASN,ND2,SYSTEM,11,ASP,OD2,0.032999670003299966
SYSTEM,6,ARG,NE,SYSTEM,29,ASP,OD1,0.001999980000199998
SYSTEM,63,ARG,NH2,SYSTEM,113,GLU,OE1,0.000999990000099999
SYSTEM,20,LYS,NZ,SYSTEM,113,GLU,OE2,0.007999920000799993
SYSTEM,63,ARG,NH1,SYSTEM,113,GLU,OE2,0.011999880001199989
SYSTEM,63,ARG,NH2,SYSTEM,113,GLU,OE2,0.013999860001399987
SYSTEM,63,ARG,NH2,SYSTEM,113,GLU,OE1,0.0049999500004999945
SYSTEM,63,ARG,NH1,SYSTEM,113,GLU,OE1,0.000999990000099999
SYSTEM,6,ARG,NH1,SYSTEM,7,GLU,OE2,0.00899991000089999
SYSTEM,96,ASN,ND2,SYSTEM,93,ASP,OD2,0.034999650003499964
SYSTEM,163,SER,OG,SYSTEM,158,ASN,OD1,1.1389886101138988
SYSTEM,158,ASN,ND2,SYSTEM,163,SER,OG,0.26399736002639973
SYSTEM,157,ASN,ND2,SYSTEM,153,GLU,OE1,1.021989780102199
SYSTEM,157,ASN,ND2,SYSTEM,153,GLU,OE2,0.9889901100988989
SYSTEM,158,ASN,ND2,SYSTEM,153,GLU,OE1,0.28699713002869975
SYSTEM,165,LYS,NZ,SYSTEM,61,TYR,OH,0.016999830001699984
SYSTEM,165,LYS,NZ,SYSTEM,61,TYR,OH,0.03199968000319997
SYSTEM,158,ASN,ND2,SYSTEM,163,SER,OG,0.25299747002529976
SYSTEM,165,LYS,NZ,SYSTEM,61,TYR,OH,0.024999750002499977
SYSTEM,41,THR,OG1,SYSTEM,36,GLU,OE2,0.4829951700482995
SYSTEM,25,SER,OG,SYSTEM,32,GLU,OE1,0.049999500004999954
SYSTEM,23,SER,OG,SYSTEM,32,GLU,OE1,0.001999980000199998
SYSTEM,51,ARG,NH2,SYSTEM,35,THR,OG1,0.000999990000099999
SYSTEM,135,ASN,ND2,SYSTEM,4,SER,OG,0.000999990000099999
SYSTEM,167,GLN,NE2,SYSTEM,150,THR,OG1,0.006999930000699994
SYSTEM,33,ASN,ND2,SYSTEM,11,ASP,OD1,0.05099949000509995
SYSTEM,47,LYS,NZ,SYSTEM,33,ASN,OD1,0.000999990000099999
SYSTEM,132,THR,OG1,SYSTEM,136,ASP,OD2,0.003999960000399996
SYSTEM,132,THR,OG1,SYSTEM,136,ASP,OD1,0.003999960000399996
SYSTEM,62,ARG,NH1,SYSTEM,69,THR,OG1,0.001999980000199998
SYSTEM,111,CYS,SG,SYSTEM,114,SER,OG,0.014999850001499985
SYSTEM,157,ASN,ND2,SYSTEM,153,GLU,OE1,0.014999850001499985
SYSTEM,157,ASN,ND2,SYSTEM,153,GLU,OE2,0.013999860001399987
SYSTEM,62,ARG,NH2,SYSTEM,19,GLN,NE2,0.000999990000099999
SYSTEM,33,ASN,ND2,SYSTEM,44,GLU,OE2,0.0049999500004999945
SYSTEM,51,ARG,NH2,SYSTEM,33,ASN,OD1,0.010999890001099988
SYSTEM,51,ARG,NH1,SYSTEM,33,ASN,OD1,0.0049999500004999945
SYSTEM,33,ASN,ND2,SYSTEM,44,GLU,OE1,0.001999980000199998
SYSTEM,47,LYS,NZ,SYSTEM,33,ASN,OD1,0.003999960000399996
SYSTEM,43,SER,OG,SYSTEM,3,GLN,NE2,0.06499935000649994
SYSTEM,135,ASN,ND2,SYSTEM,4,SER,OG,0.007999920000799993
SYSTEM,145,ASN,ND2,SYSTEM,150,THR,OG1,0.0029999700002999972
SYSTEM,150,THR,OG1,SYSTEM,167,GLN,NE2,0.000999990000099999
SYSTEM,62,ARG,NH1,SYSTEM,19,GLN,OE1,0.000999990000099999
SYSTEM,23,SER,OG,SYSTEM,32,GLU,OE2,0.000999990000099999
SYSTEM,2,SER,OG,SYSTEM,39,GLU,OE2,0.14199858001419985
SYSTEM,2,SER,OG,SYSTEM,39,GLU,OE1,0.13199868001319986
SYSTEM,47,LYS,NZ,SYSTEM,33,ASN,OD1,0.0059999400005999945
SYSTEM,164,ARG,NE,SYSTEM,158,ASN,OD1,0.5939940600593994
SYSTEM,164,ARG,NH2,SYSTEM,158,ASN,OD1,0.3739962600373996
SYSTEM,71,GLN,NE2,SYSTEM,70,SER,OG,0.013999860001399987
SYSTEM,33,ASN,ND2,SYSTEM,36,GLU,OE2,0.010999890001099988
SYSTEM,33,ASN,ND2,SYSTEM,36,GLU,OE1,0.021999780002199976
SYSTEM,5,ASN,ND2,SYSTEM,143,GLN,OE1,0.003999960000399996
SYSTEM,5,ASN,ND2,SYSTEM,143,GLN,NE2,0.012999870001299986
SYSTEM,33,ASN,ND2,SYSTEM,36,GLU,OE2,0.000999990000099999
SYSTEM,92,ARG,NH2,SYSTEM,85,GLN,NE2,0.0029999700002999972
SYSTEM,6,ARG,NH2,SYSTEM,1,MET,SD,0.049999500004999954
SYSTEM,6,ARG,NH2,SYSTEM,36,GLU,OE2,0.6099939000609994
SYSTEM,148,TRP,NE1,SYSTEM,2,SER,OG,0.10799892001079989
SYSTEM,6,ARG,NH1,SYSTEM,36,GLU,OE1,0.000999990000099999
SYSTEM,6,ARG,NH1,SYSTEM,36,GLU,OE2,0.000999990000099999
SYSTEM,25,SER,OG,SYSTEM,26,GLN,NE2,0.0029999700002999972
SYSTEM,111,CYS,SG,SYSTEM,120,GLN,OE1,0.000999990000099999
SYSTEM,34,ARG,NH2,SYSTEM,135,ASN,OD1,0.000999990000099999
SYSTEM,33,ASN,ND2,SYSTEM,4,SER,OG,0.0029999700002999972
SYSTEM,34,ARG,NE,SYSTEM,4,SER,OG,0.000999990000099999
SYSTEM,3,GLN,NE2,SYSTEM,143,GLN,NE2,0.003999960000399996
SYSTEM,143,GLN,NE2,SYSTEM,3,GLN,OE1,0.034999650003499964
SYSTEM,2,SER,OG,SYSTEM,7,GLU,OE2,6.2049379506204945
SYSTEM,2,SER,OG,SYSTEM,43,SER,OG,0.1959980400195998
SYSTEM,2,SER,OG,SYSTEM,7,GLU,OE1,7.581924180758193
SYSTEM,43,SER,OG,SYSTEM,2,SER,OG,5.531944680553194
SYSTEM,143,GLN,NE2,SYSTEM,3,GLN,NE2,0.019999800001999978
SYSTEM,6,ARG,NE,SYSTEM,36,GLU,OE1,0.48099519004809954
SYSTEM,6,ARG,NE,SYSTEM,4,SER,OG,1.1169888301116988
SYSTEM,6,ARG,NH2,SYSTEM,4,SER,OG,0.17399826001739982
SYSTEM,6,ARG,NH2,SYSTEM,36,GLU,OE1,0.6209937900620994
SYSTEM,6,ARG,NE,SYSTEM,36,GLU,OE2,0.49899501004989955
SYSTEM,6,ARG,NH1,SYSTEM,5,ASN,OD1,0.0049999500004999945
SYSTEM,99,ARG,NE,SYSTEM,168,GLU,OE1,0.027999720002799974
SYSTEM,99,ARG,NH2,SYSTEM,168,GLU,OE1,0.039999600003999956
SYSTEM,60,ARG,NE,SYSTEM,168,GLU,OE1,11.832881671183289
SYSTEM,99,ARG,NE,SYSTEM,168,GLU,OE2,0.032999670003299966
SYSTEM,99,ARG,NH2,SYSTEM,168,GLU,OE2,0.05499945000549994
SYSTEM,96,ASN,ND2,SYSTEM,168,GLU,OE1,0.000999990000099999
SYSTEM,96,ASN,ND2,SYSTEM,168,GLU,OE1,0.011999880001199989
SYSTEM,96,ASN,ND2,SYSTEM,168,GLU,OE2,0.006999930000699994
SYSTEM,14,SER,OG,SYSTEM,32,GLU,OE1,0.027999720002799974
SYSTEM,96,ASN,ND2,SYSTEM,168,GLU,OE2,0.0049999500004999945
SYSTEM,61,TYR,OH,SYSTEM,93,ASP,OD2,0.000999990000099999
SYSTEM,6,ARG,NH1,SYSTEM,4,SER,OG,0.04199958000419996
SYSTEM,33,ASN,ND2,SYSTEM,35,THR,OG1,0.010999890001099988
SYSTEM,33,ASN,ND2,SYSTEM,4,SER,OG,0.0029999700002999972
SYSTEM,6,ARG,NE,SYSTEM,5,ASN,OD1,0.026999730002699972
SYSTEM,6,ARG,NH2,SYSTEM,5,ASN,OD1,0.0029999700002999972
SYSTEM,3,GLN,NE2,SYSTEM,143,GLN,NE2,0.04099959000409996
SYSTEM,4,SER,OG,SYSTEM,32,GLU,OE2,2.8239717602823973
SYSTEM,4,SER,OG,SYSTEM,32,GLU,OE1,3.1179688203117966
SYSTEM,47,LYS,NZ,SYSTEM,32,GLU,OE2,0.001999980000199998
SYSTEM,2,SER,OG,SYSTEM,32,GLU,OE2,0.000999990000099999
SYSTEM,47,LYS,NZ,SYSTEM,32,GLU,OE1,0.000999990000099999
SYSTEM,47,LYS,NZ,SYSTEM,32,GLU,OE1,0.000999990000099999
SYSTEM,34,ARG,NH1,SYSTEM,2,SER,OG,0.012999870001299986
SYSTEM,47,LYS,NZ,SYSTEM,32,GLU,OE1,0.001999980000199998
SYSTEM,92,ARG,NH1,SYSTEM,67,ASP,OD2,0.000999990000099999
SYSTEM,2,SER,OG,SYSTEM,32,GLU,OE1,0.001999980000199998
SYSTEM,4,SER,OG,SYSTEM,31,GLU,OE1,0.032999670003299966
SYSTEM,4,SER,OG,SYSTEM,31,GLU,OE2,0.03199968000319997
SYSTEM,34,ARG,NH1,SYSTEM,4,SER,OG,0.000999990000099999
SYSTEM,34,ARG,NH2,SYSTEM,4,SER,OG,0.000999990000099999
SYSTEM,34,ARG,NH2,SYSTEM,41,THR,OG1,0.13299867001329987
SYSTEM,35,THR,OG1,SYSTEM,2,SER,OG,0.3909960900390996
SYSTEM,6,ARG,NH1,SYSTEM,29,ASP,OD2,0.000999990000099999
SYSTEM,43,SER,OG,SYSTEM,1,MET,SD,0.14899851001489986
SYSTEM,2,SER,OG,SYSTEM,35,THR,OG1,1.027989720102799
SYSTEM,51,ARG,NE,SYSTEM,15,TYR,OH,0.05099949000509995
SYSTEM,14,SER,OG,SYSTEM,11,ASP,OD2,0.21999780002199976
SYSTEM,3,GLN,NE2,SYSTEM,139,GLU,OE2,0.01799982000179998
SYSTEM,3,GLN,NE2,SYSTEM,139,GLU,OE1,0.009999900000999989
SYSTEM,47,LYS,NZ,SYSTEM,36,GLU,OE2,0.000999990000099999
SYSTEM,33,ASN,ND2,SYSTEM,15,TYR,OH,0.001999980000199998
SYSTEM,15,TYR,OH,SYSTEM,33,ASN,OD1,0.001999980000199998
SYSTEM,3,GLN,NE2,SYSTEM,139,GLU,OE2,0.023999760002399978
SYSTEM,34,ARG,NE,SYSTEM,35,THR,OG1,0.0029999700002999972
SYSTEM,34,ARG,NH2,SYSTEM,35,THR,OG1,0.0029999700002999972
SYSTEM,34,ARG,NH2,SYSTEM,48,GLN,NE2,0.0049999500004999945
SYSTEM,23,SER,OG,SYSTEM,33,ASN,OD1,0.014999850001499985
SYSTEM,34,ARG,NH2,SYSTEM,48,GLN,NE2,0.009999900000999989
SYSTEM,34,ARG,NH2,SYSTEM,48,GLN,OE1,0.003999960000399996
SYSTEM,34,ARG,NH2,SYSTEM,48,GLN,OE1,0.011999880001199989
SYSTEM,33,ASN,ND2,SYSTEM,23,SER,OG,0.007999920000799993
SYSTEM,35,THR,OG1,SYSTEM,11,ASP,OD2,0.000999990000099999
SYSTEM,117,LYS,NZ,SYSTEM,69,THR,OG1,0.000999990000099999
SYSTEM,143,GLN,NE2,SYSTEM,3,GLN,NE2,0.0059999400005999945
SYSTEM,3,GLN,NE2,SYSTEM,143,GLN,OE1,0.025999740002599973
SYSTEM,33,ASN,ND2,SYSTEM,35,THR,OG1,0.009999900000999989
SYSTEM,3,GLN,NE2,SYSTEM,139,GLU,OE1,0.06799932000679994
SYSTEM,41,THR,OG1,SYSTEM,36,GLU,OE1,0.5029949700502995
SYSTEM,34,ARG,NE,SYSTEM,41,THR,OG1,0.023999760002399978
SYSTEM,6,ARG,NE,SYSTEM,124,SER,OG,0.000999990000099999
SYSTEM,47,LYS,NZ,SYSTEM,2,SER,OG,0.003999960000399996
SYSTEM,51,ARG,NH2,SYSTEM,14,SER,OG,0.16399836001639984
SYSTEM,47,LYS,NZ,SYSTEM,2,SER,OG,0.0059999400005999945
SYSTEM,164,ARG,NH2,SYSTEM,157,ASN,OD1,0.000999990000099999
SYSTEM,5,ASN,ND2,SYSTEM,3,GLN,OE1,0.001999980000199998
SYSTEM,3,GLN,NE2,SYSTEM,5,ASN,OD1,0.010999890001099988
SYSTEM,148,TRP,NE1,SYSTEM,3,GLN,NE2,0.011999880001199989
SYSTEM,3,GLN,NE2,SYSTEM,5,ASN,OD1,0.12799872001279988
SYSTEM,5,ASN,ND2,SYSTEM,3,GLN,NE2,0.001999980000199998
SYSTEM,5,ASN,ND2,SYSTEM,3,GLN,NE2,0.000999990000099999
SYSTEM,148,TRP,NE1,SYSTEM,3,GLN,OE1,0.001999980000199998
SYSTEM,43,SER,OG,SYSTEM,3,GLN,OE1,0.14699853001469984
SYSTEM,3,GLN,NE2,SYSTEM,43,SER,OG,1.7779822201777984
SYSTEM,6,ARG,NH2,SYSTEM,139,GLU,OE1,0.000999990000099999
SYSTEM,6,ARG,NH1,SYSTEM,135,ASN,OD1,0.006999930000699994
SYSTEM,6,ARG,NH2,SYSTEM,135,ASN,OD1,0.0059999400005999945
SYSTEM,143,GLN,NE2,SYSTEM,5,ASN,OD1,0.001999980000199998
SYSTEM,143,GLN,NE2,SYSTEM,2,SER,OG,0.3909960900390996
SYSTEM,47,LYS,NZ,SYSTEM,3,GLN,NE2,0.08999910000899991
SYSTEM,3,GLN,NE2,SYSTEM,43,SER,OG,0.2999970000299997
SYSTEM,47,LYS,NZ,SYSTEM,3,GLN,NE2,0.014999850001499985
SYSTEM,143,GLN,NE2,SYSTEM,2,SER,OG,0.03899961000389996
SYSTEM,2,SER,OG,SYSTEM,143,GLN,NE2,0.026999730002699972
SYSTEM,47,LYS,NZ,SYSTEM,3,GLN,NE2,0.012999870001299986
SYSTEM,14,SER,OG,SYSTEM,32,GLU,OE2,0.039999600003999956
SYSTEM,3,GLN,NE2,SYSTEM,149,ASP,OD1,0.022999770002299975
SYSTEM,143,GLN,NE2,SYSTEM,5,ASN,OD1,0.000999990000099999
SYSTEM,34,ARG,NH1,SYSTEM,48,GLN,NE2,0.010999890001099988
SYSTEM,35,THR,OG1,SYSTEM,33,ASN,OD1,0.000999990000099999
SYSTEM,6,ARG,NH2,SYSTEM,7,GLU,OE1,0.000999990000099999
SYSTEM,6,ARG,NH2,SYSTEM,139,GLU,OE2,0.000999990000099999
SYSTEM,48,GLN,NE2,SYSTEM,32,GLU,OE2,0.000999990000099999
SYSTEM,34,ARG,NH1,SYSTEM,48,GLN,OE1,0.0049999500004999945
SYSTEM,3,GLN,NE2,SYSTEM,42,GLU,OE2,0.10399896001039989
SYSTEM,3,GLN,NE2,SYSTEM,42,GLU,OE2,0.049999500004999954
SYSTEM,3,GLN,NE2,SYSTEM,149,ASP,OD2,0.03599964000359996
SYSTEM,19,GLN,NE2,SYSTEM,31,GLU,OE1,0.0059999400005999945
SYSTEM,19,GLN,NE2,SYSTEM,31,GLU,OE2,0.000999990000099999
SYSTEM,70,SER,OG,SYSTEM,71,GLN,NE2,0.000999990000099999
SYSTEM,19,GLN,NE2,SYSTEM,31,GLU,OE2,0.0029999700002999972
SYSTEM,48,GLN,NE2,SYSTEM,32,GLU,OE1,0.0029999700002999972
SYSTEM,165,LYS,NZ,SYSTEM,52,GLU,OE2,0.000999990000099999
SYSTEM,169,ARG,NH2,SYSTEM,56,GLU,OE1,0.000999990000099999
SYSTEM,169,ARG,NH2,SYSTEM,56,GLU,OE2,0.0049999500004999945
SYSTEM,169,ARG,NH2,SYSTEM,56,GLU,OE2,0.000999990000099999
SYSTEM,15,TYR,OH,SYSTEM,58,GLU,OE1,0.000999990000099999
SYSTEM,47,LYS,NZ,SYSTEM,32,GLU,OE2,0.000999990000099999
SYSTEM,60,ARG,NH1,SYSTEM,155,TYR,OH,0.001999980000199998
SYSTEM,63,ARG,NH1,SYSTEM,70,SER,OG,0.0029999700002999972
SYSTEM,3,GLN,NE2,SYSTEM,42,GLU,OE1,0.04599954000459995
SYSTEM,34,ARG,NH1,SYSTEM,41,THR,OG1,0.049999500004999954
SYSTEM,19,GLN,NE2,SYSTEM,58,GLU,OE2,0.000999990000099999
SYSTEM,71,GLN,NE2,SYSTEM,73,HIS,NE2,0.0049999500004999945
SYSTEM,34,ARG,NH2,SYSTEM,43,SER,OG,0.18899811001889982
SYSTEM,34,ARG,NE,SYSTEM,43,SER,OG,0.10999890001099988
SYSTEM,34,ARG,NH1,SYSTEM,43,SER,OG,0.20599794002059982
SYSTEM,34,ARG,NH2,SYSTEM,2,SER,OG,0.0029999700002999972
SYSTEM,51,ARG,NH1,SYSTEM,52,GLU,OE2,0.0059999400005999945
SYSTEM,51,ARG,NH2,SYSTEM,52,GLU,OE2,0.0029999700002999972
SYSTEM,143,GLN,NE2,SYSTEM,3,GLN,OE1,0.000999990000099999
SYSTEM,51,ARG,NH1,SYSTEM,52,GLU,OE1,0.000999990000099999
SYSTEM,3,GLN,NE2,SYSTEM,143,GLN,OE1,0.000999990000099999
SYSTEM,34,ARG,NH2,SYSTEM,2,SER,OG,0.0059999400005999945
SYSTEM,51,ARG,NE,SYSTEM,52,GLU,OE1,0.010999890001099988
SYSTEM,51,ARG,NH2,SYSTEM,52,GLU,OE1,0.001999980000199998
SYSTEM,34,ARG,NH1,SYSTEM,4,SER,OG,0.000999990000099999
SYSTEM,51,ARG,NH2,SYSTEM,15,TYR,OH,0.01799982000179998
SYSTEM,34,ARG,NE,SYSTEM,2,SER,OG,0.000999990000099999
SYSTEM,51,ARG,NE,SYSTEM,55,ASP,OD2,0.003999960000399996
SYSTEM,51,ARG,NH2,SYSTEM,55,ASP,OD2,0.0059999400005999945
SYSTEM,51,ARG,NE,SYSTEM,55,ASP,OD1,0.013999860001399987
SYSTEM,51,ARG,NH2,SYSTEM,55,ASP,OD1,0.022999770002299975
SYSTEM,51,ARG,NH2,SYSTEM,52,GLU,OE2,0.001999980000199998
SYSTEM,34,ARG,NH1,SYSTEM,2,SER,OG,0.000999990000099999
SYSTEM,51,ARG,NH1,SYSTEM,11,ASP,OD2,0.17499825001749983
SYSTEM,51,ARG,NH1,SYSTEM,11,ASP,OD1,0.3149968500314997
SYSTEM,41,THR,OG1,SYSTEM,43,SER,OG,0.0049999500004999945
SYSTEM,3,GLN,NE2,SYSTEM,41,THR,OG1,0.032999670003299966
SYSTEM,3,GLN,NE2,SYSTEM,41,THR,OG1,0.08199918000819992
