SYSTEM,1,MET,N,SYSTEM,139,GLU,OE1,9.94590054099459
SYSTEM,1,MET,N,SYSTEM,135,ASN,OD1,1.060989390106099
SYSTEM,5,ASN,N,SYSTEM,4,SER,OG,0.3119968800311997
SYSTEM,23,SER,N,SYSTEM,26,GLN,OE1,35.68764312356876
SYSTEM,25,SER,N,SYSTEM,23,SER,OG,73.61926380736192
SYSTEM,26,GLN,N,SYSTEM,23,SER,OG,23.054769452305475
SYSTEM,29,ASP,N,SYSTEM,29,ASP,OD1,8.89291107088929
SYSTEM,36,GLU,N,SYSTEM,35,THR,OG1,2.990970090299097
SYSTEM,37,ALA,N,SYSTEM,36,GLU,OE2,1.781982180178198
SYSTEM,40,GLY,N,SYSTEM,39,GLU,OE2,7.5189248107518925
SYSTEM,75,THR,N,SYSTEM,78,THR,OG1,42.42957570424296
SYSTEM,149,ASP,N,SYSTEM,149,ASP,OD1,20.169798302016982
SYSTEM,5,ASN,ND2,SYSTEM,1,MET,O,0.14099859001409984
SYSTEM,6,ARG,NH1,SYSTEM,36,GLU,O,0.009999900000999989
SYSTEM,6,ARG,NH2,SYSTEM,36,GLU,O,0.016999830001699984
SYSTEM,18,SER,OG,SYSTEM,14,SER,O,43.17256827431726
SYSTEM,43,SER,OG,SYSTEM,39,GLU,O,2.5349746502534973
SYSTEM,78,THR,OG1,SYSTEM,75,THR,O,7.209927900720993
SYSTEM,85,GLN,NE2,SYSTEM,81,GLN,O,25.348746512534877
SYSTEM,99,ARG,NE,SYSTEM,90,LEU,O,3.8999610003899963
SYSTEM,99,ARG,NH2,SYSTEM,90,LEU,O,1.7379826201737982
SYSTEM,105,SER,OG,SYSTEM,57,PHE,O,0.7519924800751993
SYSTEM,117,LYS,NZ,SYSTEM,113,GLU,O,1.2209877901220987
SYSTEM,120,GLN,NE2,SYSTEM,26,GLN,O,1.012989870101299
SYSTEM,124,SER,OG,SYSTEM,27,PHE,O,7.049929500704994
SYSTEM,145,ASN,ND2,SYSTEM,141,TRP,O,97.6930230697693
SYSTEM,150,THR,OG1,SYSTEM,145,ASN,O,90.81209187908121
SYSTEM,157,ASN,ND2,SYSTEM,48,GLN,O,46.727532724672756
SYSTEM,30,VAL,N,SYSTEM,28,SER,OG,34.77065229347707
SYSTEM,40,GLY,N,SYSTEM,39,GLU,OE1,6.722932770672293
SYSTEM,18,SER,OG,SYSTEM,15,TYR,O,1.7039829601703984
SYSTEM,19,GLN,NE2,SYSTEM,15,TYR,O,18.69881301186988
SYSTEM,75,THR,OG1,SYSTEM,73,HIS,O,1.6259837401625985
SYSTEM,105,SER,OG,SYSTEM,101,VAL,O,73.04326956730432
SYSTEM,111,CYS,SG,SYSTEM,107,GLY,O,55.059449405505944
SYSTEM,124,SER,OG,SYSTEM,121,VAL,O,1.4299857001429985
SYSTEM,167,GLN,NE2,SYSTEM,164,ARG,O,4.8569514304856956
SYSTEM,1,MET,N,SYSTEM,135,ASN,OD1,1.079989200107999
SYSTEM,1,MET,N,SYSTEM,139,GLU,OE1,8.90591094089059
SYSTEM,41,THR,N,SYSTEM,39,GLU,OE2,12.927870721292786
SYSTEM,16,LYS,NZ,SYSTEM,54,GLY,O,8.17891821081789
SYSTEM,43,SER,OG,SYSTEM,38,PRO,O,0.0049999500004999945
SYSTEM,70,SER,OG,SYSTEM,66,SER,O,16.261837381626183
SYSTEM,71,GLN,NE2,SYSTEM,86,VAL,O,0.1059989400105999
SYSTEM,33,ASN,ND2,SYSTEM,29,ASP,O,19.27280727192728
SYSTEM,97,TRP,NE1,SYSTEM,145,ASN,O,11.724882751172489
SYSTEM,111,CYS,SG,SYSTEM,108,GLY,O,1.5169848301516984
SYSTEM,132,THR,OG1,SYSTEM,128,ALA,O,74.54325456745433
SYSTEM,23,SER,N,SYSTEM,26,GLN,NE2,1.845981540184598
SYSTEM,37,ALA,N,SYSTEM,36,GLU,OE1,2.2629773702262974
SYSTEM,150,THR,N,SYSTEM,149,ASP,OD1,0.3079969200307997
SYSTEM,157,ASN,N,SYSTEM,157,ASN,OD1,29.333706662933373
SYSTEM,14,SER,OG,SYSTEM,14,SER,O,0.1119988800111999
SYSTEM,62,ARG,NE,SYSTEM,58,GLU,O,10.12589874101259
SYSTEM,62,ARG,NH2,SYSTEM,58,GLU,O,5.449945500544995
SYSTEM,66,SER,OG,SYSTEM,62,ARG,O,9.71690283097169
SYSTEM,78,THR,OG1,SYSTEM,76,PRO,O,0.11799882001179988
SYSTEM,99,ARG,NH2,SYSTEM,89,GLU,O,0.11499885001149988
SYSTEM,34,ARG,N,SYSTEM,33,ASN,OD1,0.15799842001579983
SYSTEM,26,GLN,NE2,SYSTEM,23,SER,O,4.7479525204747945
SYSTEM,117,LYS,NZ,SYSTEM,113,GLU,O,1.134988650113499
SYSTEM,125,ARG,NE,SYSTEM,121,VAL,O,5.6759432405675945
SYSTEM,79,ALA,N,SYSTEM,82,SER,OG,24.649753502464975
SYSTEM,3,GLN,NE2,SYSTEM,36,GLU,O,0.36499635003649966
SYSTEM,48,GLN,NE2,SYSTEM,44,GLU,O,7.040929590704092
SYSTEM,92,ARG,NH1,SYSTEM,92,ARG,O,0.12799872001279988
SYSTEM,117,LYS,NZ,SYSTEM,113,GLU,O,0.983990160098399
SYSTEM,25,SER,OG,SYSTEM,28,SER,O,0.021999780002199976
SYSTEM,34,ARG,NE,SYSTEM,31,GLU,O,1.2959870401295988
SYSTEM,114,SER,OG,SYSTEM,119,MET,O,8.141918580814192
SYSTEM,34,ARG,NH2,SYSTEM,31,GLU,O,0.27299727002729973
SYSTEM,143,GLN,NE2,SYSTEM,139,GLU,O,18.01681983180168
SYSTEM,75,THR,OG1,SYSTEM,76,PRO,O,0.17999820001799982
SYSTEM,1,MET,N,SYSTEM,4,SER,OG,1.7699823001769983
SYSTEM,66,SER,OG,SYSTEM,66,SER,O,0.06899931000689993
SYSTEM,1,MET,N,SYSTEM,1,MET,SD,0.5769942300576993
SYSTEM,111,CYS,SG,SYSTEM,13,LEU,O,7.275927240727592
SYSTEM,114,SER,OG,SYSTEM,114,SER,O,0.996990030099699
SYSTEM,93,ASP,N,SYSTEM,93,ASP,OD2,17.295827041729584
SYSTEM,16,LYS,NZ,SYSTEM,54,GLY,O,8.505914940850591
SYSTEM,169,ARG,NE,SYSTEM,166,GLY,O,13.747862521374788
SYSTEM,16,LYS,NZ,SYSTEM,54,GLY,O,8.284917150828491
SYSTEM,34,ARG,NE,SYSTEM,30,VAL,O,0.7679923200767993
SYSTEM,34,ARG,NH2,SYSTEM,30,VAL,O,0.36599634003659964
SYSTEM,47,LYS,NZ,SYSTEM,40,GLY,O,0.32599674003259965
SYSTEM,141,TRP,NE1,SYSTEM,95,VAL,O,2.914970850291497
SYSTEM,33,ASN,ND2,SYSTEM,32,GLU,O,1.180988190118099
SYSTEM,51,ARG,NE,SYSTEM,11,ASP,O,2.895971040289597
SYSTEM,75,THR,OG1,SYSTEM,74,ILE,O,0.2129978700212998
SYSTEM,1,MET,N,SYSTEM,139,GLU,OE2,8.73091269087309
SYSTEM,22,TYR,OH,SYSTEM,115,VAL,O,1.8309816901830982
SYSTEM,149,ASP,N,SYSTEM,149,ASP,OD2,20.941790582094182
SYSTEM,1,MET,N,SYSTEM,139,GLU,OE1,8.792912070879291
SYSTEM,1,MET,N,SYSTEM,139,GLU,OE2,8.968910310896892
SYSTEM,1,MET,N,SYSTEM,4,SER,OG,1.7029829701702983
SYSTEM,167,GLN,NE2,SYSTEM,163,SER,O,25.782742172578278
SYSTEM,6,ARG,NH2,SYSTEM,36,GLU,O,0.000999990000099999
SYSTEM,33,ASN,ND2,SYSTEM,33,ASN,O,0.31299687003129967
SYSTEM,92,ARG,NH1,SYSTEM,88,ASN,O,0.003999960000399996
SYSTEM,132,THR,OG1,SYSTEM,129,TRP,O,1.8579814201857983
SYSTEM,120,GLN,NE2,SYSTEM,26,GLN,O,3.129968700312997
SYSTEM,164,ARG,NH1,SYSTEM,157,ASN,O,0.015999840001599985
SYSTEM,82,SER,OG,SYSTEM,72,LEU,O,11.940880591194087
SYSTEM,135,ASN,ND2,SYSTEM,2,SER,O,14.706852931470685
SYSTEM,85,GLN,NE2,SYSTEM,82,SER,O,2.025979740202598
SYSTEM,15,TYR,OH,SYSTEM,51,ARG,O,5.1189488105118945
SYSTEM,81,GLN,NE2,SYSTEM,81,GLN,O,2.2739772602273978
SYSTEM,135,ASN,ND2,SYSTEM,131,ALA,O,15.445845541544584
SYSTEM,1,MET,N,SYSTEM,139,GLU,OE2,9.877901220987791
SYSTEM,133,TYR,OH,SYSTEM,84,GLU,O,1.2719872801271987
SYSTEM,107,GLY,N,SYSTEM,130,MET,SD,0.2769972300276997
SYSTEM,111,CYS,SG,SYSTEM,16,LYS,O,0.02099979000209998
SYSTEM,3,GLN,NE2,SYSTEM,36,GLU,O,1.752982470175298
SYSTEM,125,ARG,NH2,SYSTEM,121,VAL,O,0.872991270087299
SYSTEM,1,MET,N,SYSTEM,1,MET,SD,0.6579934200657994
SYSTEM,1,MET,N,SYSTEM,5,ASN,OD1,0.6739932600673992
SYSTEM,93,ASP,N,SYSTEM,93,ASP,OD1,15.536844631553684
SYSTEM,29,ASP,N,SYSTEM,29,ASP,OD2,8.028919710802892
SYSTEM,29,ASP,N,SYSTEM,124,SER,OG,13.727862721372786
SYSTEM,124,SER,N,SYSTEM,29,ASP,OD2,0.00899991000089999
SYSTEM,6,ARG,NH1,SYSTEM,33,ASN,O,0.05299947000529995
SYSTEM,6,ARG,NH2,SYSTEM,33,ASN,O,0.037999620003799965
SYSTEM,26,GLN,NE2,SYSTEM,26,GLN,O,0.7999920000799993
SYSTEM,51,ARG,NH2,SYSTEM,11,ASP,O,9.77090229097709
SYSTEM,43,SER,OG,SYSTEM,42,GLU,O,0.03399966000339997
SYSTEM,88,ASN,ND2,SYSTEM,85,GLN,O,1.2439875601243988
SYSTEM,88,ASN,ND2,SYSTEM,88,ASN,O,0.27899721002789973
SYSTEM,58,GLU,N,SYSTEM,105,SER,OG,0.25399746002539975
SYSTEM,148,TRP,N,SYSTEM,143,GLN,OE1,0.4779952200477995
SYSTEM,99,ARG,NH1,SYSTEM,98,GLY,O,0.032999670003299966
SYSTEM,33,ASN,ND2,SYSTEM,124,SER,O,2.9399706002939974
SYSTEM,125,ARG,NH1,SYSTEM,121,VAL,O,0.3679963200367996
SYSTEM,71,GLN,NE2,SYSTEM,67,ASP,O,9.90090099099009
SYSTEM,163,SER,OG,SYSTEM,154,LEU,O,0.7419925800741992
SYSTEM,36,GLU,N,SYSTEM,3,GLN,NE2,5.864941350586495
SYSTEM,120,GLN,NE2,SYSTEM,27,PHE,O,1.044989550104499
SYSTEM,99,ARG,N,SYSTEM,96,ASN,OD1,66.85333146668533
SYSTEM,43,SER,OG,SYSTEM,4,SER,O,1.018989810101899
SYSTEM,1,MET,N,SYSTEM,4,SER,OG,2.011979880201198
SYSTEM,98,GLY,N,SYSTEM,96,ASN,OD1,30.02369976300237
SYSTEM,96,ASN,ND2,SYSTEM,95,VAL,O,7.733922660773391
SYSTEM,96,ASN,ND2,SYSTEM,93,ASP,O,1.1079889201107989
SYSTEM,34,ARG,NE,SYSTEM,33,ASN,O,0.0949990500094999
SYSTEM,120,GLN,NE2,SYSTEM,118,GLU,O,1.6339836601633981
SYSTEM,1,MET,N,SYSTEM,5,ASN,OD1,0.7209927900720993
SYSTEM,29,ASP,N,SYSTEM,28,SER,OG,9.717902820971789
SYSTEM,70,SER,OG,SYSTEM,67,ASP,O,0.4129958700412996
SYSTEM,120,GLN,N,SYSTEM,120,GLN,NE2,4.512954870451296
SYSTEM,51,ARG,NE,SYSTEM,47,LYS,O,2.163978360216398
SYSTEM,6,ARG,NH2,SYSTEM,33,ASN,O,2.266977330226698
SYSTEM,1,MET,N,SYSTEM,1,MET,SD,0.6069939300606995
SYSTEM,111,CYS,SG,SYSTEM,111,CYS,O,6.722932770672293
SYSTEM,47,LYS,NZ,SYSTEM,40,GLY,O,0.2089979100208998
SYSTEM,96,ASN,ND2,SYSTEM,94,GLY,O,2.827971720282797
SYSTEM,165,LYS,NZ,SYSTEM,161,ALA,O,0.7249927500724993
SYSTEM,48,GLN,NE2,SYSTEM,48,GLN,O,1.2619873801261987
SYSTEM,120,GLN,N,SYSTEM,120,GLN,OE1,6.109938900610993
SYSTEM,32,GLU,N,SYSTEM,32,GLU,OE2,0.29099709002909974
SYSTEM,39,GLU,N,SYSTEM,39,GLU,OE2,1.8949810501894981
SYSTEM,39,GLU,N,SYSTEM,39,GLU,OE1,1.982980170198298
SYSTEM,88,ASN,ND2,SYSTEM,84,GLU,O,15.349846501534984
SYSTEM,6,ARG,NH2,SYSTEM,124,SER,O,1.4289857101428987
SYSTEM,63,ARG,NH2,SYSTEM,60,ARG,O,0.08199918000819992
SYSTEM,120,GLN,NE2,SYSTEM,115,VAL,O,0.7169928300716993
SYSTEM,164,ARG,NH2,SYSTEM,52,GLU,O,5.368946310536895
SYSTEM,34,ARG,NH1,SYSTEM,30,VAL,O,0.11999880001199988
SYSTEM,1,MET,N,SYSTEM,143,GLN,OE1,0.034999650003499964
SYSTEM,24,TRP,NE1,SYSTEM,10,VAL,O,0.6369936300636994
SYSTEM,63,ARG,NH2,SYSTEM,60,ARG,O,0.0059999400005999945
SYSTEM,4,SER,N,SYSTEM,4,SER,OG,0.049999500004999954
SYSTEM,11,ASP,N,SYSTEM,11,ASP,OD1,0.009999900000999989
SYSTEM,70,SER,OG,SYSTEM,70,SER,O,0.12199878001219987
SYSTEM,1,MET,N,SYSTEM,5,ASN,OD1,0.8559914400855991
SYSTEM,105,SER,OG,SYSTEM,54,GLY,O,20.123798762012377
SYSTEM,112,VAL,N,SYSTEM,111,CYS,SG,0.056999430005699944
SYSTEM,19,GLN,NE2,SYSTEM,18,SER,O,0.04699953000469995
SYSTEM,169,ARG,NE,SYSTEM,165,LYS,O,0.8459915400845992
SYSTEM,92,ARG,NH2,SYSTEM,88,ASN,O,0.001999980000199998
SYSTEM,96,ASN,ND2,SYSTEM,94,GLY,O,6.619933800661994
SYSTEM,158,ASN,N,SYSTEM,158,ASN,OD1,1.7249827501724984
SYSTEM,3,GLN,NE2,SYSTEM,35,THR,O,0.05899941000589994
SYSTEM,150,THR,OG1,SYSTEM,147,GLY,O,4.215957840421596
SYSTEM,164,ARG,NH1,SYSTEM,160,ALA,O,0.22999770002299977
SYSTEM,3,GLN,NE2,SYSTEM,3,GLN,O,1.5139848601513985
SYSTEM,97,TRP,NE1,SYSTEM,150,THR,O,0.056999430005699944
SYSTEM,117,LYS,NZ,SYSTEM,74,ILE,O,0.7429925700742993
SYSTEM,24,TRP,N,SYSTEM,14,SER,OG,3.862961370386296
SYSTEM,165,LYS,NZ,SYSTEM,161,ALA,O,0.6959930400695993
SYSTEM,69,THR,OG1,SYSTEM,65,PHE,O,71.68028319716802
SYSTEM,165,LYS,NZ,SYSTEM,161,ALA,O,0.7589924100758992
SYSTEM,117,LYS,NZ,SYSTEM,74,ILE,O,0.9009909900900991
SYSTEM,150,THR,OG1,SYSTEM,146,GLY,O,2.266977330226698
SYSTEM,124,SER,N,SYSTEM,29,ASP,OD1,0.003999960000399996
SYSTEM,1,MET,N,SYSTEM,143,GLN,NE2,0.08699913000869991
SYSTEM,105,SER,OG,SYSTEM,105,SER,O,0.13599864001359988
SYSTEM,20,LYS,NZ,SYSTEM,16,LYS,O,0.047999520004799956
SYSTEM,28,SER,OG,SYSTEM,29,ASP,O,1.2299877001229986
SYSTEM,169,ARG,NH2,SYSTEM,165,LYS,O,0.6999930000699993
SYSTEM,18,SER,OG,SYSTEM,22,TYR,O,0.41899581004189956
SYSTEM,67,ASP,N,SYSTEM,67,ASP,OD1,1.967980320196798
SYSTEM,70,SER,N,SYSTEM,69,THR,OG1,0.15799842001579983
SYSTEM,42,GLU,N,SYSTEM,41,THR,OG1,0.47199528004719954
SYSTEM,34,ARG,NH1,SYSTEM,31,GLU,O,0.7139928600713993
SYSTEM,167,GLN,NE2,SYSTEM,166,GLY,O,2.662973370266297
SYSTEM,1,MET,N,SYSTEM,143,GLN,OE1,0.037999620003799965
SYSTEM,43,SER,OG,SYSTEM,40,GLY,O,1.1099889001109988
SYSTEM,60,ARG,NH1,SYSTEM,60,ARG,O,0.7799922000779992
SYSTEM,85,GLN,NE2,SYSTEM,71,GLN,O,0.10399896001039989
SYSTEM,40,GLY,N,SYSTEM,7,GLU,OE1,0.02999970000299997
SYSTEM,40,GLY,N,SYSTEM,7,GLU,OE2,0.02899971000289997
SYSTEM,3,GLN,NE2,SYSTEM,38,PRO,O,0.04599954000459995
SYSTEM,122,LEU,N,SYSTEM,114,SER,OG,0.12299877001229988
SYSTEM,47,LYS,NZ,SYSTEM,7,GLU,O,0.3019969800301997
SYSTEM,75,THR,OG1,SYSTEM,75,THR,O,0.01799982000179998
SYSTEM,78,THR,OG1,SYSTEM,73,HIS,O,78.13221867781323
SYSTEM,42,GLU,N,SYSTEM,42,GLU,OE2,2.186978130218698
SYSTEM,43,SER,N,SYSTEM,42,GLU,OE2,0.5499945000549994
SYSTEM,92,ARG,NE,SYSTEM,88,ASN,O,0.27899721002789973
SYSTEM,62,ARG,NE,SYSTEM,61,TYR,O,0.009999900000999989
SYSTEM,169,ARG,NH1,SYSTEM,162,GLU,O,0.04299957000429996
SYSTEM,163,SER,OG,SYSTEM,159,ALA,O,1.2559874401255988
SYSTEM,1,MET,N,SYSTEM,42,GLU,OE2,6.0889391106088935
SYSTEM,35,THR,N,SYSTEM,33,ASN,OD1,0.17499825001749983
SYSTEM,34,ARG,NH1,SYSTEM,32,GLU,O,0.32599674003259965
SYSTEM,33,ASN,ND2,SYSTEM,35,THR,O,0.034999650003499964
SYSTEM,158,ASN,ND2,SYSTEM,157,ASN,O,0.8679913200867991
SYSTEM,99,ARG,NE,SYSTEM,94,GLY,O,1.5169848301516984
SYSTEM,42,GLU,N,SYSTEM,4,SER,OG,0.023999760002399978
SYSTEM,19,GLN,NE2,SYSTEM,16,LYS,O,1.2869871301286986
SYSTEM,1,MET,N,SYSTEM,42,GLU,OE1,5.159948400515995
SYSTEM,169,ARG,NH2,SYSTEM,161,ALA,O,0.000999990000099999
SYSTEM,36,GLU,N,SYSTEM,36,GLU,OE1,1.9849801501984983
SYSTEM,78,THR,OG1,SYSTEM,72,LEU,O,29.07170928290717
SYSTEM,36,GLU,N,SYSTEM,36,GLU,OE2,1.8029819701802983
SYSTEM,6,ARG,NH1,SYSTEM,124,SER,O,1.6549834501654985
SYSTEM,62,ARG,NH1,SYSTEM,59,LEU,O,0.03199968000319997
SYSTEM,96,ASN,ND2,SYSTEM,93,ASP,O,3.2619673803261966
SYSTEM,41,THR,N,SYSTEM,41,THR,OG1,0.1119988800111999
SYSTEM,157,ASN,ND2,SYSTEM,49,ALA,O,0.19999800001999982
SYSTEM,43,SER,N,SYSTEM,44,GLU,OE2,0.16599834001659983
SYSTEM,167,GLN,NE2,SYSTEM,167,GLN,O,0.5519944800551995
SYSTEM,63,ARG,NE,SYSTEM,63,ARG,O,3.771962280377196
SYSTEM,81,GLN,N,SYSTEM,81,GLN,OE1,14.008859911400886
SYSTEM,81,GLN,N,SYSTEM,81,GLN,NE2,4.530954690453096
SYSTEM,143,GLN,NE2,SYSTEM,143,GLN,O,1.0579894201057989
SYSTEM,1,MET,N,SYSTEM,42,GLU,OE2,3.608963910360896
SYSTEM,82,SER,N,SYSTEM,81,GLN,OE1,0.8009919900800991
SYSTEM,35,THR,OG1,SYSTEM,36,GLU,O,0.01799982000179998
SYSTEM,79,ALA,N,SYSTEM,81,GLN,OE1,0.5899941000589994
SYSTEM,47,LYS,NZ,SYSTEM,7,GLU,O,0.34799652003479964
SYSTEM,79,ALA,N,SYSTEM,81,GLN,NE2,0.10799892001079989
SYSTEM,81,GLN,NE2,SYSTEM,77,GLY,O,0.023999760002399978
SYSTEM,70,SER,N,SYSTEM,70,SER,OG,0.024999750002499977
SYSTEM,34,ARG,NE,SYSTEM,32,GLU,O,0.13099869001309988
SYSTEM,119,MET,N,SYSTEM,114,SER,OG,0.03599964000359996
SYSTEM,62,ARG,NE,SYSTEM,59,LEU,O,3.103968960310397
SYSTEM,62,ARG,NH2,SYSTEM,59,LEU,O,1.3439865601343988
SYSTEM,6,ARG,NH1,SYSTEM,128,ALA,O,0.05799942000579994
SYSTEM,169,ARG,NH1,SYSTEM,162,GLU,O,0.009999900000999989
SYSTEM,43,SER,N,SYSTEM,44,GLU,OE1,0.35299647003529966
SYSTEM,42,GLU,N,SYSTEM,44,GLU,OE1,0.05599944000559995
SYSTEM,14,SER,OG,SYSTEM,10,VAL,O,20.530794692053078
SYSTEM,82,SER,N,SYSTEM,81,GLN,NE2,0.13599864001359988
SYSTEM,20,LYS,NZ,SYSTEM,19,GLN,O,0.06299937000629993
SYSTEM,41,THR,OG1,SYSTEM,41,THR,O,0.3139968600313997
SYSTEM,168,GLU,N,SYSTEM,168,GLU,OE2,0.1949980500194998
SYSTEM,1,MET,N,SYSTEM,42,GLU,OE2,5.344946550534495
SYSTEM,133,TYR,OH,SYSTEM,87,VAL,O,0.02099979000209998
SYSTEM,82,SER,OG,SYSTEM,79,ALA,O,0.24399756002439973
SYSTEM,71,GLN,NE2,SYSTEM,71,GLN,O,0.43099569004309957
SYSTEM,31,GLU,N,SYSTEM,31,GLU,OE1,2.424975750242498
SYSTEM,63,ARG,NH2,SYSTEM,63,ARG,O,0.08599914000859991
SYSTEM,63,ARG,NH2,SYSTEM,66,SER,O,0.0059999400005999945
SYSTEM,4,SER,OG,SYSTEM,40,GLY,O,0.021999780002199976
SYSTEM,62,ARG,NE,SYSTEM,60,ARG,O,0.07899921000789992
SYSTEM,71,GLN,NE2,SYSTEM,85,GLN,O,0.7159928400715992
SYSTEM,42,GLU,N,SYSTEM,44,GLU,OE2,0.11499885001149988
SYSTEM,82,SER,OG,SYSTEM,77,GLY,O,0.0949990500094999
SYSTEM,67,ASP,N,SYSTEM,67,ASP,OD2,1.9809801901980981
SYSTEM,114,SER,OG,SYSTEM,110,LEU,O,89.21010789892101
SYSTEM,129,TRP,NE1,SYSTEM,78,THR,O,0.10299897001029991
SYSTEM,143,GLN,NE2,SYSTEM,140,PRO,O,0.8409915900840991
SYSTEM,24,TRP,N,SYSTEM,23,SER,OG,0.4729952700472996
SYSTEM,40,GLY,N,SYSTEM,3,GLN,NE2,0.001999980000199998
SYSTEM,26,GLN,NE2,SYSTEM,21,GLY,O,0.07899921000789992
SYSTEM,155,TYR,OH,SYSTEM,97,TRP,O,0.16199838001619984
SYSTEM,71,GLN,NE2,SYSTEM,85,GLN,O,0.47199528004719954
SYSTEM,82,SER,N,SYSTEM,82,SER,OG,0.021999780002199976
SYSTEM,169,ARG,NE,SYSTEM,168,GLU,O,0.8679913200867991
SYSTEM,169,ARG,NH2,SYSTEM,168,GLU,O,0.6519934800651993
SYSTEM,6,ARG,NH2,SYSTEM,124,SER,O,0.09599904000959991
SYSTEM,65,PHE,N,SYSTEM,66,SER,OG,0.032999670003299966
SYSTEM,66,SER,OG,SYSTEM,63,ARG,O,0.7159928400715992
SYSTEM,165,LYS,NZ,SYSTEM,165,LYS,O,0.037999620003799965
SYSTEM,68,LEU,N,SYSTEM,67,ASP,OD2,0.01799982000179998
SYSTEM,2,SER,N,SYSTEM,1,MET,SD,2.7429725702742975
SYSTEM,62,ARG,NH1,SYSTEM,59,LEU,O,5.091949080509195
SYSTEM,63,ARG,NH1,SYSTEM,62,ARG,O,0.13399866001339988
SYSTEM,125,ARG,NH1,SYSTEM,78,THR,O,10.07889921100789
SYSTEM,55,ASP,N,SYSTEM,55,ASP,OD1,2.025979740202598
SYSTEM,34,ARG,NE,SYSTEM,34,ARG,O,0.23499765002349976
SYSTEM,1,MET,N,SYSTEM,42,GLU,OE1,5.735942640573595
SYSTEM,164,ARG,N,SYSTEM,163,SER,OG,0.16399836001639984
SYSTEM,20,LYS,NZ,SYSTEM,20,LYS,O,0.05499945000549994
SYSTEM,163,SER,OG,SYSTEM,160,ALA,O,1.010989890101099
SYSTEM,48,GLN,N,SYSTEM,48,GLN,NE2,0.04099959000409996
SYSTEM,51,ARG,NH2,SYSTEM,11,ASP,O,0.014999850001499985
SYSTEM,92,ARG,NH2,SYSTEM,85,GLN,O,0.04699953000469995
SYSTEM,98,GLY,N,SYSTEM,155,TYR,OH,0.11399886001139989
SYSTEM,164,ARG,NH1,SYSTEM,156,GLY,O,0.6679933200667993
SYSTEM,164,ARG,NH1,SYSTEM,155,TYR,O,0.6519934800651993
SYSTEM,164,ARG,NH2,SYSTEM,155,TYR,O,0.7269927300726993
SYSTEM,6,ARG,NH1,SYSTEM,127,ALA,O,0.12799872001279988
SYSTEM,88,ASN,ND2,SYSTEM,84,GLU,O,9.31890681093189
SYSTEM,47,LYS,NZ,SYSTEM,40,GLY,O,0.21599784002159977
SYSTEM,85,GLN,NE2,SYSTEM,85,GLN,O,1.1679883201167989
SYSTEM,2,SER,N,SYSTEM,2,SER,OG,0.07799922000779992
SYSTEM,62,ARG,NH1,SYSTEM,58,GLU,O,2.7089729102708975
SYSTEM,29,ASP,N,SYSTEM,32,GLU,OE1,1.819981800181998
SYSTEM,135,ASN,ND2,SYSTEM,132,THR,O,0.17999820001799982
SYSTEM,114,SER,OG,SYSTEM,111,CYS,O,2.895971040289597
SYSTEM,5,ASN,ND2,SYSTEM,2,SER,O,0.2189978100218998
SYSTEM,42,GLU,N,SYSTEM,43,SER,OG,0.009999900000999989
SYSTEM,116,ASP,N,SYSTEM,116,ASP,OD1,0.4029959700402996
SYSTEM,29,ASP,N,SYSTEM,32,GLU,OE2,1.5169848301516984
SYSTEM,4,SER,N,SYSTEM,1,MET,SD,7.810921890781092
SYSTEM,3,GLN,N,SYSTEM,1,MET,SD,6.268937310626893
SYSTEM,135,ASN,ND2,SYSTEM,1,MET,O,0.6699933000669993
SYSTEM,31,GLU,N,SYSTEM,31,GLU,OE2,2.4589754102458974
SYSTEM,120,GLN,NE2,SYSTEM,115,VAL,O,0.5989940100598995
SYSTEM,148,TRP,N,SYSTEM,143,GLN,NE2,0.3679963200367996
SYSTEM,1,MET,N,SYSTEM,42,GLU,OE1,5.759942400575994
SYSTEM,94,GLY,N,SYSTEM,93,ASP,OD1,1.014989850101499
SYSTEM,121,VAL,N,SYSTEM,120,GLN,OE1,1.4059859401405985
SYSTEM,33,ASN,ND2,SYSTEM,36,GLU,O,0.0029999700002999972
SYSTEM,37,ALA,N,SYSTEM,33,ASN,OD1,0.000999990000099999
SYSTEM,94,GLY,N,SYSTEM,93,ASP,OD2,1.232987670123299
SYSTEM,80,TYR,N,SYSTEM,81,GLN,OE1,0.11499885001149988
SYSTEM,28,SER,OG,SYSTEM,24,TRP,O,1.5569844301556983
SYSTEM,20,LYS,NZ,SYSTEM,112,VAL,O,0.6209937900620994
SYSTEM,125,ARG,NH1,SYSTEM,77,GLY,O,0.6999930000699993
SYSTEM,41,THR,OG1,SYSTEM,39,GLU,O,1.5299847001529985
SYSTEM,55,ASP,N,SYSTEM,55,ASP,OD2,1.841981580184198
SYSTEM,43,SER,N,SYSTEM,43,SER,OG,0.06899931000689993
SYSTEM,85,GLN,NE2,SYSTEM,84,GLU,O,0.06399936000639994
SYSTEM,121,VAL,N,SYSTEM,120,GLN,NE2,0.03199968000319997
SYSTEM,163,SER,OG,SYSTEM,163,SER,O,0.05599944000559995
SYSTEM,41,THR,OG1,SYSTEM,40,GLY,O,4.206957930420696
SYSTEM,92,ARG,NH2,SYSTEM,85,GLN,O,0.8519914800851992
SYSTEM,40,GLY,N,SYSTEM,43,SER,OG,1.7409825901740985
SYSTEM,99,ARG,NH1,SYSTEM,90,LEU,O,68.04931950680493
SYSTEM,99,ARG,NH1,SYSTEM,94,GLY,O,11.785882141178588
SYSTEM,78,THR,N,SYSTEM,75,THR,OG1,0.04599954000459995
SYSTEM,164,ARG,NH1,SYSTEM,52,GLU,O,3.2899671003289965
SYSTEM,145,ASN,ND2,SYSTEM,142,ILE,O,0.09599904000959991
SYSTEM,41,THR,N,SYSTEM,43,SER,OG,0.15499845001549986
SYSTEM,71,GLN,N,SYSTEM,71,GLN,NE2,0.026999730002699972
SYSTEM,41,THR,N,SYSTEM,44,GLU,OE2,0.0029999700002999972
SYSTEM,136,ASP,N,SYSTEM,136,ASP,OD2,0.13699863001369988
SYSTEM,40,GLY,N,SYSTEM,44,GLU,OE1,0.003999960000399996
SYSTEM,40,GLY,N,SYSTEM,44,GLU,OE2,0.012999870001299986
SYSTEM,28,SER,OG,SYSTEM,27,PHE,O,0.4549954500454995
SYSTEM,27,PHE,N,SYSTEM,28,SER,OG,0.0059999400005999945
SYSTEM,41,THR,N,SYSTEM,39,GLU,OE1,11.942880571194287
SYSTEM,24,TRP,NE1,SYSTEM,29,ASP,O,5.698943010569894
SYSTEM,3,GLN,NE2,SYSTEM,38,PRO,O,0.13199868001319986
SYSTEM,169,ARG,NH2,SYSTEM,161,ALA,O,0.000999990000099999
SYSTEM,48,GLN,NE2,SYSTEM,45,ALA,O,0.1849981500184998
SYSTEM,157,ASN,ND2,SYSTEM,45,ALA,O,0.14799852001479985
SYSTEM,99,ARG,NH2,SYSTEM,93,ASP,O,1.021989780102199
SYSTEM,33,ASN,ND2,SYSTEM,30,VAL,O,4.536954630453695
SYSTEM,18,SER,OG,SYSTEM,18,SER,O,0.10999890001099988
SYSTEM,5,ASN,ND2,SYSTEM,134,LEU,O,1.028989710102899
SYSTEM,33,ASN,N,SYSTEM,33,ASN,OD1,1.7659823401765984
SYSTEM,32,GLU,N,SYSTEM,33,ASN,OD1,0.053999460005399944
SYSTEM,37,ALA,N,SYSTEM,35,THR,OG1,31.419685803141967
SYSTEM,117,LYS,NZ,SYSTEM,74,ILE,O,0.7669923300766992
SYSTEM,44,GLU,N,SYSTEM,43,SER,OG,0.14599854001459986
SYSTEM,69,THR,OG1,SYSTEM,66,SER,O,1.3819861801381985
SYSTEM,147,GLY,N,SYSTEM,145,ASN,OD1,0.000999990000099999
SYSTEM,99,ARG,NE,SYSTEM,93,ASP,O,0.5199948000519995
SYSTEM,33,ASN,ND2,SYSTEM,29,ASP,O,0.45699543004569954
SYSTEM,48,GLN,NE2,SYSTEM,47,LYS,O,0.011999880001199989
SYSTEM,92,ARG,N,SYSTEM,93,ASP,OD2,0.061999380006199936
SYSTEM,5,ASN,ND2,SYSTEM,131,ALA,O,0.021999780002199976
SYSTEM,116,ASP,N,SYSTEM,116,ASP,OD2,0.3329966700332997
SYSTEM,3,GLN,N,SYSTEM,2,SER,OG,1.952980470195298
SYSTEM,6,ARG,NH2,SYSTEM,32,GLU,O,0.8879911200887991
SYSTEM,62,ARG,NH1,SYSTEM,61,TYR,O,0.09999900000999991
SYSTEM,124,SER,N,SYSTEM,124,SER,OG,0.08099919000809992
SYSTEM,99,ARG,NH2,SYSTEM,93,ASP,O,0.9849901500984991
SYSTEM,19,GLN,N,SYSTEM,19,GLN,NE2,0.060999390006099934
SYSTEM,20,LYS,NZ,SYSTEM,112,VAL,O,0.5339946600533995
SYSTEM,6,ARG,NH2,SYSTEM,32,GLU,O,0.2649973500264997
SYSTEM,6,ARG,NH1,SYSTEM,2,SER,O,0.08199918000819992
SYSTEM,6,ARG,NE,SYSTEM,3,GLN,O,0.9479905200947991
SYSTEM,30,VAL,N,SYSTEM,31,GLU,OE1,0.40199598004019954
SYSTEM,136,ASP,N,SYSTEM,136,ASP,OD1,0.15799842001579983
SYSTEM,71,GLN,N,SYSTEM,71,GLN,OE1,0.0029999700002999972
SYSTEM,3,GLN,NE2,SYSTEM,39,GLU,O,0.07399926000739993
SYSTEM,3,GLN,NE2,SYSTEM,37,ALA,O,0.06599934000659993
SYSTEM,35,THR,N,SYSTEM,7,GLU,OE1,15.362846371536284
SYSTEM,40,GLY,N,SYSTEM,4,SER,OG,0.011999880001199989
SYSTEM,6,ARG,NH1,SYSTEM,32,GLU,O,1.2549874501254987
SYSTEM,169,ARG,NH1,SYSTEM,165,LYS,O,0.2769972300276997
SYSTEM,42,GLU,N,SYSTEM,42,GLU,OE1,2.176978230217698
SYSTEM,35,THR,N,SYSTEM,7,GLU,OE2,14.532854671453284
SYSTEM,6,ARG,NH2,SYSTEM,34,ARG,O,0.9619903800961991
SYSTEM,88,ASN,ND2,SYSTEM,87,VAL,O,0.022999770002299975
SYSTEM,60,ARG,NH1,SYSTEM,56,GLU,O,0.07699923000769993
SYSTEM,30,VAL,N,SYSTEM,29,ASP,OD2,2.245977540224598
SYSTEM,6,ARG,NH1,SYSTEM,34,ARG,O,0.07099929000709992
SYSTEM,25,SER,N,SYSTEM,25,SER,OG,0.1059989400105999
SYSTEM,32,GLU,N,SYSTEM,32,GLU,OE1,0.2879971200287997
SYSTEM,167,GLN,N,SYSTEM,167,GLN,NE2,0.2689973100268997
SYSTEM,6,ARG,NE,SYSTEM,33,ASN,O,2.4379756202437974
SYSTEM,47,LYS,NZ,SYSTEM,7,GLU,O,0.27399726002739977
SYSTEM,125,ARG,N,SYSTEM,124,SER,OG,0.056999430005699944
SYSTEM,6,ARG,NH2,SYSTEM,3,GLN,O,0.02999970000299997
SYSTEM,6,ARG,NH1,SYSTEM,32,GLU,O,0.4819951800481995
SYSTEM,3,GLN,N,SYSTEM,3,GLN,OE1,1.975980240197598
SYSTEM,3,GLN,N,SYSTEM,3,GLN,NE2,0.7159928400715992
SYSTEM,40,GLY,N,SYSTEM,42,GLU,OE2,0.7819921800781992
SYSTEM,6,ARG,NH2,SYSTEM,34,ARG,O,5.299947000529995
SYSTEM,92,ARG,NE,SYSTEM,89,GLU,O,0.7709922900770992
SYSTEM,40,GLY,N,SYSTEM,42,GLU,OE1,0.7439925600743993
SYSTEM,30,VAL,N,SYSTEM,29,ASP,OD1,3.2699673003269965
SYSTEM,63,ARG,NH1,SYSTEM,60,ARG,O,0.021999780002199976
SYSTEM,43,SER,N,SYSTEM,39,GLU,OE1,0.6739932600673992
SYSTEM,92,ARG,NH1,SYSTEM,91,PHE,O,0.000999990000099999
SYSTEM,125,ARG,NE,SYSTEM,78,THR,O,0.0879991200087999
SYSTEM,71,GLN,NE2,SYSTEM,86,VAL,O,0.03899961000389996
SYSTEM,43,SER,OG,SYSTEM,43,SER,O,0.04299957000429996
SYSTEM,42,GLU,N,SYSTEM,39,GLU,OE2,2.5159748402515976
SYSTEM,60,ARG,NE,SYSTEM,56,GLU,O,13.617863821361787
SYSTEM,14,SER,OG,SYSTEM,11,ASP,O,0.4549954500454995
SYSTEM,34,ARG,NE,SYSTEM,35,THR,O,0.8439915600843992
SYSTEM,6,ARG,NE,SYSTEM,34,ARG,O,0.982990170098299
SYSTEM,71,GLN,NE2,SYSTEM,68,LEU,O,0.047999520004799956
SYSTEM,157,ASN,ND2,SYSTEM,155,TYR,O,0.022999770002299975
SYSTEM,30,VAL,N,SYSTEM,31,GLU,OE2,0.5309946900530995
SYSTEM,125,ARG,NH2,SYSTEM,78,THR,O,0.1779982200177998
SYSTEM,120,GLN,NE2,SYSTEM,114,SER,O,0.000999990000099999
SYSTEM,28,SER,OG,SYSTEM,121,VAL,O,0.003999960000399996
SYSTEM,164,ARG,NH1,SYSTEM,157,ASN,O,0.000999990000099999
SYSTEM,75,THR,OG1,SYSTEM,77,GLY,O,0.000999990000099999
SYSTEM,120,GLN,NE2,SYSTEM,118,GLU,O,3.355966440335597
SYSTEM,60,ARG,NH2,SYSTEM,163,SER,O,0.0049999500004999945
SYSTEM,99,ARG,NH2,SYSTEM,94,GLY,O,0.6429935700642994
SYSTEM,125,ARG,NE,SYSTEM,125,ARG,O,0.003999960000399996
SYSTEM,129,TRP,NE1,SYSTEM,79,ALA,O,0.01799982000179998
SYSTEM,148,TRP,N,SYSTEM,149,ASP,OD2,0.04399956000439995
SYSTEM,125,ARG,NH2,SYSTEM,77,GLY,O,0.00899991000089999
SYSTEM,158,ASN,ND2,SYSTEM,158,ASN,O,0.2859971400285997
SYSTEM,85,GLN,N,SYSTEM,85,GLN,NE2,0.10299897001029991
SYSTEM,105,SER,OG,SYSTEM,102,ALA,O,0.11399886001139989
SYSTEM,4,SER,N,SYSTEM,3,GLN,NE2,0.00899991000089999
SYSTEM,99,ARG,NE,SYSTEM,98,GLY,O,0.13599864001359988
SYSTEM,3,GLN,NE2,SYSTEM,35,THR,O,0.14499855001449985
SYSTEM,16,LYS,NZ,SYSTEM,55,ASP,O,0.056999430005699944
SYSTEM,99,ARG,NH2,SYSTEM,98,GLY,O,0.019999800001999978
SYSTEM,6,ARG,NH2,SYSTEM,128,ALA,O,0.014999850001499985
SYSTEM,135,ASN,ND2,SYSTEM,5,ASN,O,0.6619933800661993
SYSTEM,35,THR,OG1,SYSTEM,37,ALA,O,1.0579894201057989
SYSTEM,97,TRP,N,SYSTEM,96,ASN,OD1,4.337956620433796
SYSTEM,25,SER,OG,SYSTEM,25,SER,O,0.12299877001229988
SYSTEM,88,ASN,ND2,SYSTEM,91,PHE,O,0.037999620003799965
SYSTEM,169,ARG,NH1,SYSTEM,168,GLU,O,5.433945660543395
SYSTEM,88,ASN,N,SYSTEM,88,ASN,OD1,0.21499785002149976
SYSTEM,33,ASN,ND2,SYSTEM,28,SER,O,0.6079939200607994
SYSTEM,33,ASN,ND2,SYSTEM,24,TRP,O,0.15299847001529984
SYSTEM,33,ASN,ND2,SYSTEM,28,SER,O,0.19399806001939982
SYSTEM,35,THR,N,SYSTEM,3,GLN,NE2,0.03599964000359996
SYSTEM,3,GLN,NE2,SYSTEM,33,ASN,O,0.8219917800821992
SYSTEM,28,SER,OG,SYSTEM,28,SER,O,0.044999550004499955
SYSTEM,3,GLN,NE2,SYSTEM,33,ASN,O,0.06399936000639994
SYSTEM,6,ARG,NE,SYSTEM,32,GLU,O,0.15299847001529984
SYSTEM,169,ARG,NH2,SYSTEM,166,GLY,O,9.520904790952091
SYSTEM,92,ARG,NH2,SYSTEM,89,GLU,O,0.20599794002059982
SYSTEM,69,THR,N,SYSTEM,69,THR,OG1,0.006999930000699994
SYSTEM,36,GLU,N,SYSTEM,3,GLN,OE1,16.099839001609983
SYSTEM,33,ASN,ND2,SYSTEM,24,TRP,O,0.001999980000199998
SYSTEM,169,ARG,NH2,SYSTEM,166,GLY,O,1.7539824601753982
SYSTEM,169,ARG,NH1,SYSTEM,166,GLY,O,3.8529614703852957
SYSTEM,44,GLU,N,SYSTEM,44,GLU,OE1,0.7289927100728992
SYSTEM,150,THR,N,SYSTEM,149,ASP,OD2,0.27199728002719975
SYSTEM,25,SER,N,SYSTEM,33,ASN,OD1,0.08199918000819992
SYSTEM,24,TRP,N,SYSTEM,33,ASN,OD1,0.05299947000529995
SYSTEM,92,ARG,NE,SYSTEM,92,ARG,O,0.29099709002909974
SYSTEM,19,GLN,NE2,SYSTEM,19,GLN,O,0.3289967100328997
SYSTEM,125,ARG,NH1,SYSTEM,121,VAL,O,0.001999980000199998
SYSTEM,80,TYR,OH,SYSTEM,132,THR,O,0.013999860001399987
SYSTEM,83,PHE,N,SYSTEM,82,SER,OG,0.015999840001599985
SYSTEM,62,ARG,NE,SYSTEM,62,ARG,O,31.004689953100467
SYSTEM,61,TYR,OH,SYSTEM,98,GLY,O,0.032999670003299966
SYSTEM,1,MET,N,SYSTEM,143,GLN,OE1,0.039999600003999956
SYSTEM,22,TYR,OH,SYSTEM,26,GLN,O,0.0029999700002999972
SYSTEM,62,ARG,NH2,SYSTEM,62,ARG,O,9.60790392096079
SYSTEM,37,ALA,N,SYSTEM,3,GLN,OE1,8.442915570844292
SYSTEM,78,THR,OG1,SYSTEM,77,GLY,O,0.003999960000399996
SYSTEM,1,MET,N,SYSTEM,143,GLN,NE2,0.12199878001219987
SYSTEM,47,LYS,NZ,SYSTEM,43,SER,O,1.3109868901310986
SYSTEM,16,LYS,NZ,SYSTEM,55,ASP,O,0.018999810001899983
SYSTEM,169,ARG,N,SYSTEM,168,GLU,OE1,0.6019939800601993
SYSTEM,1,MET,N,SYSTEM,143,GLN,NE2,0.08299917000829991
SYSTEM,44,GLU,N,SYSTEM,44,GLU,OE2,0.6209937900620994
SYSTEM,6,ARG,NE,SYSTEM,127,ALA,O,0.08999910000899991
SYSTEM,37,ALA,N,SYSTEM,7,GLU,OE1,0.40399596004039956
SYSTEM,169,ARG,N,SYSTEM,168,GLU,OE2,0.6679933200667993
SYSTEM,82,SER,OG,SYSTEM,82,SER,O,0.04899951000489995
SYSTEM,164,ARG,NH2,SYSTEM,160,ALA,O,2.3639763602363977
SYSTEM,34,ARG,NH2,SYSTEM,35,THR,O,0.31999680003199965
SYSTEM,42,GLU,N,SYSTEM,39,GLU,OE1,2.204977950220498
SYSTEM,32,GLU,N,SYSTEM,31,GLU,OE1,8.022919770802291
SYSTEM,5,ASN,ND2,SYSTEM,134,LEU,O,0.1059989400105999
SYSTEM,124,SER,OG,SYSTEM,124,SER,O,0.0909990900090999
SYSTEM,167,GLN,NE2,SYSTEM,163,SER,O,0.42699573004269953
SYSTEM,32,GLU,N,SYSTEM,31,GLU,OE2,1.915980840191598
SYSTEM,166,GLY,N,SYSTEM,167,GLN,OE1,0.014999850001499985
SYSTEM,74,ILE,N,SYSTEM,113,GLU,OE1,0.003999960000399996
SYSTEM,165,LYS,NZ,SYSTEM,168,GLU,O,0.030999690003099968
SYSTEM,165,LYS,NZ,SYSTEM,168,GLU,O,0.024999750002499977
SYSTEM,74,ILE,N,SYSTEM,113,GLU,OE2,0.000999990000099999
SYSTEM,143,GLN,N,SYSTEM,143,GLN,NE2,0.030999690003099968
SYSTEM,169,ARG,NE,SYSTEM,167,GLN,O,0.5709942900570995
SYSTEM,99,ARG,NH1,SYSTEM,93,ASP,O,3.8959610403895963
SYSTEM,3,GLN,NE2,SYSTEM,2,SER,O,0.24499755002449974
SYSTEM,41,THR,N,SYSTEM,44,GLU,OE1,0.0029999700002999972
SYSTEM,169,ARG,NH1,SYSTEM,167,GLN,O,0.46899531004689954
SYSTEM,3,GLN,NE2,SYSTEM,34,ARG,O,3.4499655003449967
SYSTEM,169,ARG,NH2,SYSTEM,162,GLU,O,0.012999870001299986
SYSTEM,165,LYS,NZ,SYSTEM,168,GLU,O,0.025999740002599973
SYSTEM,32,GLU,N,SYSTEM,29,ASP,OD1,1.3409865901340987
SYSTEM,37,ALA,N,SYSTEM,3,GLN,NE2,1.047989520104799
SYSTEM,26,GLN,NE2,SYSTEM,25,SER,O,0.07999920000799991
SYSTEM,169,ARG,NE,SYSTEM,162,GLU,O,0.000999990000099999
SYSTEM,169,ARG,NH2,SYSTEM,162,GLU,O,0.07199928000719992
SYSTEM,60,ARG,NH1,SYSTEM,59,LEU,O,0.000999990000099999
SYSTEM,125,ARG,NH1,SYSTEM,124,SER,O,0.06499935000649994
SYSTEM,167,GLN,NE2,SYSTEM,165,LYS,O,11.489885101148989
SYSTEM,168,GLU,N,SYSTEM,168,GLU,OE1,0.1819981800181998
SYSTEM,33,ASN,ND2,SYSTEM,6,ARG,O,0.053999460005399944
SYSTEM,169,ARG,NH2,SYSTEM,163,SER,O,0.009999900000999989
SYSTEM,169,ARG,NH1,SYSTEM,166,GLY,O,4.752952470475296
SYSTEM,169,ARG,NH1,SYSTEM,165,LYS,O,1.014989850101499
SYSTEM,119,MET,N,SYSTEM,119,MET,SD,0.010999890001099988
SYSTEM,169,ARG,NH1,SYSTEM,163,SER,O,0.001999980000199998
SYSTEM,169,ARG,NH2,SYSTEM,165,LYS,O,0.13699863001369988
SYSTEM,169,ARG,NH1,SYSTEM,161,ALA,O,0.010999890001099988
SYSTEM,3,GLN,NE2,SYSTEM,34,ARG,O,12.685873141268585
SYSTEM,73,HIS,NE2,SYSTEM,70,SER,O,0.3809961900380996
SYSTEM,169,ARG,NH1,SYSTEM,167,GLN,O,0.009999900000999989
SYSTEM,164,ARG,NH2,SYSTEM,52,GLU,O,0.06399936000639994
SYSTEM,111,CYS,SG,SYSTEM,123,VAL,O,1.6529834701652983
SYSTEM,159,ALA,N,SYSTEM,158,ASN,OD1,0.07199928000719992
SYSTEM,74,ILE,N,SYSTEM,73,HIS,ND1,15.295847041529584
SYSTEM,4,SER,N,SYSTEM,3,GLN,OE1,0.04899951000489995
SYSTEM,169,ARG,NH1,SYSTEM,161,ALA,O,0.000999990000099999
SYSTEM,1,MET,N,SYSTEM,135,ASN,OD1,1.1249887501124989
SYSTEM,157,ASN,ND2,SYSTEM,157,ASN,O,0.2629973700262997
SYSTEM,35,THR,OG1,SYSTEM,33,ASN,O,1.091989080109199
SYSTEM,72,LEU,N,SYSTEM,73,HIS,ND1,0.006999930000699994
SYSTEM,2,SER,N,SYSTEM,3,GLN,OE1,0.12299877001229988
SYSTEM,34,ARG,NH1,SYSTEM,35,THR,O,0.5549944500554994
SYSTEM,157,ASN,N,SYSTEM,48,GLN,OE1,0.3549964500354997
SYSTEM,157,ASN,ND2,SYSTEM,48,GLN,O,0.07099929000709992
SYSTEM,33,ASN,ND2,SYSTEM,25,SER,O,0.0049999500004999945
SYSTEM,158,ASN,N,SYSTEM,48,GLN,OE1,0.06999930000699993
SYSTEM,63,ARG,NH1,SYSTEM,59,LEU,O,0.027999720002799974
SYSTEM,78,THR,OG1,SYSTEM,78,THR,O,0.0049999500004999945
SYSTEM,60,ARG,NE,SYSTEM,60,ARG,O,0.022999770002299975
SYSTEM,43,SER,N,SYSTEM,39,GLU,OE2,1.0169898301016989
SYSTEM,60,ARG,NH2,SYSTEM,60,ARG,O,0.0029999700002999972
SYSTEM,44,GLU,N,SYSTEM,39,GLU,OE2,0.4769952300476995
SYSTEM,145,ASN,ND2,SYSTEM,144,GLU,O,0.02099979000209998
SYSTEM,75,THR,N,SYSTEM,119,MET,SD,0.1059989400105999
SYSTEM,44,GLU,N,SYSTEM,39,GLU,OE1,0.011999880001199989
SYSTEM,150,THR,OG1,SYSTEM,150,THR,O,0.0049999500004999945
SYSTEM,6,ARG,NH1,SYSTEM,31,GLU,O,0.13699863001369988
SYSTEM,35,THR,OG1,SYSTEM,34,ARG,O,0.14799852001479985
SYSTEM,6,ARG,NE,SYSTEM,6,ARG,O,0.016999830001699984
SYSTEM,34,ARG,NH1,SYSTEM,31,GLU,O,0.04099959000409996
SYSTEM,158,ASN,N,SYSTEM,157,ASN,OD1,0.3089969100308997
SYSTEM,56,GLU,N,SYSTEM,56,GLU,OE2,0.01799982000179998
SYSTEM,164,ARG,NE,SYSTEM,160,ALA,O,7.251927480725192
SYSTEM,165,LYS,NZ,SYSTEM,164,ARG,O,0.0029999700002999972
SYSTEM,61,TYR,OH,SYSTEM,90,LEU,O,0.007999920000799993
SYSTEM,4,SER,OG,SYSTEM,4,SER,O,0.01799982000179998
SYSTEM,157,ASN,ND2,SYSTEM,44,GLU,O,0.001999980000199998
SYSTEM,164,ARG,NH1,SYSTEM,163,SER,O,0.000999990000099999
SYSTEM,56,GLU,N,SYSTEM,56,GLU,OE1,0.019999800001999978
SYSTEM,24,TRP,N,SYSTEM,18,SER,OG,0.3229967700322997
SYSTEM,164,ARG,NH2,SYSTEM,51,ARG,O,0.000999990000099999
SYSTEM,20,LYS,NZ,SYSTEM,19,GLN,O,0.08199918000819992
SYSTEM,157,ASN,ND2,SYSTEM,156,GLY,O,0.21999780002199976
SYSTEM,48,GLN,NE2,SYSTEM,157,ASN,O,0.012999870001299986
SYSTEM,120,GLN,NE2,SYSTEM,27,PHE,O,1.659983400165998
SYSTEM,48,GLN,NE2,SYSTEM,160,ALA,O,0.001999980000199998
SYSTEM,157,ASN,ND2,SYSTEM,152,VAL,O,0.000999990000099999
SYSTEM,165,LYS,NZ,SYSTEM,164,ARG,O,0.003999960000399996
SYSTEM,28,SER,OG,SYSTEM,123,VAL,O,0.9869901300986991
SYSTEM,30,VAL,N,SYSTEM,25,SER,OG,0.35899641003589966
SYSTEM,66,SER,N,SYSTEM,66,SER,OG,0.039999600003999956
SYSTEM,56,GLU,N,SYSTEM,55,ASP,OD2,0.037999620003799965
SYSTEM,48,GLN,NE2,SYSTEM,156,GLY,O,0.003999960000399996
SYSTEM,163,SER,OG,SYSTEM,158,ASN,O,0.00899991000089999
SYSTEM,48,GLN,NE2,SYSTEM,156,GLY,O,0.003999960000399996
SYSTEM,77,GLY,N,SYSTEM,75,THR,OG1,71.26228737712623
SYSTEM,125,ARG,NH1,SYSTEM,76,PRO,O,13.775862241377586
SYSTEM,48,GLN,NE2,SYSTEM,155,TYR,O,0.024999750002499977
SYSTEM,34,ARG,NH1,SYSTEM,36,GLU,O,0.04699953000469995
SYSTEM,167,GLN,N,SYSTEM,168,GLU,OE1,0.007999920000799993
SYSTEM,164,ARG,NH2,SYSTEM,157,ASN,O,0.16599834001659983
SYSTEM,74,ILE,N,SYSTEM,73,HIS,NE2,3.533964660353396
SYSTEM,78,THR,N,SYSTEM,78,THR,OG1,0.0059999400005999945
SYSTEM,125,ARG,NH1,SYSTEM,76,PRO,O,4.332956670433296
SYSTEM,169,ARG,NE,SYSTEM,163,SER,O,0.000999990000099999
SYSTEM,167,GLN,N,SYSTEM,168,GLU,OE2,0.009999900000999989
SYSTEM,22,TYR,OH,SYSTEM,112,VAL,O,0.31299687003129967
SYSTEM,67,ASP,N,SYSTEM,66,SER,OG,0.12099879001209989
SYSTEM,155,TYR,OH,SYSTEM,163,SER,O,0.000999990000099999
SYSTEM,125,ARG,NH2,SYSTEM,76,PRO,O,4.248957510424896
SYSTEM,148,TRP,N,SYSTEM,149,ASP,OD1,0.06799932000679994
SYSTEM,71,GLN,NE2,SYSTEM,70,SER,O,0.051999480005199945
SYSTEM,117,LYS,NZ,SYSTEM,116,ASP,O,0.034999650003499964
SYSTEM,62,ARG,NH2,SYSTEM,55,ASP,O,0.001999980000199998
SYSTEM,20,LYS,NZ,SYSTEM,16,LYS,O,0.04599954000459995
SYSTEM,124,SER,OG,SYSTEM,120,GLN,O,1.1289887101128988
SYSTEM,35,THR,OG1,SYSTEM,3,GLN,O,0.12499875001249988
SYSTEM,23,SER,OG,SYSTEM,25,SER,O,0.0059999400005999945
SYSTEM,88,ASN,ND2,SYSTEM,88,ASN,O,0.11299887001129988
SYSTEM,165,LYS,NZ,SYSTEM,166,GLY,O,0.001999980000199998
SYSTEM,6,ARG,NH2,SYSTEM,31,GLU,O,0.34099659003409966
SYSTEM,81,GLN,NE2,SYSTEM,77,GLY,O,0.0059999400005999945
SYSTEM,164,ARG,NH2,SYSTEM,53,ALA,O,0.01799982000179998
SYSTEM,31,GLU,N,SYSTEM,29,ASP,OD2,3.8349616503834962
SYSTEM,31,GLU,N,SYSTEM,29,ASP,OD1,3.759962400375996
SYSTEM,164,ARG,NH2,SYSTEM,53,ALA,O,0.0049999500004999945
SYSTEM,167,GLN,N,SYSTEM,167,GLN,OE1,0.05999940000599994
SYSTEM,167,GLN,NE2,SYSTEM,165,LYS,O,0.06999930000699993
SYSTEM,167,GLN,NE2,SYSTEM,162,GLU,O,0.05499945000549994
SYSTEM,99,ARG,NH1,SYSTEM,94,GLY,O,0.10099899001009989
SYSTEM,167,GLN,NE2,SYSTEM,168,GLU,O,0.06799932000679994
SYSTEM,168,GLU,N,SYSTEM,167,GLN,OE1,0.05299947000529995
SYSTEM,99,ARG,NH1,SYSTEM,89,GLU,O,0.04899951000489995
SYSTEM,2,SER,OG,SYSTEM,2,SER,O,0.11299887001129988
SYSTEM,88,ASN,ND2,SYSTEM,85,GLN,O,0.909990900090999
SYSTEM,168,GLU,N,SYSTEM,167,GLN,NE2,0.009999900000999989
SYSTEM,62,ARG,NH1,SYSTEM,109,ALA,O,0.25399746002539975
SYSTEM,120,GLN,NE2,SYSTEM,120,GLN,O,0.04599954000459995
SYSTEM,20,LYS,NZ,SYSTEM,19,GLN,O,0.08299917000829991
SYSTEM,165,LYS,NZ,SYSTEM,167,GLN,O,0.030999690003099968
SYSTEM,165,LYS,NZ,SYSTEM,167,GLN,O,0.023999760002399978
SYSTEM,165,LYS,NZ,SYSTEM,165,LYS,O,0.034999650003499964
SYSTEM,165,LYS,NZ,SYSTEM,167,GLN,O,0.02099979000209998
SYSTEM,43,SER,N,SYSTEM,42,GLU,OE1,0.5959940400595994
SYSTEM,118,GLU,N,SYSTEM,118,GLU,OE2,0.010999890001099988
SYSTEM,165,LYS,NZ,SYSTEM,165,LYS,O,0.061999380006199936
SYSTEM,41,THR,N,SYSTEM,42,GLU,OE1,0.15299847001529984
SYSTEM,41,THR,N,SYSTEM,42,GLU,OE2,0.1869981300186998
SYSTEM,60,ARG,NH2,SYSTEM,56,GLU,O,3.4269657303426966
SYSTEM,44,GLU,N,SYSTEM,42,GLU,OE1,0.007999920000799993
SYSTEM,28,SER,OG,SYSTEM,124,SER,O,0.039999600003999956
SYSTEM,88,ASN,ND2,SYSTEM,91,PHE,O,0.019999800001999978
SYSTEM,92,ARG,NH1,SYSTEM,89,GLU,O,0.21599784002159977
SYSTEM,99,ARG,NH1,SYSTEM,93,ASP,O,0.04899951000489995
SYSTEM,169,ARG,NH2,SYSTEM,167,GLN,O,0.0879991200087999
SYSTEM,82,SER,OG,SYSTEM,71,GLN,O,0.04699953000469995
SYSTEM,135,ASN,ND2,SYSTEM,135,ASN,O,0.6529934700652993
SYSTEM,135,ASN,N,SYSTEM,135,ASN,OD1,0.3239967600323997
SYSTEM,88,ASN,ND2,SYSTEM,87,VAL,O,0.03199968000319997
SYSTEM,79,ALA,N,SYSTEM,78,THR,OG1,3.9989600103998963
SYSTEM,92,ARG,NH2,SYSTEM,88,ASN,O,0.08399916000839992
SYSTEM,120,GLN,NE2,SYSTEM,119,MET,O,0.018999810001899983
SYSTEM,165,LYS,NZ,SYSTEM,162,GLU,O,0.2649973500264997
SYSTEM,165,LYS,NZ,SYSTEM,162,GLU,O,0.27199728002719975
SYSTEM,165,LYS,NZ,SYSTEM,162,GLU,O,0.2239977600223998
SYSTEM,63,ARG,NH2,SYSTEM,59,LEU,O,0.024999750002499977
SYSTEM,165,LYS,NZ,SYSTEM,163,SER,O,0.010999890001099988
SYSTEM,165,LYS,NZ,SYSTEM,163,SER,O,0.001999980000199998
SYSTEM,111,CYS,SG,SYSTEM,122,LEU,O,0.044999550004499955
SYSTEM,166,GLY,N,SYSTEM,167,GLN,NE2,0.05099949000509995
SYSTEM,62,ARG,NH2,SYSTEM,65,PHE,O,0.1089989100108999
SYSTEM,80,TYR,N,SYSTEM,81,GLN,NE2,0.0059999400005999945
SYSTEM,16,LYS,NZ,SYSTEM,55,ASP,O,0.016999830001699984
SYSTEM,20,LYS,NZ,SYSTEM,20,LYS,O,0.04299957000429996
SYSTEM,23,SER,OG,SYSTEM,22,TYR,O,0.03199968000319997
SYSTEM,3,GLN,N,SYSTEM,4,SER,OG,0.03399966000339997
SYSTEM,4,SER,OG,SYSTEM,1,MET,O,0.24099759002409976
SYSTEM,165,LYS,NZ,SYSTEM,166,GLY,O,0.0029999700002999972
SYSTEM,4,SER,N,SYSTEM,2,SER,OG,21.780782192178076
SYSTEM,165,LYS,NZ,SYSTEM,166,GLY,O,0.001999980000199998
SYSTEM,5,ASN,N,SYSTEM,2,SER,OG,13.596864031359686
SYSTEM,24,TRP,NE1,SYSTEM,33,ASN,O,0.4209957900420996
SYSTEM,3,GLN,NE2,SYSTEM,1,MET,O,1.6749832501674982
SYSTEM,69,THR,OG1,SYSTEM,109,ALA,O,0.013999860001399987
SYSTEM,2,SER,N,SYSTEM,135,ASN,OD1,10.68889311106889
SYSTEM,169,ARG,N,SYSTEM,167,GLN,OE1,0.000999990000099999
SYSTEM,20,LYS,NZ,SYSTEM,112,VAL,O,0.5339946600533995
SYSTEM,165,LYS,NZ,SYSTEM,163,SER,O,0.000999990000099999
SYSTEM,165,LYS,NZ,SYSTEM,164,ARG,O,0.003999960000399996
SYSTEM,92,ARG,NH1,SYSTEM,88,ASN,O,0.0889991100088999
SYSTEM,97,TRP,NE1,SYSTEM,147,GLY,O,0.019999800001999978
SYSTEM,62,ARG,NH2,SYSTEM,65,PHE,O,0.0049999500004999945
SYSTEM,92,ARG,N,SYSTEM,88,ASN,OD1,0.011999880001199989
SYSTEM,63,ARG,NH1,SYSTEM,59,LEU,O,0.0029999700002999972
SYSTEM,29,ASP,N,SYSTEM,33,ASN,OD1,0.009999900000999989
SYSTEM,85,GLN,N,SYSTEM,85,GLN,OE1,0.0909990900090999
SYSTEM,125,ARG,NH2,SYSTEM,124,SER,O,0.026999730002699972
SYSTEM,89,GLU,N,SYSTEM,89,GLU,OE2,0.000999990000099999
SYSTEM,23,SER,N,SYSTEM,120,GLN,NE2,0.000999990000099999
SYSTEM,20,LYS,NZ,SYSTEM,20,LYS,O,0.04699953000469995
SYSTEM,124,SER,OG,SYSTEM,29,ASP,O,0.053999460005399944
SYSTEM,75,THR,N,SYSTEM,73,HIS,ND1,0.000999990000099999
SYSTEM,130,MET,N,SYSTEM,130,MET,SD,0.000999990000099999
SYSTEM,125,ARG,NH1,SYSTEM,78,THR,O,0.7959920400795992
SYSTEM,125,ARG,NH2,SYSTEM,78,THR,O,1.6009839901600982
SYSTEM,2,SER,N,SYSTEM,139,GLU,OE1,0.19399806001939982
SYSTEM,27,PHE,N,SYSTEM,23,SER,OG,0.010999890001099988
SYSTEM,166,GLY,N,SYSTEM,168,GLU,OE2,0.06899931000689993
SYSTEM,125,ARG,NE,SYSTEM,76,PRO,O,0.049999500004999954
SYSTEM,125,ARG,NH2,SYSTEM,76,PRO,O,0.04399956000439995
SYSTEM,85,GLN,NE2,SYSTEM,81,GLN,O,0.14299857001429986
SYSTEM,135,ASN,ND2,SYSTEM,131,ALA,O,1.9039809601903979
SYSTEM,62,ARG,NH1,SYSTEM,62,ARG,O,0.7829921700782992
SYSTEM,26,GLN,N,SYSTEM,26,GLN,OE1,1.3399866001339986
SYSTEM,71,GLN,N,SYSTEM,70,SER,OG,0.022999770002299975
SYSTEM,150,THR,N,SYSTEM,150,THR,OG1,0.011999880001199989
SYSTEM,85,GLN,N,SYSTEM,81,GLN,NE2,0.012999870001299986
SYSTEM,92,ARG,N,SYSTEM,93,ASP,OD1,0.07499925000749992
SYSTEM,85,GLN,N,SYSTEM,81,GLN,OE1,0.003999960000399996
SYSTEM,92,ARG,NH1,SYSTEM,85,GLN,O,0.018999810001899983
SYSTEM,2,SER,N,SYSTEM,139,GLU,OE2,0.1809981900180998
SYSTEM,24,TRP,NE1,SYSTEM,28,SER,O,1.2419875801241989
SYSTEM,135,ASN,ND2,SYSTEM,132,THR,O,0.039999600003999956
SYSTEM,136,ASP,N,SYSTEM,135,ASN,OD1,0.000999990000099999
SYSTEM,47,LYS,NZ,SYSTEM,43,SER,O,0.7839921600783992
SYSTEM,51,ARG,NH2,SYSTEM,14,SER,O,0.0059999400005999945
SYSTEM,63,ARG,NH1,SYSTEM,63,ARG,O,3.135968640313597
SYSTEM,169,ARG,NH2,SYSTEM,164,ARG,O,0.01799982000179998
SYSTEM,169,ARG,NE,SYSTEM,164,ARG,O,0.0029999700002999972
SYSTEM,148,TRP,NE1,SYSTEM,4,SER,O,0.032999670003299966
SYSTEM,63,ARG,NE,SYSTEM,60,ARG,O,0.04299957000429996
SYSTEM,2,SER,OG,SYSTEM,1,MET,O,0.047999520004799956
SYSTEM,81,GLN,NE2,SYSTEM,80,TYR,O,0.012999870001299986
SYSTEM,25,SER,N,SYSTEM,14,SER,OG,0.02099979000209998
SYSTEM,125,ARG,NE,SYSTEM,124,SER,O,0.05499945000549994
SYSTEM,99,ARG,NH1,SYSTEM,91,PHE,O,0.4049959500404996
SYSTEM,96,ASN,N,SYSTEM,96,ASN,OD1,0.02099979000209998
SYSTEM,158,ASN,ND2,SYSTEM,152,VAL,O,0.6599934000659994
SYSTEM,26,GLN,N,SYSTEM,26,GLN,NE2,0.43099569004309957
SYSTEM,26,GLN,N,SYSTEM,28,SER,OG,0.000999990000099999
SYSTEM,2,SER,OG,SYSTEM,38,PRO,O,0.000999990000099999
SYSTEM,2,SER,N,SYSTEM,5,ASN,OD1,0.3679963200367996
SYSTEM,28,SER,OG,SYSTEM,25,SER,O,0.0029999700002999972
SYSTEM,19,GLN,N,SYSTEM,19,GLN,OE1,0.04599954000459995
SYSTEM,6,ARG,NH1,SYSTEM,1,MET,O,0.044999550004499955
SYSTEM,48,GLN,NE2,SYSTEM,44,GLU,O,13.296867031329688
SYSTEM,63,ARG,NE,SYSTEM,62,ARG,O,0.17399826001739982
SYSTEM,5,ASN,N,SYSTEM,5,ASN,OD1,4.056959430405696
SYSTEM,52,GLU,N,SYSTEM,48,GLN,NE2,0.015999840001599985
SYSTEM,24,TRP,NE1,SYSTEM,9,VAL,O,0.0049999500004999945
SYSTEM,5,ASN,ND2,SYSTEM,4,SER,O,0.016999830001699984
SYSTEM,43,SER,OG,SYSTEM,41,THR,O,0.003999960000399996
SYSTEM,157,ASN,N,SYSTEM,52,GLU,OE1,1.3119868801311987
SYSTEM,3,GLN,NE2,SYSTEM,1,MET,O,0.034999650003499964
SYSTEM,28,SER,N,SYSTEM,28,SER,OG,0.003999960000399996
SYSTEM,25,SER,N,SYSTEM,18,SER,OG,0.001999980000199998
SYSTEM,34,ARG,NH1,SYSTEM,33,ASN,O,0.25799742002579973
SYSTEM,164,ARG,NH1,SYSTEM,52,GLU,O,0.003999960000399996
SYSTEM,51,ARG,NH1,SYSTEM,51,ARG,O,0.001999980000199998
SYSTEM,1,MET,N,SYSTEM,3,GLN,NE2,0.04299957000429996
SYSTEM,135,ASN,ND2,SYSTEM,134,LEU,O,0.030999690003099968
SYSTEM,164,ARG,NE,SYSTEM,164,ARG,O,0.3299967000329997
SYSTEM,164,ARG,NH2,SYSTEM,164,ARG,O,0.003999960000399996
SYSTEM,117,LYS,NZ,SYSTEM,116,ASP,O,0.037999620003799965
SYSTEM,164,ARG,NH1,SYSTEM,164,ARG,O,0.025999740002599973
SYSTEM,48,GLN,NE2,SYSTEM,155,TYR,O,0.02099979000209998
SYSTEM,122,LEU,N,SYSTEM,119,MET,SD,0.026999730002699972
SYSTEM,1,MET,N,SYSTEM,132,THR,OG1,0.00899991000089999
SYSTEM,137,HIS,N,SYSTEM,137,HIS,NE2,0.018999810001899983
SYSTEM,1,MET,N,SYSTEM,132,THR,OG1,0.007999920000799993
SYSTEM,51,ARG,NH1,SYSTEM,14,SER,O,0.000999990000099999
SYSTEM,164,ARG,NE,SYSTEM,161,ALA,O,0.18299817001829982
SYSTEM,34,ARG,NH2,SYSTEM,36,GLU,O,0.014999850001499985
SYSTEM,5,ASN,ND2,SYSTEM,4,SER,O,0.24399756002439973
SYSTEM,5,ASN,ND2,SYSTEM,131,ALA,O,1.3209867901320986
SYSTEM,5,ASN,ND2,SYSTEM,5,ASN,O,0.07199928000719992
SYSTEM,43,SER,N,SYSTEM,4,SER,OG,0.0049999500004999945
SYSTEM,16,LYS,NZ,SYSTEM,51,ARG,O,0.001999980000199998
SYSTEM,157,ASN,N,SYSTEM,158,ASN,OD1,0.06799932000679994
SYSTEM,19,GLN,N,SYSTEM,18,SER,OG,0.03399966000339997
SYSTEM,157,ASN,N,SYSTEM,48,GLN,NE2,0.15499845001549986
SYSTEM,5,ASN,ND2,SYSTEM,2,SER,O,0.9519904800951989
SYSTEM,11,ASP,N,SYSTEM,11,ASP,OD2,0.019999800001999978
SYSTEM,4,SER,OG,SYSTEM,38,PRO,O,0.000999990000099999
SYSTEM,1,MET,N,SYSTEM,132,THR,OG1,0.003999960000399996
SYSTEM,33,ASN,ND2,SYSTEM,123,VAL,O,0.009999900000999989
SYSTEM,51,ARG,NH2,SYSTEM,47,LYS,O,0.019999800001999978
SYSTEM,82,SER,OG,SYSTEM,81,GLN,O,0.009999900000999989
SYSTEM,31,GLU,N,SYSTEM,32,GLU,OE2,0.0029999700002999972
SYSTEM,47,LYS,N,SYSTEM,43,SER,OG,0.0059999400005999945
SYSTEM,162,GLU,N,SYSTEM,163,SER,OG,0.003999960000399996
SYSTEM,132,THR,N,SYSTEM,1,MET,SD,0.0059999400005999945
SYSTEM,163,SER,OG,SYSTEM,153,GLU,O,9.92290077099229
SYSTEM,120,GLN,NE2,SYSTEM,28,SER,O,0.016999830001699984
SYSTEM,167,GLN,NE2,SYSTEM,153,GLU,O,0.012999870001299986
SYSTEM,167,GLN,NE2,SYSTEM,154,LEU,O,0.14399856001439984
SYSTEM,105,SER,OG,SYSTEM,55,ASP,O,0.000999990000099999
SYSTEM,167,GLN,NE2,SYSTEM,162,GLU,O,0.03399966000339997
SYSTEM,164,ARG,NH1,SYSTEM,53,ALA,O,0.06999930000699993
SYSTEM,63,ARG,NH1,SYSTEM,60,ARG,O,0.006999930000699994
SYSTEM,34,ARG,NH2,SYSTEM,36,GLU,O,0.039999600003999956
SYSTEM,165,LYS,NZ,SYSTEM,157,ASN,O,0.000999990000099999
SYSTEM,137,HIS,N,SYSTEM,136,ASP,OD2,0.00899991000089999
SYSTEM,165,LYS,NZ,SYSTEM,160,ALA,O,0.022999770002299975
SYSTEM,165,LYS,NZ,SYSTEM,160,ALA,O,0.024999750002499977
SYSTEM,164,ARG,NH1,SYSTEM,155,TYR,O,0.00899991000089999
SYSTEM,165,LYS,NZ,SYSTEM,160,ALA,O,0.02099979000209998
SYSTEM,20,LYS,NZ,SYSTEM,16,LYS,O,0.039999600003999956
SYSTEM,97,TRP,N,SYSTEM,167,GLN,OE1,14.355856441435586
SYSTEM,97,TRP,N,SYSTEM,167,GLN,NE2,0.5629943700562994
SYSTEM,143,GLN,NE2,SYSTEM,146,GLY,O,0.015999840001599985
SYSTEM,89,GLU,N,SYSTEM,88,ASN,OD1,0.021999780002199976
SYSTEM,162,GLU,N,SYSTEM,162,GLU,OE1,3.6209637903620964
SYSTEM,132,THR,N,SYSTEM,132,THR,OG1,0.001999980000199998
SYSTEM,85,GLN,NE2,SYSTEM,71,GLN,O,0.1869981300186998
SYSTEM,51,ARG,NH1,SYSTEM,47,LYS,O,0.025999740002599973
SYSTEM,97,TRP,NE1,SYSTEM,167,GLN,O,0.009999900000999989
SYSTEM,147,GLY,N,SYSTEM,150,THR,OG1,0.0029999700002999972
SYSTEM,34,ARG,NH2,SYSTEM,31,GLU,O,0.003999960000399996
SYSTEM,60,ARG,NH1,SYSTEM,168,GLU,O,0.2819971800281997
SYSTEM,18,SER,N,SYSTEM,18,SER,OG,0.003999960000399996
SYSTEM,29,ASP,N,SYSTEM,120,GLN,NE2,0.013999860001399987
SYSTEM,169,ARG,NH1,SYSTEM,95,VAL,O,0.21599784002159977
SYSTEM,123,VAL,N,SYSTEM,114,SER,OG,0.03599964000359996
SYSTEM,169,ARG,NH2,SYSTEM,95,VAL,O,0.44599554004459957
SYSTEM,169,ARG,NH2,SYSTEM,94,GLY,O,0.3959960400395996
SYSTEM,169,ARG,N,SYSTEM,96,ASN,OD1,39.64460355396446
SYSTEM,62,ARG,NH1,SYSTEM,60,ARG,O,0.053999460005399944
SYSTEM,32,GLU,N,SYSTEM,29,ASP,OD2,1.2389876101238988
SYSTEM,137,HIS,N,SYSTEM,136,ASP,OD1,0.007999920000799993
SYSTEM,169,ARG,NH2,SYSTEM,95,VAL,O,0.7429925700742993
SYSTEM,128,ALA,N,SYSTEM,33,ASN,OD1,0.001999980000199998
SYSTEM,114,SER,OG,SYSTEM,122,LEU,O,0.03399966000339997
SYSTEM,26,GLN,N,SYSTEM,25,SER,OG,0.013999860001399987
SYSTEM,161,ALA,N,SYSTEM,163,SER,OG,0.022999770002299975
SYSTEM,6,ARG,NE,SYSTEM,2,SER,O,0.20199798002019978
SYSTEM,158,ASN,ND2,SYSTEM,153,GLU,O,3.8209617903820963
SYSTEM,158,ASN,ND2,SYSTEM,152,VAL,O,0.2049979500204998
SYSTEM,158,ASN,ND2,SYSTEM,156,GLY,O,0.0919990800091999
SYSTEM,163,SER,N,SYSTEM,163,SER,OG,0.032999670003299966
SYSTEM,158,ASN,ND2,SYSTEM,154,LEU,O,0.6339936600633994
SYSTEM,158,ASN,ND2,SYSTEM,153,GLU,O,1.1929880701192987
SYSTEM,161,ALA,N,SYSTEM,162,GLU,OE2,0.21499785002149976
SYSTEM,7,GLU,N,SYSTEM,3,GLN,NE2,0.02099979000209998
SYSTEM,158,ASN,ND2,SYSTEM,160,ALA,O,0.02899971000289997
SYSTEM,60,ARG,NH2,SYSTEM,168,GLU,O,0.4579954200457996
SYSTEM,23,SER,OG,SYSTEM,21,GLY,O,0.02899971000289997
SYSTEM,164,ARG,NH1,SYSTEM,154,LEU,O,2.228977710222898
SYSTEM,165,LYS,N,SYSTEM,167,GLN,NE2,0.0059999400005999945
SYSTEM,96,ASN,ND2,SYSTEM,167,GLN,O,0.9069909300906991
SYSTEM,169,ARG,NH2,SYSTEM,93,ASP,O,1.2189878101218987
SYSTEM,3,GLN,NE2,SYSTEM,32,GLU,O,8.505914940850591
SYSTEM,169,ARG,NH1,SYSTEM,93,ASP,O,1.2229877701222989
SYSTEM,169,ARG,NH2,SYSTEM,94,GLY,O,0.0939990600093999
SYSTEM,34,ARG,N,SYSTEM,3,GLN,NE2,1.6309836901630983
SYSTEM,169,ARG,NH1,SYSTEM,93,ASP,O,3.1779682203177972
SYSTEM,33,ASN,ND2,SYSTEM,123,VAL,O,0.000999990000099999
SYSTEM,124,SER,N,SYSTEM,120,GLN,NE2,0.0029999700002999972
SYSTEM,34,ARG,N,SYSTEM,3,GLN,OE1,1.3199868001319988
SYSTEM,105,SER,N,SYSTEM,105,SER,OG,0.000999990000099999
SYSTEM,28,SER,OG,SYSTEM,33,ASN,O,0.0049999500004999945
SYSTEM,156,GLY,N,SYSTEM,52,GLU,OE2,0.07599924000759993
SYSTEM,162,GLU,N,SYSTEM,162,GLU,OE2,3.5589644103558964
SYSTEM,161,ALA,N,SYSTEM,162,GLU,OE1,0.2089979100208998
SYSTEM,98,GLY,N,SYSTEM,168,GLU,OE1,0.000999990000099999
SYSTEM,47,LYS,NZ,SYSTEM,43,SER,O,0.982990170098299
SYSTEM,73,HIS,NE2,SYSTEM,71,GLN,O,0.0049999500004999945
SYSTEM,160,ALA,N,SYSTEM,163,SER,OG,9.40690593094069
SYSTEM,91,PHE,N,SYSTEM,88,ASN,OD1,0.000999990000099999
SYSTEM,169,ARG,NE,SYSTEM,95,VAL,O,0.023999760002399978
SYSTEM,169,ARG,NH2,SYSTEM,93,ASP,O,1.1409885901140988
SYSTEM,22,TYR,OH,SYSTEM,116,ASP,O,0.003999960000399996
SYSTEM,56,GLU,N,SYSTEM,55,ASP,OD1,0.04199958000419996
SYSTEM,117,LYS,N,SYSTEM,116,ASP,OD1,0.000999990000099999
SYSTEM,63,ARG,NH1,SYSTEM,66,SER,O,0.001999980000199998
SYSTEM,34,ARG,NH2,SYSTEM,33,ASN,O,0.07899921000789992
SYSTEM,96,ASN,ND2,SYSTEM,166,GLY,O,2.5469745302546976
SYSTEM,62,ARG,NH2,SYSTEM,55,ASP,O,0.000999990000099999
SYSTEM,6,ARG,N,SYSTEM,2,SER,OG,0.00899991000089999
SYSTEM,34,ARG,NH1,SYSTEM,34,ARG,O,0.06299937000629993
SYSTEM,163,SER,N,SYSTEM,162,GLU,OE1,0.0979990200097999
SYSTEM,1,MET,N,SYSTEM,3,GLN,NE2,0.07699923000769993
SYSTEM,98,GLY,N,SYSTEM,167,GLN,OE1,8.954910450895492
SYSTEM,1,MET,N,SYSTEM,2,SER,OG,0.0059999400005999945
SYSTEM,169,ARG,NE,SYSTEM,93,ASP,O,0.8039919600803991
SYSTEM,156,GLY,N,SYSTEM,52,GLU,OE1,0.0889991100088999
SYSTEM,28,SER,N,SYSTEM,120,GLN,OE1,0.000999990000099999
SYSTEM,120,GLN,NE2,SYSTEM,28,SER,O,0.00899991000089999
SYSTEM,52,GLU,N,SYSTEM,48,GLN,OE1,0.001999980000199998
SYSTEM,157,ASN,N,SYSTEM,52,GLU,OE2,1.213987860121399
SYSTEM,158,ASN,N,SYSTEM,52,GLU,OE2,0.13999860001399986
SYSTEM,158,ASN,N,SYSTEM,52,GLU,OE1,0.16299837001629983
SYSTEM,157,ASN,ND2,SYSTEM,52,GLU,O,0.11699883001169988
SYSTEM,167,GLN,NE2,SYSTEM,95,VAL,O,0.006999930000699994
SYSTEM,117,LYS,NZ,SYSTEM,116,ASP,O,0.023999760002399978
SYSTEM,98,GLY,N,SYSTEM,167,GLN,NE2,0.9179908200917991
SYSTEM,4,SER,OG,SYSTEM,42,GLU,O,0.009999900000999989
SYSTEM,8,LEU,N,SYSTEM,43,SER,OG,0.000999990000099999
SYSTEM,92,ARG,NH2,SYSTEM,89,GLU,O,0.007999920000799993
SYSTEM,169,ARG,NE,SYSTEM,94,GLY,O,0.010999890001099988
SYSTEM,28,SER,OG,SYSTEM,32,GLU,O,0.007999920000799993
SYSTEM,60,ARG,NH1,SYSTEM,168,GLU,O,0.0059999400005999945
SYSTEM,160,ALA,N,SYSTEM,153,GLU,OE2,0.009999900000999989
SYSTEM,160,ALA,N,SYSTEM,153,GLU,OE1,0.001999980000199998
SYSTEM,155,TYR,OH,SYSTEM,167,GLN,O,0.6119938800611994
SYSTEM,158,ASN,ND2,SYSTEM,155,TYR,O,0.08299917000829991
SYSTEM,158,ASN,ND2,SYSTEM,48,GLN,O,0.003999960000399996
SYSTEM,158,ASN,ND2,SYSTEM,155,TYR,O,0.06899931000689993
SYSTEM,158,ASN,ND2,SYSTEM,45,ALA,O,0.011999880001199989
SYSTEM,169,ARG,N,SYSTEM,61,TYR,OH,2.3529764702352978
SYSTEM,158,ASN,ND2,SYSTEM,45,ALA,O,0.000999990000099999
SYSTEM,158,ASN,N,SYSTEM,48,GLN,NE2,0.023999760002399978
SYSTEM,96,ASN,ND2,SYSTEM,168,GLU,O,0.07299927000729993
SYSTEM,19,GLN,NE2,SYSTEM,15,TYR,O,0.04899951000489995
SYSTEM,121,VAL,N,SYSTEM,119,MET,SD,0.007999920000799993
SYSTEM,148,TRP,N,SYSTEM,42,GLU,OE1,0.011999880001199989
SYSTEM,148,TRP,N,SYSTEM,42,GLU,OE2,0.025999740002599973
SYSTEM,33,ASN,ND2,SYSTEM,6,ARG,O,0.06999930000699993
SYSTEM,7,GLU,N,SYSTEM,35,THR,OG1,0.000999990000099999
SYSTEM,47,LYS,NZ,SYSTEM,4,SER,O,0.000999990000099999
SYSTEM,35,THR,N,SYSTEM,35,THR,OG1,0.0049999500004999945
SYSTEM,3,GLN,NE2,SYSTEM,32,GLU,O,0.2829971700282997
SYSTEM,1,MET,N,SYSTEM,3,GLN,OE1,0.5769942300576993
SYSTEM,125,ARG,NH2,SYSTEM,77,GLY,O,0.0049999500004999945
SYSTEM,35,THR,OG1,SYSTEM,35,THR,O,0.4059959400405996
SYSTEM,1,MET,N,SYSTEM,3,GLN,OE1,0.2769972300276997
SYSTEM,1,MET,N,SYSTEM,3,GLN,NE2,0.02899971000289997
SYSTEM,35,THR,N,SYSTEM,39,GLU,OE1,0.000999990000099999
SYSTEM,3,GLN,NE2,SYSTEM,31,GLU,O,0.025999740002599973
SYSTEM,35,THR,OG1,SYSTEM,38,PRO,O,0.007999920000799993
SYSTEM,24,TRP,NE1,SYSTEM,120,GLN,O,1.232987670123299
SYSTEM,24,TRP,NE1,SYSTEM,123,VAL,O,0.1879981200187998
SYSTEM,96,ASN,ND2,SYSTEM,95,VAL,O,8.307916920830792
SYSTEM,28,SER,OG,SYSTEM,120,GLN,O,0.034999650003499964
SYSTEM,24,TRP,N,SYSTEM,25,SER,OG,0.021999780002199976
SYSTEM,26,GLN,NE2,SYSTEM,23,SER,O,5.1669483305166946
SYSTEM,1,MET,N,SYSTEM,136,ASP,OD2,0.000999990000099999
SYSTEM,63,ARG,NH2,SYSTEM,62,ARG,O,0.12599874001259986
SYSTEM,34,ARG,NH2,SYSTEM,37,ALA,O,0.06499935000649994
SYSTEM,25,SER,OG,SYSTEM,14,SER,O,0.0949990500094999
SYSTEM,3,GLN,N,SYSTEM,36,GLU,OE2,7.137928620713793
SYSTEM,133,TYR,N,SYSTEM,80,TYR,OH,0.014999850001499985
SYSTEM,120,GLN,NE2,SYSTEM,23,SER,O,0.03899961000389996
SYSTEM,27,PHE,N,SYSTEM,26,GLN,OE1,0.28099719002809975
SYSTEM,24,TRP,N,SYSTEM,26,GLN,OE1,0.2749972500274997
SYSTEM,24,TRP,N,SYSTEM,26,GLN,NE2,0.011999880001199989
SYSTEM,26,GLN,NE2,SYSTEM,22,TYR,O,0.0059999400005999945
SYSTEM,120,GLN,NE2,SYSTEM,23,SER,O,0.024999750002499977
SYSTEM,18,SER,N,SYSTEM,25,SER,OG,0.001999980000199998
SYSTEM,3,GLN,N,SYSTEM,36,GLU,OE1,6.560934390656094
SYSTEM,149,ASP,N,SYSTEM,42,GLU,OE1,0.0049999500004999945
SYSTEM,34,ARG,NH1,SYSTEM,7,GLU,O,0.001999980000199998
SYSTEM,23,SER,N,SYSTEM,120,GLN,OE1,0.0059999400005999945
SYSTEM,24,TRP,N,SYSTEM,120,GLN,OE1,0.001999980000199998
SYSTEM,120,GLN,NE2,SYSTEM,24,TRP,O,0.001999980000199998
SYSTEM,34,ARG,NH1,SYSTEM,7,GLU,O,0.000999990000099999
SYSTEM,169,ARG,NH1,SYSTEM,94,GLY,O,0.011999880001199989
SYSTEM,68,LEU,N,SYSTEM,69,THR,OG1,0.000999990000099999
SYSTEM,48,GLN,NE2,SYSTEM,42,GLU,O,0.07999920000799991
SYSTEM,48,GLN,NE2,SYSTEM,41,THR,O,0.022999770002299975
SYSTEM,34,ARG,NH2,SYSTEM,7,GLU,O,0.0029999700002999972
SYSTEM,34,ARG,NH2,SYSTEM,7,GLU,O,0.00899991000089999
SYSTEM,44,GLU,N,SYSTEM,48,GLN,NE2,0.007999920000799993
SYSTEM,48,GLN,NE2,SYSTEM,41,THR,O,0.15399846001539985
SYSTEM,51,ARG,NH1,SYSTEM,41,THR,O,0.001999980000199998
SYSTEM,31,GLU,N,SYSTEM,25,SER,OG,0.07399926000739993
SYSTEM,92,ARG,NH1,SYSTEM,89,GLU,O,0.0029999700002999972
SYSTEM,96,ASN,ND2,SYSTEM,166,GLY,O,0.23199768002319976
SYSTEM,1,MET,N,SYSTEM,3,GLN,OE1,0.3109968900310997
SYSTEM,55,ASP,N,SYSTEM,15,TYR,OH,0.001999980000199998
SYSTEM,120,GLN,N,SYSTEM,22,TYR,OH,0.001999980000199998
SYSTEM,26,GLN,NE2,SYSTEM,24,TRP,O,0.0059999400005999945
SYSTEM,5,ASN,ND2,SYSTEM,1,MET,O,1.8659813401865981
SYSTEM,36,GLU,N,SYSTEM,4,SER,OG,4.297957020429796
SYSTEM,34,ARG,NH2,SYSTEM,30,VAL,O,0.01799982000179998
SYSTEM,24,TRP,NE1,SYSTEM,27,PHE,O,0.009999900000999989
SYSTEM,22,TYR,OH,SYSTEM,118,GLU,O,0.000999990000099999
SYSTEM,43,SER,OG,SYSTEM,37,ALA,O,0.026999730002699972
SYSTEM,105,SER,OG,SYSTEM,53,ALA,O,0.000999990000099999
SYSTEM,22,TYR,OH,SYSTEM,120,GLN,O,0.060999390006099934
SYSTEM,34,ARG,NH2,SYSTEM,40,GLY,O,0.7939920600793993
SYSTEM,41,THR,OG1,SYSTEM,38,PRO,O,2.8029719702802973
SYSTEM,1,MET,N,SYSTEM,39,GLU,OE1,2.4909750902490977
SYSTEM,1,MET,N,SYSTEM,39,GLU,OE2,3.829961700382996
SYSTEM,1,MET,N,SYSTEM,39,GLU,OE2,2.5619743802561974
SYSTEM,1,MET,N,SYSTEM,39,GLU,OE1,3.6219637803621967
SYSTEM,80,TYR,OH,SYSTEM,129,TRP,O,0.04599954000459995
SYSTEM,51,ARG,NH2,SYSTEM,12,PHE,O,0.06999930000699993
SYSTEM,41,THR,OG1,SYSTEM,37,ALA,O,1.7029829701702983
SYSTEM,35,THR,N,SYSTEM,41,THR,OG1,0.0049999500004999945
SYSTEM,37,ALA,N,SYSTEM,41,THR,OG1,0.0919990800091999
SYSTEM,41,THR,OG1,SYSTEM,36,GLU,O,0.04399956000439995
SYSTEM,1,MET,N,SYSTEM,39,GLU,OE2,3.5159648403515966
SYSTEM,36,GLU,N,SYSTEM,1,MET,SD,0.061999380006199936
SYSTEM,37,ALA,N,SYSTEM,1,MET,SD,0.018999810001899983
SYSTEM,5,ASN,N,SYSTEM,135,ASN,OD1,0.18899811001889982
SYSTEM,6,ARG,NH2,SYSTEM,29,ASP,O,0.018999810001899983
SYSTEM,33,ASN,ND2,SYSTEM,30,VAL,O,5.068949310506895
SYSTEM,1,MET,N,SYSTEM,39,GLU,OE1,3.251967480325197
SYSTEM,60,ARG,NH2,SYSTEM,168,GLU,O,0.051999480005199945
SYSTEM,133,TYR,N,SYSTEM,132,THR,OG1,0.007999920000799993
SYSTEM,4,SER,OG,SYSTEM,39,GLU,O,0.053999460005399944
SYSTEM,23,SER,OG,SYSTEM,23,SER,O,0.003999960000399996
SYSTEM,155,TYR,OH,SYSTEM,164,ARG,O,5.765942340576594
SYSTEM,34,ARG,NH2,SYSTEM,40,GLY,O,1.5509844901550984
SYSTEM,3,GLN,NE2,SYSTEM,31,GLU,O,0.0059999400005999945
SYSTEM,135,ASN,ND2,SYSTEM,2,SER,O,5.038949610503895
SYSTEM,150,THR,OG1,SYSTEM,149,ASP,O,0.000999990000099999
SYSTEM,117,LYS,N,SYSTEM,113,GLU,OE2,0.001999980000199998
SYSTEM,37,ALA,N,SYSTEM,4,SER,OG,0.6199938000619994
SYSTEM,34,ARG,NH2,SYSTEM,37,ALA,O,0.05499945000549994
SYSTEM,28,SER,N,SYSTEM,124,SER,OG,0.05799942000579994
SYSTEM,111,CYS,SG,SYSTEM,110,LEU,O,0.0049999500004999945
SYSTEM,46,VAL,N,SYSTEM,43,SER,OG,0.2959970400295997
SYSTEM,45,ALA,N,SYSTEM,43,SER,OG,3.9399606003939964
SYSTEM,27,PHE,N,SYSTEM,26,GLN,NE2,0.0029999700002999972
SYSTEM,72,LEU,N,SYSTEM,73,HIS,NE2,0.000999990000099999
SYSTEM,35,THR,OG1,SYSTEM,40,GLY,O,0.31599684003159967
SYSTEM,71,GLN,NE2,SYSTEM,67,ASP,O,12.334876651233488
SYSTEM,96,ASN,ND2,SYSTEM,167,GLN,O,3.9849601503984964
SYSTEM,167,GLN,NE2,SYSTEM,150,THR,O,0.001999980000199998
SYSTEM,151,PHE,N,SYSTEM,150,THR,OG1,0.03199968000319997
SYSTEM,163,SER,N,SYSTEM,162,GLU,OE2,0.10399896001039989
SYSTEM,119,MET,N,SYSTEM,120,GLN,OE1,0.011999880001199989
SYSTEM,143,GLN,NE2,SYSTEM,142,ILE,O,0.010999890001099988
SYSTEM,135,ASN,ND2,SYSTEM,135,ASN,O,0.011999880001199989
SYSTEM,169,ARG,NH1,SYSTEM,94,GLY,O,0.08999910000899991
SYSTEM,135,ASN,ND2,SYSTEM,1,MET,O,0.06799932000679994
SYSTEM,92,ARG,NH2,SYSTEM,92,ARG,O,0.030999690003099968
SYSTEM,143,GLN,NE2,SYSTEM,139,GLU,O,0.000999990000099999
SYSTEM,34,ARG,NH1,SYSTEM,40,GLY,O,0.3429965700342996
SYSTEM,19,GLN,NE2,SYSTEM,14,SER,O,0.0029999700002999972
SYSTEM,30,VAL,N,SYSTEM,14,SER,OG,0.02099979000209998
SYSTEM,120,GLN,NE2,SYSTEM,114,SER,O,0.015999840001599985
SYSTEM,40,GLY,N,SYSTEM,41,THR,OG1,0.05599944000559995
SYSTEM,135,ASN,ND2,SYSTEM,5,ASN,O,0.0029999700002999972
SYSTEM,34,ARG,NH1,SYSTEM,37,ALA,O,0.039999600003999956
SYSTEM,57,PHE,N,SYSTEM,105,SER,OG,0.0029999700002999972
SYSTEM,92,ARG,NH2,SYSTEM,86,VAL,O,0.000999990000099999
SYSTEM,88,ASN,ND2,SYSTEM,86,VAL,O,0.000999990000099999
SYSTEM,22,TYR,OH,SYSTEM,20,LYS,O,0.003999960000399996
SYSTEM,164,ARG,NH1,SYSTEM,159,ALA,O,1.5539844601553985
SYSTEM,164,ARG,NH2,SYSTEM,159,ALA,O,0.7839921600783992
SYSTEM,164,ARG,NH2,SYSTEM,156,GLY,O,2.5029749702502975
SYSTEM,47,LYS,NZ,SYSTEM,41,THR,O,0.003999960000399996
SYSTEM,164,ARG,NH2,SYSTEM,161,ALA,O,0.04699953000469995
SYSTEM,164,ARG,NH1,SYSTEM,159,ALA,O,0.02099979000209998
SYSTEM,6,ARG,NH2,SYSTEM,127,ALA,O,0.02099979000209998
SYSTEM,124,SER,N,SYSTEM,28,SER,OG,0.026999730002699972
SYSTEM,41,THR,OG1,SYSTEM,35,THR,O,0.08699913000869991
SYSTEM,47,LYS,NZ,SYSTEM,41,THR,O,0.0029999700002999972
SYSTEM,47,LYS,NZ,SYSTEM,41,THR,O,0.0029999700002999972
SYSTEM,168,GLU,N,SYSTEM,155,TYR,OH,0.016999830001699984
SYSTEM,164,ARG,NH1,SYSTEM,156,GLY,O,0.05599944000559995
SYSTEM,48,GLN,N,SYSTEM,48,GLN,OE1,0.003999960000399996
SYSTEM,20,LYS,NZ,SYSTEM,115,VAL,O,0.000999990000099999
SYSTEM,6,ARG,N,SYSTEM,135,ASN,OD1,0.003999960000399996
SYSTEM,169,ARG,NH2,SYSTEM,91,PHE,O,0.000999990000099999
SYSTEM,163,SER,OG,SYSTEM,162,GLU,O,0.001999980000199998
SYSTEM,96,ASN,ND2,SYSTEM,168,GLU,O,3.5679643203567966
SYSTEM,4,SER,N,SYSTEM,39,GLU,OE2,0.011999880001199989
SYSTEM,92,ARG,NE,SYSTEM,90,LEU,O,0.22799772002279978
SYSTEM,92,ARG,NH1,SYSTEM,90,LEU,O,0.000999990000099999
SYSTEM,92,ARG,NH2,SYSTEM,90,LEU,O,0.13799862001379987
SYSTEM,92,ARG,NE,SYSTEM,91,PHE,O,0.007999920000799993
SYSTEM,157,ASN,ND2,SYSTEM,45,ALA,O,0.001999980000199998
SYSTEM,120,GLN,NE2,SYSTEM,120,GLN,O,0.3079969200307997
SYSTEM,92,ARG,NH2,SYSTEM,91,PHE,O,0.000999990000099999
SYSTEM,44,GLU,N,SYSTEM,48,GLN,OE1,0.000999990000099999
SYSTEM,18,SER,N,SYSTEM,19,GLN,NE2,0.000999990000099999
SYSTEM,62,ARG,NH2,SYSTEM,58,GLU,O,0.0029999700002999972
SYSTEM,15,TYR,OH,SYSTEM,54,GLY,O,0.0029999700002999972
SYSTEM,120,GLN,NE2,SYSTEM,119,MET,O,0.08099919000809992
SYSTEM,164,ARG,NH1,SYSTEM,161,ALA,O,0.010999890001099988
SYSTEM,24,TRP,NE1,SYSTEM,124,SER,O,0.000999990000099999
SYSTEM,33,ASN,ND2,SYSTEM,7,GLU,O,0.1089989100108999
SYSTEM,47,LYS,NZ,SYSTEM,33,ASN,O,1.6979830201697983
SYSTEM,47,LYS,NZ,SYSTEM,33,ASN,O,2.4739752602473972
SYSTEM,16,LYS,NZ,SYSTEM,51,ARG,O,0.003999960000399996
SYSTEM,47,LYS,NZ,SYSTEM,33,ASN,O,2.2339776602233976
SYSTEM,33,ASN,ND2,SYSTEM,3,GLN,O,0.07599924000759993
SYSTEM,54,GLY,N,SYSTEM,55,ASP,OD2,0.000999990000099999
SYSTEM,6,ARG,NH2,SYSTEM,29,ASP,O,0.06299937000629993
SYSTEM,6,ARG,NH1,SYSTEM,29,ASP,O,0.07899921000789992
SYSTEM,33,ASN,ND2,SYSTEM,3,GLN,O,0.022999770002299975
SYSTEM,169,ARG,NH1,SYSTEM,95,VAL,O,0.011999880001199989
SYSTEM,99,ARG,NH2,SYSTEM,168,GLU,O,0.5969940300596994
SYSTEM,164,ARG,NE,SYSTEM,154,LEU,O,25.019749802501973
SYSTEM,164,ARG,NH2,SYSTEM,159,ALA,O,8.399916000839992
SYSTEM,164,ARG,NH2,SYSTEM,154,LEU,O,6.194938050619494
SYSTEM,164,ARG,NE,SYSTEM,159,ALA,O,4.654953450465495
SYSTEM,164,ARG,NH2,SYSTEM,156,GLY,O,29.19370806291937
SYSTEM,164,ARG,NH2,SYSTEM,155,TYR,O,7.965920340796592
SYSTEM,164,ARG,NE,SYSTEM,155,TYR,O,2.5539744602553975
SYSTEM,164,ARG,NE,SYSTEM,156,GLY,O,3.2549674503254966
SYSTEM,16,LYS,NZ,SYSTEM,105,SER,O,0.001999980000199998
SYSTEM,6,ARG,NH1,SYSTEM,6,ARG,O,0.009999900000999989
SYSTEM,63,ARG,NH2,SYSTEM,66,SER,O,0.007999920000799993
SYSTEM,6,ARG,NH2,SYSTEM,2,SER,O,0.05799942000579994
SYSTEM,99,ARG,NH2,SYSTEM,168,GLU,O,0.08199918000819992
SYSTEM,6,ARG,NH2,SYSTEM,128,ALA,O,0.006999930000699994
SYSTEM,99,ARG,NH1,SYSTEM,168,GLU,O,0.09699903000969991
SYSTEM,35,THR,N,SYSTEM,44,GLU,OE1,9.627903720962792
SYSTEM,63,ARG,NH1,SYSTEM,64,ALA,O,0.000999990000099999
SYSTEM,52,GLU,N,SYSTEM,52,GLU,OE1,0.000999990000099999
SYSTEM,35,THR,N,SYSTEM,44,GLU,OE2,10.103898961010389
SYSTEM,34,ARG,NH2,SYSTEM,11,ASP,O,0.4829951700482995
SYSTEM,6,ARG,NH1,SYSTEM,127,ALA,O,0.024999750002499977
SYSTEM,164,ARG,NH2,SYSTEM,49,ALA,O,0.000999990000099999
SYSTEM,58,GLU,N,SYSTEM,58,GLU,OE1,0.006999930000699994
SYSTEM,35,THR,OG1,SYSTEM,39,GLU,O,0.1899981000189998
SYSTEM,6,ARG,NH2,SYSTEM,27,PHE,O,0.000999990000099999
SYSTEM,52,GLU,N,SYSTEM,157,ASN,OD1,0.000999990000099999
SYSTEM,34,ARG,NH2,SYSTEM,14,SER,O,0.0059999400005999945
SYSTEM,26,GLN,NE2,SYSTEM,120,GLN,O,0.09299907000929991
SYSTEM,124,SER,N,SYSTEM,26,GLN,NE2,0.001999980000199998
SYSTEM,25,SER,N,SYSTEM,26,GLN,OE1,0.000999990000099999
SYSTEM,28,SER,OG,SYSTEM,10,VAL,O,0.000999990000099999
SYSTEM,14,SER,OG,SYSTEM,28,SER,O,0.001999980000199998
SYSTEM,23,SER,N,SYSTEM,23,SER,OG,0.0029999700002999972
SYSTEM,6,ARG,NE,SYSTEM,131,ALA,O,0.021999780002199976
SYSTEM,26,GLN,NE2,SYSTEM,22,TYR,O,0.000999990000099999
SYSTEM,58,GLU,N,SYSTEM,58,GLU,OE2,0.015999840001599985
SYSTEM,34,ARG,NH1,SYSTEM,30,VAL,O,0.023999760002399978
SYSTEM,33,ASN,ND2,SYSTEM,7,GLU,O,0.049999500004999954
SYSTEM,33,ASN,ND2,SYSTEM,10,VAL,O,1.5839841601583984
SYSTEM,14,SER,OG,SYSTEM,30,VAL,O,0.013999860001399987
SYSTEM,31,GLU,N,SYSTEM,14,SER,OG,0.009999900000999989
SYSTEM,30,VAL,N,SYSTEM,32,GLU,OE1,0.003999960000399996
SYSTEM,99,ARG,NE,SYSTEM,168,GLU,O,0.8879911200887991
SYSTEM,34,ARG,NH2,SYSTEM,11,ASP,O,0.000999990000099999
SYSTEM,48,GLN,NE2,SYSTEM,40,GLY,O,0.0049999500004999945
SYSTEM,48,GLN,NE2,SYSTEM,40,GLY,O,0.001999980000199998
SYSTEM,48,GLN,NE2,SYSTEM,35,THR,O,0.000999990000099999
SYSTEM,166,GLY,N,SYSTEM,168,GLU,OE1,0.05799942000579994
SYSTEM,32,GLU,N,SYSTEM,25,SER,OG,0.019999800001999978
SYSTEM,157,ASN,ND2,SYSTEM,41,THR,O,0.000999990000099999
SYSTEM,33,ASN,ND2,SYSTEM,31,GLU,O,3.5229647703522966
SYSTEM,24,TRP,NE1,SYSTEM,30,VAL,O,10.117898821011789
SYSTEM,28,SER,OG,SYSTEM,30,VAL,O,6.499935000649994
SYSTEM,14,SER,OG,SYSTEM,31,GLU,O,4.958950410495895
SYSTEM,33,ASN,N,SYSTEM,11,ASP,OD1,4.152958470415296
SYSTEM,24,TRP,NE1,SYSTEM,31,GLU,O,0.7499925000749992
SYSTEM,33,ASN,ND2,SYSTEM,31,GLU,O,0.3549964500354997
SYSTEM,25,SER,N,SYSTEM,31,GLU,OE2,0.1809981900180998
SYSTEM,6,ARG,NH2,SYSTEM,131,ALA,O,0.04399956000439995
SYSTEM,25,SER,N,SYSTEM,31,GLU,OE1,0.23699763002369978
SYSTEM,34,ARG,N,SYSTEM,7,GLU,OE2,0.061999380006199936
SYSTEM,33,ASN,ND2,SYSTEM,10,VAL,O,0.20699793002069977
SYSTEM,153,GLU,N,SYSTEM,153,GLU,OE1,0.001999980000199998
SYSTEM,34,ARG,N,SYSTEM,32,GLU,OE1,5.700942990570095
SYSTEM,33,ASN,N,SYSTEM,32,GLU,OE1,6.3699363006369945
SYSTEM,33,ASN,N,SYSTEM,11,ASP,OD2,0.7349926500734993
SYSTEM,25,SER,OG,SYSTEM,30,VAL,O,0.14099859001409984
SYSTEM,125,ARG,NH2,SYSTEM,121,VAL,O,0.001999980000199998
SYSTEM,34,ARG,N,SYSTEM,7,GLU,OE1,0.05499945000549994
SYSTEM,24,TRP,N,SYSTEM,31,GLU,OE1,0.07399926000739993
SYSTEM,24,TRP,N,SYSTEM,31,GLU,OE2,0.06599934000659993
SYSTEM,99,ARG,NH1,SYSTEM,95,VAL,O,0.001999980000199998
SYSTEM,164,ARG,NH2,SYSTEM,157,ASN,O,0.04199958000419996
SYSTEM,25,SER,OG,SYSTEM,31,GLU,O,0.2099979000209998
SYSTEM,34,ARG,N,SYSTEM,32,GLU,OE2,8.13591864081359
SYSTEM,99,ARG,NH1,SYSTEM,167,GLN,O,0.012999870001299986
SYSTEM,34,ARG,NH1,SYSTEM,40,GLY,O,0.08699913000869991
SYSTEM,99,ARG,NH1,SYSTEM,167,GLN,O,0.07699923000769993
SYSTEM,34,ARG,N,SYSTEM,11,ASP,OD2,0.000999990000099999
SYSTEM,37,ALA,N,SYSTEM,7,GLU,OE2,0.6809931900680993
SYSTEM,39,GLU,N,SYSTEM,4,SER,OG,0.027999720002799974
SYSTEM,16,LYS,NZ,SYSTEM,108,GLY,O,0.024999750002499977
SYSTEM,16,LYS,NZ,SYSTEM,108,GLY,O,0.0059999400005999945
SYSTEM,30,VAL,N,SYSTEM,124,SER,OG,0.7829921700782992
SYSTEM,99,ARG,NH1,SYSTEM,168,GLU,O,0.022999770002299975
SYSTEM,28,SER,N,SYSTEM,120,GLN,NE2,0.0029999700002999972
SYSTEM,35,THR,N,SYSTEM,32,GLU,OE1,0.0049999500004999945
SYSTEM,33,ASN,N,SYSTEM,32,GLU,OE2,8.200917990820091
SYSTEM,35,THR,OG1,SYSTEM,6,ARG,O,0.000999990000099999
SYSTEM,6,ARG,NH2,SYSTEM,30,VAL,O,0.16099839001609983
SYSTEM,4,SER,OG,SYSTEM,36,GLU,O,0.16899831001689983
SYSTEM,149,ASP,N,SYSTEM,42,GLU,OE2,0.006999930000699994
SYSTEM,6,ARG,NH2,SYSTEM,30,VAL,O,0.03899961000389996
SYSTEM,39,GLU,N,SYSTEM,43,SER,OG,0.023999760002399978
SYSTEM,39,GLU,N,SYSTEM,42,GLU,OE2,0.01799982000179998
SYSTEM,1,MET,N,SYSTEM,36,GLU,OE1,4.219957800421996
SYSTEM,34,ARG,NH1,SYSTEM,35,THR,O,0.010999890001099988
SYSTEM,4,SER,N,SYSTEM,36,GLU,OE2,7.3059269407305925
SYSTEM,4,SER,N,SYSTEM,36,GLU,OE1,6.224937750622494
SYSTEM,2,SER,N,SYSTEM,36,GLU,OE2,0.6459935400645994
SYSTEM,6,ARG,NH1,SYSTEM,30,VAL,O,0.04899951000489995
SYSTEM,2,SER,N,SYSTEM,36,GLU,OE1,0.6559934400655993
SYSTEM,39,GLU,N,SYSTEM,42,GLU,OE1,0.030999690003099968
SYSTEM,63,ARG,NH2,SYSTEM,59,LEU,O,0.003999960000399996
SYSTEM,1,MET,N,SYSTEM,2,SER,OG,0.0029999700002999972
SYSTEM,36,GLU,N,SYSTEM,7,GLU,OE2,0.3769962300376996
SYSTEM,48,GLN,NE2,SYSTEM,48,GLN,O,1.5239847601523984
SYSTEM,36,GLU,N,SYSTEM,7,GLU,OE1,0.5019949800501995
SYSTEM,6,ARG,NH1,SYSTEM,34,ARG,O,0.016999830001699984
SYSTEM,32,GLU,N,SYSTEM,28,SER,OG,0.000999990000099999
SYSTEM,68,LEU,N,SYSTEM,67,ASP,OD1,0.03199968000319997
SYSTEM,2,SER,N,SYSTEM,4,SER,OG,0.027999720002799974
SYSTEM,148,TRP,N,SYSTEM,1,MET,SD,0.06999930000699993
SYSTEM,25,SER,OG,SYSTEM,29,ASP,O,0.05099949000509995
SYSTEM,132,THR,OG1,SYSTEM,131,ALA,O,0.000999990000099999
SYSTEM,48,GLN,NE2,SYSTEM,45,ALA,O,0.30699693003069967
SYSTEM,160,ALA,N,SYSTEM,162,GLU,OE2,0.000999990000099999
SYSTEM,32,GLU,N,SYSTEM,3,GLN,NE2,0.0049999500004999945
SYSTEM,6,ARG,N,SYSTEM,5,ASN,OD1,0.012999870001299986
SYSTEM,4,SER,N,SYSTEM,35,THR,OG1,0.13899861001389985
SYSTEM,31,GLU,N,SYSTEM,28,SER,OG,2.6619733802661973
SYSTEM,3,GLN,N,SYSTEM,35,THR,OG1,0.003999960000399996
SYSTEM,35,THR,OG1,SYSTEM,4,SER,O,0.02099979000209998
SYSTEM,31,GLU,N,SYSTEM,33,ASN,OD1,0.012999870001299986
SYSTEM,145,ASN,ND2,SYSTEM,145,ASN,O,0.0049999500004999945
SYSTEM,96,ASN,ND2,SYSTEM,96,ASN,O,0.0059999400005999945
SYSTEM,1,MET,N,SYSTEM,36,GLU,OE1,3.5349646503534964
SYSTEM,1,MET,N,SYSTEM,36,GLU,OE2,3.5329646703532966
SYSTEM,1,MET,N,SYSTEM,36,GLU,OE1,3.691963080369196
SYSTEM,1,MET,N,SYSTEM,36,GLU,OE2,3.6569634303656966
SYSTEM,1,MET,N,SYSTEM,36,GLU,OE2,4.165958340416596
SYSTEM,29,ASP,N,SYSTEM,31,GLU,OE1,0.000999990000099999
SYSTEM,33,ASN,N,SYSTEM,7,GLU,OE2,0.003999960000399996
SYSTEM,62,ARG,NH1,SYSTEM,65,PHE,O,0.001999980000199998
SYSTEM,33,ASN,ND2,SYSTEM,34,ARG,O,0.039999600003999956
SYSTEM,137,HIS,N,SYSTEM,137,HIS,ND1,0.0049999500004999945
SYSTEM,5,ASN,N,SYSTEM,36,GLU,OE1,0.02899971000289997
SYSTEM,2,SER,OG,SYSTEM,131,ALA,O,0.02999970000299997
SYSTEM,99,ARG,NE,SYSTEM,167,GLN,O,0.0059999400005999945
SYSTEM,5,ASN,N,SYSTEM,36,GLU,OE2,0.021999780002199976
SYSTEM,2,SER,N,SYSTEM,3,GLN,NE2,0.016999830001699984
SYSTEM,169,ARG,NH2,SYSTEM,89,GLU,O,0.013999860001399987
SYSTEM,169,ARG,NH1,SYSTEM,90,LEU,O,0.006999930000699994
SYSTEM,169,ARG,NH1,SYSTEM,89,GLU,O,0.0029999700002999972
SYSTEM,4,SER,N,SYSTEM,5,ASN,OD1,0.012999870001299986
SYSTEM,35,THR,N,SYSTEM,3,GLN,OE1,0.06699933000669994
SYSTEM,60,ARG,NH2,SYSTEM,164,ARG,O,0.006999930000699994
SYSTEM,60,ARG,NE,SYSTEM,57,PHE,O,0.01799982000179998
SYSTEM,167,GLN,N,SYSTEM,155,TYR,OH,0.04899951000489995
SYSTEM,125,ARG,NH1,SYSTEM,125,ARG,O,0.000999990000099999
SYSTEM,34,ARG,NH2,SYSTEM,32,GLU,O,0.024999750002499977
SYSTEM,61,TYR,OH,SYSTEM,168,GLU,O,0.019999800001999978
SYSTEM,54,GLY,N,SYSTEM,55,ASP,OD1,0.000999990000099999
SYSTEM,16,LYS,NZ,SYSTEM,108,GLY,O,0.014999850001499985
SYSTEM,16,LYS,NZ,SYSTEM,15,TYR,O,0.000999990000099999
SYSTEM,71,GLN,NE2,SYSTEM,68,LEU,O,0.05499945000549994
SYSTEM,45,ALA,N,SYSTEM,44,GLU,OE2,0.022999770002299975
SYSTEM,45,ALA,N,SYSTEM,44,GLU,OE1,0.015999840001599985
SYSTEM,71,GLN,NE2,SYSTEM,71,GLN,O,0.7769922300776992
SYSTEM,71,GLN,NE2,SYSTEM,70,SER,O,0.03399966000339997
SYSTEM,153,GLU,N,SYSTEM,153,GLU,OE2,0.0029999700002999972
SYSTEM,62,ARG,NH2,SYSTEM,61,TYR,O,0.0059999400005999945
SYSTEM,64,ALA,N,SYSTEM,66,SER,OG,0.2029979700202998
SYSTEM,144,GLU,N,SYSTEM,144,GLU,OE1,0.000999990000099999
SYSTEM,62,ARG,NH1,SYSTEM,60,ARG,O,0.001999980000199998
SYSTEM,62,ARG,NH2,SYSTEM,60,ARG,O,0.011999880001199989
SYSTEM,148,TRP,N,SYSTEM,39,GLU,OE1,0.000999990000099999
SYSTEM,66,SER,N,SYSTEM,67,ASP,OD1,0.000999990000099999
SYSTEM,62,ARG,NH1,SYSTEM,58,GLU,O,0.010999890001099988
SYSTEM,169,ARG,NH1,SYSTEM,63,ARG,O,0.04299957000429996
SYSTEM,99,ARG,NH2,SYSTEM,166,GLY,O,0.08699913000869991
SYSTEM,99,ARG,NH1,SYSTEM,166,GLY,O,0.006999930000699994
SYSTEM,169,ARG,NH2,SYSTEM,63,ARG,O,0.15599844001559984
SYSTEM,169,ARG,NH2,SYSTEM,63,ARG,O,0.001999980000199998
SYSTEM,99,ARG,NH1,SYSTEM,95,VAL,O,0.000999990000099999
SYSTEM,62,ARG,NH2,SYSTEM,59,LEU,O,0.009999900000999989
SYSTEM,169,ARG,NE,SYSTEM,64,ALA,O,0.0049999500004999945
SYSTEM,169,ARG,NH2,SYSTEM,64,ALA,O,0.023999760002399978
SYSTEM,169,ARG,NH2,SYSTEM,64,ALA,O,0.016999830001699984
SYSTEM,169,ARG,NH1,SYSTEM,64,ALA,O,0.01799982000179998
SYSTEM,39,GLU,N,SYSTEM,41,THR,OG1,0.014999850001499985
SYSTEM,44,GLU,N,SYSTEM,42,GLU,OE2,0.0049999500004999945
SYSTEM,45,ALA,N,SYSTEM,42,GLU,OE2,0.001999980000199998
SYSTEM,84,GLU,N,SYSTEM,84,GLU,OE2,0.000999990000099999
SYSTEM,85,GLN,NE2,SYSTEM,72,LEU,O,0.000999990000099999
SYSTEM,60,ARG,NH2,SYSTEM,57,PHE,O,0.000999990000099999
SYSTEM,34,ARG,NH1,SYSTEM,32,GLU,O,0.000999990000099999
SYSTEM,169,ARG,NH2,SYSTEM,61,TYR,O,0.000999990000099999
SYSTEM,28,SER,OG,SYSTEM,31,GLU,O,0.12899871001289986
SYSTEM,167,GLN,NE2,SYSTEM,164,ARG,O,0.0059999400005999945
SYSTEM,7,GLU,N,SYSTEM,3,GLN,OE1,0.0029999700002999972
SYSTEM,37,ALA,N,SYSTEM,43,SER,OG,0.000999990000099999
SYSTEM,62,ARG,NH2,SYSTEM,60,ARG,O,0.000999990000099999
SYSTEM,120,GLN,N,SYSTEM,118,GLU,OE1,0.009999900000999989
SYSTEM,48,GLN,NE2,SYSTEM,47,LYS,O,0.014999850001499985
SYSTEM,143,GLN,N,SYSTEM,139,GLU,OE1,0.0049999500004999945
SYSTEM,66,SER,N,SYSTEM,67,ASP,OD2,0.001999980000199998
SYSTEM,6,ARG,NE,SYSTEM,124,SER,O,0.001999980000199998
SYSTEM,124,SER,OG,SYSTEM,30,VAL,O,0.000999990000099999
SYSTEM,164,ARG,NH2,SYSTEM,158,ASN,O,5.3799462005379945
SYSTEM,160,ALA,N,SYSTEM,158,ASN,OD1,1.3099869001309987
SYSTEM,164,ARG,NE,SYSTEM,158,ASN,O,4.022959770402296
SYSTEM,157,ASN,ND2,SYSTEM,152,VAL,O,0.7099929000709994
SYSTEM,157,ASN,ND2,SYSTEM,153,GLU,O,0.04399956000439995
SYSTEM,158,ASN,ND2,SYSTEM,160,ALA,O,0.17999820001799982
SYSTEM,158,ASN,ND2,SYSTEM,163,SER,O,0.012999870001299986
SYSTEM,36,GLU,N,SYSTEM,32,GLU,OE2,0.019999800001999978
SYSTEM,36,GLU,N,SYSTEM,32,GLU,OE1,0.01799982000179998
SYSTEM,35,THR,OG1,SYSTEM,32,GLU,O,0.014999850001499985
SYSTEM,48,GLN,NE2,SYSTEM,42,GLU,O,0.014999850001499985
SYSTEM,29,ASP,N,SYSTEM,31,GLU,OE2,0.001999980000199998
SYSTEM,167,GLN,NE2,SYSTEM,150,THR,O,0.001999980000199998
SYSTEM,164,ARG,NH2,SYSTEM,158,ASN,O,0.001999980000199998
SYSTEM,47,LYS,NZ,SYSTEM,34,ARG,O,0.00899991000089999
SYSTEM,47,LYS,NZ,SYSTEM,34,ARG,O,0.010999890001099988
SYSTEM,47,LYS,NZ,SYSTEM,34,ARG,O,0.009999900000999989
SYSTEM,78,THR,OG1,SYSTEM,79,ALA,O,0.003999960000399996
SYSTEM,37,ALA,N,SYSTEM,32,GLU,OE1,0.0029999700002999972
SYSTEM,132,THR,OG1,SYSTEM,132,THR,O,0.0029999700002999972
SYSTEM,25,SER,OG,SYSTEM,23,SER,O,0.000999990000099999
SYSTEM,37,ALA,N,SYSTEM,32,GLU,OE2,0.006999930000699994
SYSTEM,62,ARG,NH2,SYSTEM,109,ALA,O,0.024999750002499977
SYSTEM,62,ARG,NH2,SYSTEM,109,ALA,O,0.0059999400005999945
SYSTEM,51,ARG,NH2,SYSTEM,33,ASN,O,0.04699953000469995
SYSTEM,115,VAL,N,SYSTEM,114,SER,OG,0.17199828001719983
SYSTEM,158,ASN,ND2,SYSTEM,163,SER,O,0.026999730002699972
SYSTEM,34,ARG,N,SYSTEM,36,GLU,OE1,0.001999980000199998
SYSTEM,157,ASN,ND2,SYSTEM,153,GLU,O,0.000999990000099999
SYSTEM,24,TRP,NE1,SYSTEM,32,GLU,O,0.003999960000399996
SYSTEM,33,ASN,N,SYSTEM,25,SER,OG,0.000999990000099999
SYSTEM,4,SER,OG,SYSTEM,2,SER,O,0.000999990000099999
SYSTEM,137,HIS,NE2,SYSTEM,91,PHE,O,0.04099959000409996
SYSTEM,118,GLU,N,SYSTEM,118,GLU,OE1,0.003999960000399996
SYSTEM,145,ASN,ND2,SYSTEM,147,GLY,O,0.000999990000099999
SYSTEM,3,GLN,N,SYSTEM,39,GLU,OE2,0.4149958500414995
SYSTEM,3,GLN,N,SYSTEM,39,GLU,OE1,0.45599544004559955
SYSTEM,158,ASN,ND2,SYSTEM,154,LEU,O,0.6099939000609994
SYSTEM,156,GLY,N,SYSTEM,158,ASN,OD1,0.023999760002399978
SYSTEM,157,ASN,ND2,SYSTEM,158,ASN,O,0.000999990000099999
SYSTEM,15,TYR,N,SYSTEM,14,SER,OG,0.1119988800111999
SYSTEM,7,GLU,N,SYSTEM,7,GLU,OE2,0.001999980000199998
SYSTEM,159,ALA,N,SYSTEM,163,SER,OG,0.001999980000199998
SYSTEM,157,ASN,N,SYSTEM,153,GLU,OE1,0.000999990000099999
SYSTEM,85,GLN,NE2,SYSTEM,72,LEU,O,0.0029999700002999972
SYSTEM,158,ASN,ND2,SYSTEM,159,ALA,O,0.0029999700002999972
SYSTEM,6,ARG,NH1,SYSTEM,1,MET,O,0.04199958000419996
SYSTEM,34,ARG,NH1,SYSTEM,1,MET,O,0.014999850001499985
SYSTEM,34,ARG,NH2,SYSTEM,1,MET,O,0.006999930000699994
SYSTEM,26,GLN,NE2,SYSTEM,21,GLY,O,0.006999930000699994
SYSTEM,26,GLN,NE2,SYSTEM,26,GLN,O,0.3289967100328997
SYSTEM,6,ARG,NH1,SYSTEM,2,SER,O,0.0029999700002999972
SYSTEM,26,GLN,NE2,SYSTEM,25,SER,O,0.17499825001749983
SYSTEM,6,ARG,NH2,SYSTEM,1,MET,O,0.000999990000099999
SYSTEM,34,ARG,NH2,SYSTEM,32,GLU,O,0.000999990000099999
SYSTEM,1,MET,N,SYSTEM,136,ASP,OD2,0.001999980000199998
SYSTEM,33,ASN,N,SYSTEM,7,GLU,OE1,0.000999990000099999
SYSTEM,169,ARG,NH2,SYSTEM,60,ARG,O,0.000999990000099999
SYSTEM,6,ARG,NE,SYSTEM,1,MET,O,0.0059999400005999945
SYSTEM,6,ARG,NH2,SYSTEM,1,MET,O,0.01799982000179998
SYSTEM,111,CYS,N,SYSTEM,111,CYS,SG,0.003999960000399996
SYSTEM,6,ARG,NH2,SYSTEM,127,ALA,O,0.0029999700002999972
SYSTEM,1,MET,N,SYSTEM,136,ASP,OD1,0.000999990000099999
SYSTEM,28,SER,N,SYSTEM,29,ASP,OD2,0.000999990000099999
SYSTEM,2,SER,OG,SYSTEM,4,SER,O,0.09999900000999991
SYSTEM,5,ASN,ND2,SYSTEM,3,GLN,O,0.1759982400175998
SYSTEM,1,MET,N,SYSTEM,149,ASP,OD1,3.1499685003149964
SYSTEM,1,MET,N,SYSTEM,149,ASP,OD1,1.6339836601633981
SYSTEM,1,MET,N,SYSTEM,149,ASP,OD2,3.6659633403665968
SYSTEM,1,MET,N,SYSTEM,149,ASP,OD2,1.5399846001539985
SYSTEM,6,ARG,N,SYSTEM,4,SER,OG,26.50073499265007
SYSTEM,7,GLU,N,SYSTEM,4,SER,OG,21.566784332156676
SYSTEM,1,MET,N,SYSTEM,149,ASP,OD1,2.000979990200098
SYSTEM,1,MET,N,SYSTEM,149,ASP,OD2,2.7209727902720973
SYSTEM,7,GLU,N,SYSTEM,7,GLU,OE1,0.000999990000099999
SYSTEM,4,SER,N,SYSTEM,7,GLU,OE1,0.32799672003279967
SYSTEM,4,SER,OG,SYSTEM,34,ARG,O,0.000999990000099999
SYSTEM,5,ASN,ND2,SYSTEM,3,GLN,O,0.013999860001399987
SYSTEM,39,GLU,N,SYSTEM,1,MET,SD,0.007999920000799993
SYSTEM,4,SER,N,SYSTEM,7,GLU,OE2,0.4229957700422996
SYSTEM,2,SER,N,SYSTEM,149,ASP,OD2,0.0029999700002999972
SYSTEM,143,GLN,NE2,SYSTEM,2,SER,O,0.000999990000099999
SYSTEM,6,ARG,N,SYSTEM,36,GLU,OE2,0.001999980000199998
SYSTEM,149,ASP,N,SYSTEM,1,MET,SD,0.01799982000179998
SYSTEM,2,SER,N,SYSTEM,42,GLU,OE1,0.28099719002809975
SYSTEM,2,SER,N,SYSTEM,43,SER,OG,8.064919350806491
SYSTEM,148,TRP,NE1,SYSTEM,3,GLN,O,0.03199968000319997
SYSTEM,143,GLN,NE2,SYSTEM,3,GLN,O,0.000999990000099999
SYSTEM,2,SER,OG,SYSTEM,36,GLU,O,0.01799982000179998
SYSTEM,7,GLU,N,SYSTEM,36,GLU,OE2,0.001999980000199998
SYSTEM,37,ALA,N,SYSTEM,2,SER,OG,0.053999460005399944
SYSTEM,43,SER,OG,SYSTEM,1,MET,O,0.2709972900270997
SYSTEM,119,MET,N,SYSTEM,120,GLN,NE2,0.000999990000099999
SYSTEM,120,GLN,NE2,SYSTEM,117,LYS,O,0.000999990000099999
SYSTEM,2,SER,N,SYSTEM,7,GLU,OE1,0.0049999500004999945
SYSTEM,6,ARG,N,SYSTEM,36,GLU,OE1,0.000999990000099999
SYSTEM,116,ASP,N,SYSTEM,22,TYR,OH,0.000999990000099999
SYSTEM,166,GLY,N,SYSTEM,155,TYR,OH,0.000999990000099999
SYSTEM,36,GLU,N,SYSTEM,2,SER,OG,0.001999980000199998
SYSTEM,167,GLN,NE2,SYSTEM,154,LEU,O,0.0029999700002999972
SYSTEM,120,GLN,N,SYSTEM,118,GLU,OE2,0.0029999700002999972
SYSTEM,47,LYS,NZ,SYSTEM,35,THR,O,0.06699933000669994
SYSTEM,60,ARG,NE,SYSTEM,168,GLU,O,0.016999830001699984
SYSTEM,4,SER,OG,SYSTEM,35,THR,O,0.013999860001399987
SYSTEM,6,ARG,NH1,SYSTEM,35,THR,O,0.019999800001999978
SYSTEM,5,ASN,N,SYSTEM,35,THR,OG1,0.003999960000399996
SYSTEM,33,ASN,N,SYSTEM,36,GLU,OE1,0.000999990000099999
SYSTEM,115,VAL,N,SYSTEM,116,ASP,OD1,0.000999990000099999
SYSTEM,148,TRP,NE1,SYSTEM,2,SER,O,0.003999960000399996
SYSTEM,33,ASN,ND2,SYSTEM,35,THR,O,0.0029999700002999972
SYSTEM,99,ARG,NH2,SYSTEM,167,GLN,O,0.00899991000089999
SYSTEM,34,ARG,NE,SYSTEM,36,GLU,O,0.10799892001079989
SYSTEM,34,ARG,NH1,SYSTEM,36,GLU,O,0.014999850001499985
SYSTEM,4,SER,OG,SYSTEM,31,GLU,O,0.0059999400005999945
SYSTEM,114,SER,N,SYSTEM,114,SER,OG,0.000999990000099999
SYSTEM,4,SER,OG,SYSTEM,3,GLN,O,0.000999990000099999
SYSTEM,39,GLU,N,SYSTEM,3,GLN,NE2,0.000999990000099999
SYSTEM,4,SER,OG,SYSTEM,6,ARG,O,0.001999980000199998
SYSTEM,34,ARG,NH1,SYSTEM,3,GLN,O,0.001999980000199998
SYSTEM,34,ARG,NH2,SYSTEM,3,GLN,O,0.000999990000099999
SYSTEM,4,SER,N,SYSTEM,39,GLU,OE1,0.00899991000089999
SYSTEM,34,ARG,NE,SYSTEM,40,GLY,O,0.04599954000459995
SYSTEM,99,ARG,NH1,SYSTEM,89,GLU,O,0.000999990000099999
SYSTEM,60,ARG,NH1,SYSTEM,56,GLU,O,0.00899991000089999
SYSTEM,124,SER,OG,SYSTEM,26,GLN,O,0.0029999700002999972
SYSTEM,2,SER,OG,SYSTEM,35,THR,O,2.5889741102588975
SYSTEM,31,GLU,N,SYSTEM,32,GLU,OE1,0.0049999500004999945
SYSTEM,34,ARG,N,SYSTEM,35,THR,OG1,0.000999990000099999
SYSTEM,60,ARG,NH2,SYSTEM,164,ARG,O,0.000999990000099999
SYSTEM,15,TYR,OH,SYSTEM,33,ASN,O,0.00899991000089999
SYSTEM,25,SER,OG,SYSTEM,32,GLU,O,0.00899991000089999
SYSTEM,14,SER,OG,SYSTEM,33,ASN,O,0.19099809001909981
SYSTEM,37,ALA,N,SYSTEM,44,GLU,OE1,0.13499865001349987
SYSTEM,37,ALA,N,SYSTEM,44,GLU,OE2,0.43699563004369957
SYSTEM,14,SER,OG,SYSTEM,32,GLU,O,0.000999990000099999
SYSTEM,74,ILE,N,SYSTEM,69,THR,OG1,0.0029999700002999972
SYSTEM,47,LYS,NZ,SYSTEM,35,THR,O,0.05299947000529995
SYSTEM,47,LYS,NZ,SYSTEM,35,THR,O,0.0029999700002999972
SYSTEM,35,THR,N,SYSTEM,11,ASP,OD2,0.0029999700002999972
SYSTEM,125,ARG,NH1,SYSTEM,77,GLY,O,0.000999990000099999
SYSTEM,144,GLU,N,SYSTEM,144,GLU,OE2,0.000999990000099999
SYSTEM,60,ARG,NH2,SYSTEM,56,GLU,O,0.000999990000099999
SYSTEM,34,ARG,NH2,SYSTEM,39,GLU,O,0.14799852001479985
SYSTEM,39,GLU,N,SYSTEM,2,SER,OG,0.001999980000199998
SYSTEM,2,SER,OG,SYSTEM,37,ALA,O,0.000999990000099999
SYSTEM,35,THR,N,SYSTEM,2,SER,OG,0.011999880001199989
SYSTEM,43,SER,OG,SYSTEM,2,SER,O,0.3039969600303997
SYSTEM,2,SER,OG,SYSTEM,39,GLU,O,0.01799982000179998
SYSTEM,2,SER,OG,SYSTEM,40,GLY,O,0.05099949000509995
SYSTEM,34,ARG,NH2,SYSTEM,34,ARG,O,0.009999900000999989
SYSTEM,39,GLU,N,SYSTEM,3,GLN,OE1,0.0029999700002999972
SYSTEM,51,ARG,NH1,SYSTEM,44,GLU,O,0.003999960000399996
SYSTEM,2,SER,N,SYSTEM,7,GLU,OE2,0.001999980000199998
SYSTEM,6,ARG,NE,SYSTEM,128,ALA,O,0.000999990000099999
SYSTEM,81,GLN,NE2,SYSTEM,79,ALA,O,0.000999990000099999
SYSTEM,73,HIS,NE2,SYSTEM,74,ILE,O,0.000999990000099999
SYSTEM,3,GLN,NE2,SYSTEM,4,SER,O,1.5389846101538984
SYSTEM,3,GLN,NE2,SYSTEM,43,SER,O,6.840931590684093
SYSTEM,42,GLU,N,SYSTEM,1,MET,SD,0.2689973100268997
SYSTEM,43,SER,N,SYSTEM,1,MET,SD,0.6779932200677993
SYSTEM,2,SER,OG,SYSTEM,3,GLN,O,0.023999760002399978
SYSTEM,3,GLN,NE2,SYSTEM,42,GLU,O,0.7859921400785992
SYSTEM,81,GLN,NE2,SYSTEM,81,GLN,O,1.104988950110499
SYSTEM,69,THR,OG1,SYSTEM,69,THR,O,0.000999990000099999
SYSTEM,6,ARG,NH1,SYSTEM,131,ALA,O,0.0049999500004999945
SYSTEM,44,GLU,N,SYSTEM,35,THR,OG1,0.000999990000099999
SYSTEM,6,ARG,NH2,SYSTEM,27,PHE,O,0.000999990000099999
SYSTEM,51,ARG,NH2,SYSTEM,31,GLU,O,0.019999800001999978
SYSTEM,164,ARG,NH1,SYSTEM,154,LEU,O,0.000999990000099999
SYSTEM,60,ARG,NH2,SYSTEM,167,GLN,O,0.000999990000099999
SYSTEM,60,ARG,NH2,SYSTEM,167,GLN,O,0.003999960000399996
SYSTEM,81,GLN,NE2,SYSTEM,80,TYR,O,0.011999880001199989
SYSTEM,148,TRP,N,SYSTEM,3,GLN,OE1,0.3519964800351996
SYSTEM,33,ASN,ND2,SYSTEM,34,ARG,O,0.039999600003999956
SYSTEM,1,MET,N,SYSTEM,43,SER,OG,0.001999980000199998
SYSTEM,148,TRP,N,SYSTEM,2,SER,OG,0.000999990000099999
SYSTEM,97,TRP,N,SYSTEM,155,TYR,OH,0.000999990000099999
SYSTEM,5,ASN,N,SYSTEM,139,GLU,OE2,0.0049999500004999945
SYSTEM,5,ASN,N,SYSTEM,139,GLU,OE1,0.0049999500004999945
SYSTEM,18,SER,OG,SYSTEM,31,GLU,O,0.000999990000099999
SYSTEM,143,GLN,N,SYSTEM,139,GLU,OE2,0.001999980000199998
SYSTEM,3,GLN,NE2,SYSTEM,43,SER,O,0.012999870001299986
SYSTEM,96,ASN,ND2,SYSTEM,96,ASN,O,0.000999990000099999
SYSTEM,1,MET,N,SYSTEM,43,SER,OG,0.000999990000099999
SYSTEM,1,MET,N,SYSTEM,43,SER,OG,0.000999990000099999
SYSTEM,143,GLN,NE2,SYSTEM,1,MET,O,0.06499935000649994
SYSTEM,98,GLY,N,SYSTEM,168,GLU,OE2,0.000999990000099999
SYSTEM,3,GLN,NE2,SYSTEM,4,SER,O,0.0029999700002999972
SYSTEM,3,GLN,N,SYSTEM,5,ASN,OD1,0.000999990000099999
SYSTEM,99,ARG,N,SYSTEM,167,GLN,OE1,0.003999960000399996
SYSTEM,4,SER,N,SYSTEM,43,SER,OG,0.06899931000689993
SYSTEM,3,GLN,NE2,SYSTEM,42,GLU,O,0.044999550004499955
SYSTEM,3,GLN,N,SYSTEM,139,GLU,OE1,0.001999980000199998
SYSTEM,2,SER,N,SYSTEM,143,GLN,OE1,0.16299837001629983
SYSTEM,2,SER,N,SYSTEM,143,GLN,NE2,0.07999920000799991
SYSTEM,14,SER,N,SYSTEM,14,SER,OG,0.000999990000099999
SYSTEM,148,TRP,N,SYSTEM,3,GLN,NE2,0.0059999400005999945
SYSTEM,167,GLN,NE2,SYSTEM,97,TRP,O,0.001999980000199998
SYSTEM,33,ASN,ND2,SYSTEM,33,ASN,O,0.08599914000859991
SYSTEM,33,ASN,ND2,SYSTEM,32,GLU,O,0.11399886001139989
SYSTEM,164,ARG,NH2,SYSTEM,153,GLU,O,0.000999990000099999
SYSTEM,149,ASP,N,SYSTEM,3,GLN,OE1,0.0049999500004999945
SYSTEM,3,GLN,NE2,SYSTEM,39,GLU,O,0.32499675003249967
SYSTEM,42,GLU,N,SYSTEM,3,GLN,NE2,0.000999990000099999
SYSTEM,3,GLN,NE2,SYSTEM,40,GLY,O,0.04299957000429996
SYSTEM,42,GLU,N,SYSTEM,3,GLN,OE1,0.000999990000099999
SYSTEM,34,ARG,NH2,SYSTEM,41,THR,O,0.012999870001299986
SYSTEM,1,MET,N,SYSTEM,2,SER,OG,0.000999990000099999
SYSTEM,3,GLN,N,SYSTEM,143,GLN,OE1,0.001999980000199998
SYSTEM,35,THR,N,SYSTEM,4,SER,OG,0.0049999500004999945
SYSTEM,41,THR,N,SYSTEM,36,GLU,OE2,0.000999990000099999
SYSTEM,3,GLN,NE2,SYSTEM,148,TRP,O,0.001999980000199998
SYSTEM,7,GLU,N,SYSTEM,32,GLU,OE2,0.026999730002699972
SYSTEM,2,SER,N,SYSTEM,39,GLU,OE1,0.872991270087299
SYSTEM,2,SER,N,SYSTEM,39,GLU,OE2,0.6359936400635994
SYSTEM,6,ARG,NH2,SYSTEM,31,GLU,O,0.023999760002399978
SYSTEM,7,GLU,N,SYSTEM,32,GLU,OE1,0.03399966000339997
SYSTEM,35,THR,N,SYSTEM,32,GLU,OE2,0.0049999500004999945
SYSTEM,34,ARG,NH1,SYSTEM,41,THR,O,0.026999730002699972
SYSTEM,34,ARG,NH1,SYSTEM,41,THR,O,0.010999890001099988
SYSTEM,6,ARG,NH1,SYSTEM,31,GLU,O,0.0029999700002999972
SYSTEM,6,ARG,NE,SYSTEM,31,GLU,O,0.0059999400005999945
SYSTEM,40,GLY,N,SYSTEM,1,MET,SD,0.0059999400005999945
SYSTEM,161,ALA,N,SYSTEM,56,GLU,OE2,0.000999990000099999
SYSTEM,143,GLN,NE2,SYSTEM,1,MET,O,0.019999800001999978
SYSTEM,34,ARG,NH2,SYSTEM,41,THR,O,0.01799982000179998
SYSTEM,35,THR,N,SYSTEM,43,SER,OG,0.000999990000099999
SYSTEM,35,THR,OG1,SYSTEM,2,SER,O,0.015999840001599985
SYSTEM,160,ALA,N,SYSTEM,162,GLU,OE1,0.000999990000099999
SYSTEM,34,ARG,NH2,SYSTEM,35,THR,O,0.001999980000199998
SYSTEM,2,SER,N,SYSTEM,35,THR,OG1,0.0059999400005999945
SYSTEM,3,GLN,N,SYSTEM,42,GLU,OE2,0.000999990000099999
SYSTEM,2,SER,OG,SYSTEM,33,ASN,O,0.0029999700002999972
SYSTEM,3,GLN,NE2,SYSTEM,40,GLY,O,0.023999760002399978
SYSTEM,43,SER,N,SYSTEM,3,GLN,NE2,0.001999980000199998
SYSTEM,43,SER,N,SYSTEM,3,GLN,OE1,0.000999990000099999
SYSTEM,2,SER,N,SYSTEM,42,GLU,OE2,0.25799742002579973
SYSTEM,43,SER,N,SYSTEM,2,SER,OG,0.024999750002499977
SYSTEM,34,ARG,NE,SYSTEM,39,GLU,O,0.06299937000629993
SYSTEM,51,ARG,NE,SYSTEM,48,GLN,O,0.032999670003299966
SYSTEM,34,ARG,NH2,SYSTEM,38,PRO,O,0.0029999700002999972
SYSTEM,3,GLN,N,SYSTEM,7,GLU,OE1,0.0049999500004999945
SYSTEM,34,ARG,NH2,SYSTEM,38,PRO,O,0.0059999400005999945
SYSTEM,3,GLN,N,SYSTEM,7,GLU,OE2,0.001999980000199998
SYSTEM,34,ARG,NE,SYSTEM,37,ALA,O,0.000999990000099999
SYSTEM,34,ARG,NH1,SYSTEM,39,GLU,O,0.030999690003099968
SYSTEM,34,ARG,NH2,SYSTEM,39,GLU,O,0.053999460005399944
SYSTEM,2,SER,OG,SYSTEM,42,GLU,O,0.000999990000099999
SYSTEM,51,ARG,NE,SYSTEM,51,ARG,O,0.009999900000999989
SYSTEM,51,ARG,NH2,SYSTEM,44,GLU,O,0.000999990000099999
SYSTEM,6,ARG,N,SYSTEM,32,GLU,OE1,0.000999990000099999
SYSTEM,51,ARG,NH1,SYSTEM,11,ASP,O,0.001999980000199998
SYSTEM,39,GLU,N,SYSTEM,35,THR,OG1,0.001999980000199998
SYSTEM,44,GLU,N,SYSTEM,41,THR,OG1,0.03399966000339997
SYSTEM,43,SER,N,SYSTEM,41,THR,OG1,0.010999890001099988
SYSTEM,143,GLN,NE2,SYSTEM,2,SER,O,0.000999990000099999
SYSTEM,51,ARG,NH1,SYSTEM,48,GLN,O,0.001999980000199998
SYSTEM,51,ARG,NH2,SYSTEM,51,ARG,O,0.003999960000399996
SYSTEM,34,ARG,N,SYSTEM,31,GLU,OE1,0.000999990000099999
