SYSTEM,5,ASN,N,SYSTEM,2,SER,O,13.351866481335186
SYSTEM,6,ARG,N,SYSTEM,3,GLN,O,18.593814061859383
SYSTEM,7,GLU,N,SYSTEM,4,SER,O,53.137468625313744
SYSTEM,8,LEU,N,SYSTEM,5,ASN,O,58.851411485885144
SYSTEM,9,VAL,N,SYSTEM,5,ASN,O,83.74816251837481
SYSTEM,10,VAL,N,SYSTEM,6,ARG,O,89.96410035899642
SYSTEM,11,ASP,N,SYSTEM,7,GLU,O,95.6080439195608
SYSTEM,12,PHE,N,SYSTEM,8,LEU,O,95.13704862951371
SYSTEM,13,LEU,N,SYSTEM,9,VAL,O,98.0470195298047
SYSTEM,14,SER,N,SYSTEM,10,VAL,O,99.3160068399316
SYSTEM,15,TYR,N,SYSTEM,11,ASP,O,96.9630303696963
SYSTEM,16,LYS,N,SYSTEM,12,PHE,O,98.4260157398426
SYSTEM,16,LYS,N,SYSTEM,13,LEU,O,23.503764962350377
SYSTEM,17,LEU,N,SYSTEM,13,LEU,O,98.7440125598744
SYSTEM,17,LEU,N,SYSTEM,14,SER,O,28.731712682873173
SYSTEM,18,SER,N,SYSTEM,14,SER,O,96.83603163968361
SYSTEM,19,GLN,N,SYSTEM,15,TYR,O,88.4471155288447
SYSTEM,20,LYS,N,SYSTEM,17,LEU,O,86.67613323866762
SYSTEM,21,GLY,N,SYSTEM,18,SER,O,94.78905210947892
SYSTEM,22,TYR,N,SYSTEM,17,LEU,O,99.2970070299297
SYSTEM,26,GLN,N,SYSTEM,23,SER,O,91.5230847691523
SYSTEM,27,PHE,N,SYSTEM,23,SER,O,41.69258307416926
SYSTEM,28,SER,N,SYSTEM,24,TRP,O,78.21221787782122
SYSTEM,32,GLU,N,SYSTEM,29,ASP,O,3.465965340346597
SYSTEM,33,ASN,N,SYSTEM,30,VAL,O,2.4829751702482974
SYSTEM,42,GLU,N,SYSTEM,39,GLU,O,2.4599754002459973
SYSTEM,43,SER,N,SYSTEM,40,GLY,O,36.240637593624065
SYSTEM,44,GLU,N,SYSTEM,41,THR,O,21.70078299217008
SYSTEM,46,VAL,N,SYSTEM,43,SER,O,67.40632593674063
SYSTEM,47,LYS,N,SYSTEM,43,SER,O,89.76110238897611
SYSTEM,47,LYS,N,SYSTEM,44,GLU,O,32.38367616323837
SYSTEM,48,GLN,N,SYSTEM,44,GLU,O,98.0120198798012
SYSTEM,49,ALA,N,SYSTEM,45,ALA,O,95.9320406795932
SYSTEM,50,LEU,N,SYSTEM,46,VAL,O,98.5960140398596
SYSTEM,51,ARG,N,SYSTEM,47,LYS,O,98.5330146698533
SYSTEM,52,GLU,N,SYSTEM,48,GLN,O,94.8160518394816
SYSTEM,53,ALA,N,SYSTEM,49,ALA,O,99.0970090299097
SYSTEM,53,ALA,N,SYSTEM,50,LEU,O,12.833871661283386
SYSTEM,54,GLY,N,SYSTEM,50,LEU,O,88.9341106588934
SYSTEM,55,ASP,N,SYSTEM,51,ARG,O,47.68552314476855
SYSTEM,56,GLU,N,SYSTEM,52,GLU,O,59.21040789592104
SYSTEM,57,PHE,N,SYSTEM,53,ALA,O,99.4080059199408
SYSTEM,58,GLU,N,SYSTEM,54,GLY,O,82.84117158828411
SYSTEM,59,LEU,N,SYSTEM,55,ASP,O,82.79117208827913
SYSTEM,60,ARG,N,SYSTEM,56,GLU,O,95.6290437095629
SYSTEM,60,ARG,N,SYSTEM,57,PHE,O,24.405755942440578
SYSTEM,61,TYR,N,SYSTEM,57,PHE,O,90.4130958690413
SYSTEM,61,TYR,N,SYSTEM,58,GLU,O,49.80650193498065
SYSTEM,62,ARG,N,SYSTEM,59,LEU,O,93.33506664933351
SYSTEM,62,ARG,N,SYSTEM,60,ARG,O,26.487735122648775
SYSTEM,64,ALA,N,SYSTEM,61,TYR,O,68.28631713682863
SYSTEM,65,PHE,N,SYSTEM,61,TYR,O,96.4680353196468
SYSTEM,65,PHE,N,SYSTEM,62,ARG,O,51.31248687513125
SYSTEM,66,SER,N,SYSTEM,63,ARG,O,73.47026529734703
SYSTEM,67,ASP,N,SYSTEM,63,ARG,O,64.54835451645484
SYSTEM,67,ASP,N,SYSTEM,64,ALA,O,82.98717012829871
SYSTEM,68,LEU,N,SYSTEM,65,PHE,O,45.525544744552555
SYSTEM,69,THR,N,SYSTEM,65,PHE,O,98.6420135798642
SYSTEM,70,SER,N,SYSTEM,66,SER,O,76.05423945760542
SYSTEM,71,GLN,N,SYSTEM,68,LEU,O,79.88720112798872
SYSTEM,72,LEU,N,SYSTEM,68,LEU,O,78.13721862781372
SYSTEM,78,THR,N,SYSTEM,75,THR,O,90.010099899001
SYSTEM,82,SER,N,SYSTEM,79,ALA,O,87.02412975870241
SYSTEM,83,PHE,N,SYSTEM,79,ALA,O,90.19809801901981
SYSTEM,84,GLU,N,SYSTEM,80,TYR,O,99.84800151998479
SYSTEM,84,GLU,N,SYSTEM,81,GLN,O,10.18489815101849
SYSTEM,85,GLN,N,SYSTEM,81,GLN,O,86.89413105868941
SYSTEM,85,GLN,N,SYSTEM,82,SER,O,39.00260997390026
SYSTEM,86,VAL,N,SYSTEM,82,SER,O,67.37532624673753
SYSTEM,86,VAL,N,SYSTEM,83,PHE,O,84.54115458845412
SYSTEM,87,VAL,N,SYSTEM,83,PHE,O,99.7890021099789
SYSTEM,88,ASN,N,SYSTEM,84,GLU,O,97.40502594974049
SYSTEM,89,GLU,N,SYSTEM,86,VAL,O,94.18905810941891
SYSTEM,90,LEU,N,SYSTEM,87,VAL,O,85.50914490855092
SYSTEM,91,PHE,N,SYSTEM,88,ASN,O,55.44244557554424
SYSTEM,92,ARG,N,SYSTEM,89,GLU,O,89.85210147898522
SYSTEM,94,GLY,N,SYSTEM,91,PHE,O,85.2741472585274
SYSTEM,99,ARG,N,SYSTEM,96,ASN,O,77.19622803771962
SYSTEM,100,ILE,N,SYSTEM,96,ASN,O,93.5620643793562
SYSTEM,100,ILE,N,SYSTEM,97,TRP,O,82.79717202827972
SYSTEM,101,VAL,N,SYSTEM,97,TRP,O,99.7070029299707
SYSTEM,102,ALA,N,SYSTEM,98,GLY,O,99.54700452995469
SYSTEM,102,ALA,N,SYSTEM,99,ARG,O,8.383916160838393
SYSTEM,103,PHE,N,SYSTEM,99,ARG,O,93.54006459935401
SYSTEM,104,PHE,N,SYSTEM,100,ILE,O,98.82101178988209
SYSTEM,104,PHE,N,SYSTEM,101,VAL,O,30.65569344306557
SYSTEM,105,SER,N,SYSTEM,101,VAL,O,99.2230077699223
SYSTEM,106,PHE,N,SYSTEM,102,ALA,O,97.40002599974001
SYSTEM,106,PHE,N,SYSTEM,103,PHE,O,35.808641913580864
SYSTEM,107,GLY,N,SYSTEM,103,PHE,O,99.8070019299807
SYSTEM,108,GLY,N,SYSTEM,104,PHE,O,97.97902020979791
SYSTEM,108,GLY,N,SYSTEM,105,SER,O,27.64972350276497
SYSTEM,109,ALA,N,SYSTEM,105,SER,O,92.980070199298
SYSTEM,109,ALA,N,SYSTEM,106,PHE,O,52.079479205207946
SYSTEM,110,LEU,N,SYSTEM,106,PHE,O,99.3730062699373
SYSTEM,110,LEU,N,SYSTEM,107,GLY,O,31.42868571314287
SYSTEM,111,CYS,N,SYSTEM,107,GLY,O,96.8640313596864
SYSTEM,111,CYS,N,SYSTEM,108,GLY,O,43.35556644433556
SYSTEM,112,VAL,N,SYSTEM,108,GLY,O,97.9960200397996
SYSTEM,113,GLU,N,SYSTEM,109,ALA,O,97.4530254697453
SYSTEM,114,SER,N,SYSTEM,110,LEU,O,95.3030469695303
SYSTEM,114,SER,N,SYSTEM,111,CYS,O,39.52860471395286
SYSTEM,115,VAL,N,SYSTEM,111,CYS,O,95.9040409595904
SYSTEM,115,VAL,N,SYSTEM,112,VAL,O,56.55943440565594
SYSTEM,116,ASP,N,SYSTEM,112,VAL,O,90.02309976900231
SYSTEM,116,ASP,N,SYSTEM,113,GLU,O,54.32045679543205
SYSTEM,117,LYS,N,SYSTEM,113,GLU,O,95.59804401955981
SYSTEM,118,GLU,N,SYSTEM,115,VAL,O,98.690013099869
SYSTEM,119,MET,N,SYSTEM,114,SER,O,98.2790172098279
SYSTEM,122,LEU,N,SYSTEM,119,MET,O,88.63811361886381
SYSTEM,123,VAL,N,SYSTEM,119,MET,O,55.74344256557434
SYSTEM,123,VAL,N,SYSTEM,120,GLN,O,86.33713662863371
SYSTEM,124,SER,N,SYSTEM,121,VAL,O,45.421545784542154
SYSTEM,125,ARG,N,SYSTEM,121,VAL,O,62.794372056279435
SYSTEM,125,ARG,N,SYSTEM,122,LEU,O,63.84936150638494
SYSTEM,126,ILE,N,SYSTEM,122,LEU,O,98.9340106598934
SYSTEM,126,ILE,N,SYSTEM,123,VAL,O,36.38263617363826
SYSTEM,127,ALA,N,SYSTEM,123,VAL,O,93.8620613793862
SYSTEM,127,ALA,N,SYSTEM,124,SER,O,34.66065339346607
SYSTEM,128,ALA,N,SYSTEM,124,SER,O,91.07008929910701
SYSTEM,128,ALA,N,SYSTEM,125,ARG,O,50.161498385016145
SYSTEM,129,TRP,N,SYSTEM,125,ARG,O,99.8720012799872
SYSTEM,130,MET,N,SYSTEM,126,ILE,O,99.8840011599884
SYSTEM,131,ALA,N,SYSTEM,127,ALA,O,97.9490205097949
SYSTEM,132,THR,N,SYSTEM,128,ALA,O,98.0050199498005
SYSTEM,133,TYR,N,SYSTEM,129,TRP,O,99.9310006899931
SYSTEM,134,LEU,N,SYSTEM,130,MET,O,99.420005799942
SYSTEM,135,ASN,N,SYSTEM,131,ALA,O,99.2030079699203
SYSTEM,135,ASN,N,SYSTEM,132,THR,O,26.44573554264457
SYSTEM,136,ASP,N,SYSTEM,132,THR,O,98.04101958980411
SYSTEM,137,HIS,N,SYSTEM,133,TYR,O,98.7470125298747
SYSTEM,138,LEU,N,SYSTEM,133,TYR,O,98.6270137298627
SYSTEM,138,LEU,N,SYSTEM,134,LEU,O,64.42135578644213
SYSTEM,139,GLU,N,SYSTEM,134,LEU,O,92.33607663923361
SYSTEM,139,GLU,N,SYSTEM,135,ASN,O,26.393736062639373
SYSTEM,141,TRP,N,SYSTEM,138,LEU,O,80.54919450805492
SYSTEM,142,ILE,N,SYSTEM,138,LEU,O,99.8280017199828
SYSTEM,143,GLN,N,SYSTEM,139,GLU,O,99.9810001899981
SYSTEM,143,GLN,N,SYSTEM,140,PRO,O,14.019859801401985
SYSTEM,144,GLU,N,SYSTEM,140,PRO,O,94.030059699403
SYSTEM,145,ASN,N,SYSTEM,141,TRP,O,91.83108168918311
SYSTEM,145,ASN,N,SYSTEM,142,ILE,O,61.073389266107334
SYSTEM,146,GLY,N,SYSTEM,143,GLN,O,91.2650873491265
SYSTEM,147,GLY,N,SYSTEM,142,ILE,O,99.31500684993149
SYSTEM,150,THR,N,SYSTEM,147,GLY,O,84.62015379846201
SYSTEM,151,PHE,N,SYSTEM,148,TRP,O,75.20824791752082
SYSTEM,152,VAL,N,SYSTEM,148,TRP,O,97.7420225797742
SYSTEM,153,GLU,N,SYSTEM,149,ASP,O,83.21416785832142
SYSTEM,154,LEU,N,SYSTEM,150,THR,O,86.8571314286857
SYSTEM,154,LEU,N,SYSTEM,151,PHE,O,43.66356336436636
SYSTEM,155,TYR,N,SYSTEM,151,PHE,O,98.4690153098469
SYSTEM,156,GLY,N,SYSTEM,152,VAL,O,39.51460485395146
SYSTEM,159,ALA,N,SYSTEM,156,GLY,O,16.670833291667083
SYSTEM,160,ALA,N,SYSTEM,156,GLY,O,8.154918450815492
SYSTEM,165,LYS,N,SYSTEM,161,ALA,O,12.246877531224689
SYSTEM,166,GLY,N,SYSTEM,162,GLU,O,4.494955050449496
SYSTEM,166,GLY,N,SYSTEM,163,SER,O,2.358976410235898
SYSTEM,167,GLN,N,SYSTEM,163,SER,O,2.4019759802401977
SYSTEM,167,GLN,N,SYSTEM,164,ARG,O,60.71639283607164
SYSTEM,168,GLU,N,SYSTEM,164,ARG,O,3.7029629703702964
SYSTEM,169,ARG,N,SYSTEM,165,LYS,O,5.4559454405455945
SYSTEM,4,SER,N,SYSTEM,1,MET,O,12.570874291257086
SYSTEM,5,ASN,N,SYSTEM,1,MET,O,24.102758972410278
SYSTEM,8,LEU,N,SYSTEM,4,SER,O,59.57140428595714
SYSTEM,9,VAL,N,SYSTEM,6,ARG,O,60.96939030609694
SYSTEM,18,SER,N,SYSTEM,15,TYR,O,33.307666923330764
SYSTEM,27,PHE,N,SYSTEM,24,TRP,O,87.29212707872921
SYSTEM,30,VAL,N,SYSTEM,28,SER,O,2.907970920290797
SYSTEM,43,SER,N,SYSTEM,39,GLU,O,0.8659913400865992
SYSTEM,55,ASP,N,SYSTEM,52,GLU,O,77.17122828771711
SYSTEM,59,LEU,N,SYSTEM,56,GLU,O,65.43834561654384
SYSTEM,68,LEU,N,SYSTEM,64,ALA,O,88.46811531884681
SYSTEM,70,SER,N,SYSTEM,67,ASP,O,68.57931420685793
SYSTEM,90,LEU,N,SYSTEM,86,VAL,O,62.17937820621794
SYSTEM,94,GLY,N,SYSTEM,92,ARG,O,29.95870041299587
SYSTEM,107,GLY,N,SYSTEM,104,PHE,O,13.015869841301587
SYSTEM,120,GLN,N,SYSTEM,118,GLU,O,69.98230017699822
SYSTEM,134,LEU,N,SYSTEM,131,ALA,O,20.10679893201068
SYSTEM,153,GLU,N,SYSTEM,150,THR,O,62.499375006249934
SYSTEM,164,ARG,N,SYSTEM,161,ALA,O,29.13870861291387
SYSTEM,6,ARG,N,SYSTEM,2,SER,O,25.004749952500475
SYSTEM,11,ASP,N,SYSTEM,8,LEU,O,31.892681073189266
SYSTEM,12,PHE,N,SYSTEM,9,VAL,O,43.96356036439635
SYSTEM,13,LEU,N,SYSTEM,10,VAL,O,13.599864001359988
SYSTEM,20,LYS,N,SYSTEM,16,LYS,O,64.37235627643723
SYSTEM,44,GLU,N,SYSTEM,42,GLU,O,11.549884501154988
SYSTEM,50,LEU,N,SYSTEM,47,LYS,O,29.36570634293657
SYSTEM,56,GLU,N,SYSTEM,53,ALA,O,63.15536844631554
SYSTEM,66,SER,N,SYSTEM,62,ARG,O,77.69922300776993
SYSTEM,78,THR,N,SYSTEM,76,PRO,O,4.518954810451895
SYSTEM,87,VAL,N,SYSTEM,84,GLU,O,23.091769082309177
SYSTEM,89,GLU,N,SYSTEM,85,GLN,O,43.678563214367855
SYSTEM,91,PHE,N,SYSTEM,87,VAL,O,84.96015039849601
SYSTEM,103,PHE,N,SYSTEM,100,ILE,O,51.186488135118644
SYSTEM,117,LYS,N,SYSTEM,114,SER,O,41.391586084139156
SYSTEM,137,HIS,N,SYSTEM,134,LEU,O,7.515924840751592
SYSTEM,152,VAL,N,SYSTEM,149,ASP,O,45.35054649453505
SYSTEM,7,GLU,N,SYSTEM,3,GLN,O,27.322726772732274
SYSTEM,36,GLU,N,SYSTEM,34,ARG,O,2.317976820231798
SYSTEM,49,ALA,N,SYSTEM,46,VAL,O,39.60860391396086
SYSTEM,51,ARG,N,SYSTEM,48,GLN,O,29.72070279297207
SYSTEM,52,GLU,N,SYSTEM,49,ALA,O,46.92153078469215
SYSTEM,83,PHE,N,SYSTEM,80,TYR,O,56.90143098569014
SYSTEM,92,ARG,N,SYSTEM,90,LEU,O,39.45060549394506
SYSTEM,118,GLU,N,SYSTEM,114,SER,O,3.1639683603163964
SYSTEM,132,THR,N,SYSTEM,129,TRP,O,30.97069029309707
SYSTEM,150,THR,N,SYSTEM,146,GLY,O,37.76262237377626
SYSTEM,151,PHE,N,SYSTEM,147,GLY,O,57.17942820571794
SYSTEM,155,TYR,N,SYSTEM,152,VAL,O,13.051869481305186
SYSTEM,34,ARG,N,SYSTEM,32,GLU,O,7.722922770772292
SYSTEM,141,TRP,N,SYSTEM,137,HIS,O,18.928810711892883
SYSTEM,144,GLU,N,SYSTEM,141,TRP,O,42.752572474275254
SYSTEM,146,GLY,N,SYSTEM,144,GLU,O,38.09461905380947
SYSTEM,160,ALA,N,SYSTEM,157,ASN,O,3.4649653503464966
SYSTEM,70,SER,N,SYSTEM,65,PHE,O,0.053999460005399944
SYSTEM,88,ASN,N,SYSTEM,85,GLN,O,28.11771882281177
SYSTEM,129,TRP,N,SYSTEM,126,ILE,O,13.058869411305887
SYSTEM,10,VAL,N,SYSTEM,7,GLU,O,27.202727972720275
SYSTEM,33,ASN,N,SYSTEM,31,GLU,O,1.1669883301166988
SYSTEM,48,GLN,N,SYSTEM,45,ALA,O,22.513774862251378
SYSTEM,57,PHE,N,SYSTEM,54,GLY,O,11.894881051189488
SYSTEM,58,GLU,N,SYSTEM,55,ASP,O,53.93146068539315
SYSTEM,113,GLU,N,SYSTEM,110,LEU,O,33.042669573304266
SYSTEM,118,GLU,N,SYSTEM,116,ASP,O,15.861841381586183
SYSTEM,165,LYS,N,SYSTEM,162,GLU,O,14.256857431425685
SYSTEM,19,GLN,N,SYSTEM,16,LYS,O,65.20734792652073
SYSTEM,28,SER,N,SYSTEM,25,SER,O,38.94761052389476
SYSTEM,28,SER,N,SYSTEM,26,GLN,O,2.7759722402775973
SYSTEM,37,ALA,N,SYSTEM,35,THR,O,11.44488555114449
SYSTEM,71,GLN,N,SYSTEM,67,ASP,O,66.67933320666793
SYSTEM,133,TYR,N,SYSTEM,130,MET,O,11.978880211197888
SYSTEM,168,GLU,N,SYSTEM,165,LYS,O,2.014979850201498
SYSTEM,54,GLY,N,SYSTEM,51,ARG,O,48.72051279487205
SYSTEM,101,VAL,N,SYSTEM,98,GLY,O,28.378716212837872
SYSTEM,112,VAL,N,SYSTEM,109,ALA,O,34.98765012349877
SYSTEM,130,MET,N,SYSTEM,127,ALA,O,20.01879981200188
SYSTEM,149,ASP,N,SYSTEM,146,GLY,O,22.783772162278375
SYSTEM,69,THR,N,SYSTEM,64,ALA,O,0.061999380006199936
SYSTEM,105,SER,N,SYSTEM,102,ALA,O,14.329856701432986
SYSTEM,15,TYR,N,SYSTEM,12,PHE,O,34.44865551344486
SYSTEM,61,TYR,N,SYSTEM,56,GLU,O,0.20099799002009977
SYSTEM,147,GLY,N,SYSTEM,143,GLN,O,13.030869691303087
SYSTEM,33,ASN,N,SYSTEM,29,ASP,O,1.8139818601813982
SYSTEM,156,GLY,N,SYSTEM,151,PHE,O,26.431735682643176
SYSTEM,156,GLY,N,SYSTEM,153,GLU,O,21.310786892131077
SYSTEM,27,PHE,N,SYSTEM,25,SER,O,0.11599884001159988
SYSTEM,21,GLY,N,SYSTEM,17,LEU,O,16.900830991690082
SYSTEM,21,GLY,N,SYSTEM,19,GLN,O,6.0889391106088935
SYSTEM,72,LEU,N,SYSTEM,69,THR,O,45.637543624563754
SYSTEM,136,ASP,N,SYSTEM,133,TYR,O,22.729772702272978
SYSTEM,45,ALA,N,SYSTEM,42,GLU,O,28.71971280287197
SYSTEM,167,GLN,N,SYSTEM,165,LYS,O,1.7969820301796982
SYSTEM,14,SER,N,SYSTEM,11,ASP,O,18.464815351846482
SYSTEM,44,GLU,N,SYSTEM,40,GLY,O,55.75644243557565
SYSTEM,92,ARG,N,SYSTEM,88,ASN,O,5.048949510504895
SYSTEM,108,GLY,N,SYSTEM,103,PHE,O,0.018999810001899983
SYSTEM,22,TYR,N,SYSTEM,18,SER,O,3.870961290387096
SYSTEM,107,GLY,N,SYSTEM,102,ALA,O,0.011999880001199989
SYSTEM,131,ALA,N,SYSTEM,128,ALA,O,26.071739282607176
SYSTEM,137,HIS,N,SYSTEM,132,THR,O,4.254957450425496
SYSTEM,93,ASP,N,SYSTEM,90,LEU,O,18.14781852181478
SYSTEM,69,THR,N,SYSTEM,66,SER,O,29.931700682993167
SYSTEM,93,ASP,N,SYSTEM,89,GLU,O,1.2859871401285987
SYSTEM,124,SER,N,SYSTEM,120,GLN,O,36.576634233657664
SYSTEM,142,ILE,N,SYSTEM,139,GLU,O,21.637783622163777
SYSTEM,75,THR,N,SYSTEM,73,HIS,O,9.213907860921392
SYSTEM,31,GLU,N,SYSTEM,29,ASP,O,3.6639633603663966
SYSTEM,22,TYR,N,SYSTEM,20,LYS,O,0.5349946500534994
SYSTEM,71,GLN,N,SYSTEM,69,THR,O,0.5249947500524995
SYSTEM,71,GLN,N,SYSTEM,72,LEU,O,0.0879991200087999
SYSTEM,96,ASN,N,SYSTEM,96,ASN,O,1.4829851701482983
SYSTEM,147,GLY,N,SYSTEM,145,ASN,O,0.5539944600553994
SYSTEM,169,ARG,N,SYSTEM,166,GLY,O,13.581864181358187
SYSTEM,161,ALA,N,SYSTEM,159,ALA,O,7.756922430775692
SYSTEM,119,MET,N,SYSTEM,115,VAL,O,0.7639923600763993
SYSTEM,169,ARG,N,SYSTEM,164,ARG,O,0.6669933300666994
SYSTEM,159,ALA,N,SYSTEM,157,ASN,O,7.750922490775092
SYSTEM,43,SER,N,SYSTEM,41,THR,O,0.6919930800691994
SYSTEM,156,GLY,N,SYSTEM,159,ALA,O,0.013999860001399987
SYSTEM,160,ALA,N,SYSTEM,158,ASN,O,2.4779752202477976
SYSTEM,156,GLY,N,SYSTEM,154,LEU,O,7.837921620783791
SYSTEM,59,LEU,N,SYSTEM,57,PHE,O,0.01799982000179998
SYSTEM,46,VAL,N,SYSTEM,42,GLU,O,51.062489375106246
SYSTEM,64,ALA,N,SYSTEM,62,ARG,O,0.3579964200357996
SYSTEM,162,GLU,N,SYSTEM,160,ALA,O,9.35890641093589
SYSTEM,41,THR,N,SYSTEM,39,GLU,O,0.6399936000639993
SYSTEM,27,PHE,N,SYSTEM,28,SER,O,0.09299907000929991
SYSTEM,146,GLY,N,SYSTEM,142,ILE,O,4.859951400485995
SYSTEM,149,ASP,N,SYSTEM,147,GLY,O,4.033959660403396
SYSTEM,45,ALA,N,SYSTEM,41,THR,O,54.462455375446254
SYSTEM,158,ASN,N,SYSTEM,156,GLY,O,6.140938590614094
SYSTEM,159,ALA,N,SYSTEM,160,ALA,O,0.04399956000439995
SYSTEM,40,GLY,N,SYSTEM,38,PRO,O,3.674963250367496
SYSTEM,34,ARG,N,SYSTEM,31,GLU,O,0.7659923400765992
SYSTEM,73,HIS,N,SYSTEM,71,GLN,O,4.4039559604403955
SYSTEM,65,PHE,N,SYSTEM,63,ARG,O,0.013999860001399987
SYSTEM,161,ALA,N,SYSTEM,158,ASN,O,2.891971080289197
SYSTEM,124,SER,N,SYSTEM,27,PHE,O,0.5079949200507995
SYSTEM,30,VAL,N,SYSTEM,25,SER,O,0.04399956000439995
SYSTEM,86,VAL,N,SYSTEM,84,GLU,O,0.13599864001359988
SYSTEM,72,LEU,N,SYSTEM,70,SER,O,0.9679903200967991
SYSTEM,83,PHE,N,SYSTEM,81,GLN,O,0.10799892001079989
SYSTEM,123,VAL,N,SYSTEM,121,VAL,O,0.4529954700452995
SYSTEM,66,SER,N,SYSTEM,61,TYR,O,0.0029999700002999972
SYSTEM,161,ALA,N,SYSTEM,157,ASN,O,0.06399936000639994
SYSTEM,42,GLU,N,SYSTEM,40,GLY,O,1.9629803701962982
SYSTEM,160,ALA,N,SYSTEM,155,TYR,O,0.001999980000199998
SYSTEM,167,GLN,N,SYSTEM,162,GLU,O,0.0049999500004999945
SYSTEM,166,GLY,N,SYSTEM,161,ALA,O,0.049999500004999954
SYSTEM,74,ILE,N,SYSTEM,72,LEU,O,6.674933250667493
SYSTEM,75,THR,N,SYSTEM,75,THR,O,1.6419835801641982
SYSTEM,66,SER,N,SYSTEM,64,ALA,O,0.2029979700202998
SYSTEM,61,TYR,N,SYSTEM,59,LEU,O,0.08399916000839992
SYSTEM,32,GLU,N,SYSTEM,30,VAL,O,1.9229807701922979
SYSTEM,79,ALA,N,SYSTEM,77,GLY,O,0.13199868001319986
SYSTEM,32,GLU,N,SYSTEM,33,ASN,O,0.019999800001999978
SYSTEM,86,VAL,N,SYSTEM,81,GLN,O,0.009999900000999989
SYSTEM,159,ALA,N,SYSTEM,154,LEU,O,0.011999880001199989
SYSTEM,168,GLU,N,SYSTEM,166,GLY,O,4.371956280437195
SYSTEM,45,ALA,N,SYSTEM,40,GLY,O,0.15299847001529984
SYSTEM,46,VAL,N,SYSTEM,41,THR,O,0.6739932600673992
SYSTEM,68,LEU,N,SYSTEM,63,ARG,O,0.016999830001699984
SYSTEM,62,ARG,N,SYSTEM,58,GLU,O,4.714952850471495
SYSTEM,24,TRP,N,SYSTEM,22,TYR,O,0.17699823001769982
SYSTEM,26,GLN,N,SYSTEM,24,TRP,O,0.7509924900750993
SYSTEM,77,GLY,N,SYSTEM,78,THR,O,0.2589974100258997
SYSTEM,138,LEU,N,SYSTEM,135,ASN,O,0.2839971600283997
SYSTEM,58,GLU,N,SYSTEM,53,ALA,O,0.6379936200637993
SYSTEM,39,GLU,N,SYSTEM,37,ALA,O,0.22599774002259976
SYSTEM,37,ALA,N,SYSTEM,37,ALA,O,0.1989980100198998
SYSTEM,93,ASP,N,SYSTEM,94,GLY,O,0.06399936000639994
SYSTEM,119,MET,N,SYSTEM,117,LYS,O,0.43399566004339957
SYSTEM,89,GLU,N,SYSTEM,84,GLU,O,0.003999960000399996
SYSTEM,139,GLU,N,SYSTEM,136,ASP,O,1.3709862901370986
SYSTEM,73,HIS,N,SYSTEM,70,SER,O,0.006999930000699994
SYSTEM,62,ARG,N,SYSTEM,57,PHE,O,0.00899991000089999
SYSTEM,35,THR,N,SYSTEM,33,ASN,O,5.541944580554194
SYSTEM,126,ILE,N,SYSTEM,121,VAL,O,0.05099949000509995
SYSTEM,158,ASN,N,SYSTEM,153,GLU,O,4.011959880401196
SYSTEM,17,LEU,N,SYSTEM,12,PHE,O,0.0059999400005999945
SYSTEM,159,ALA,N,SYSTEM,153,GLU,O,0.31299687003129967
SYSTEM,158,ASN,N,SYSTEM,152,VAL,O,1.855981440185598
SYSTEM,154,LEU,N,SYSTEM,152,VAL,O,0.23099769002309978
SYSTEM,169,ARG,N,SYSTEM,167,GLN,O,1.1579884201157988
SYSTEM,63,ARG,N,SYSTEM,61,TYR,O,0.00899991000089999
SYSTEM,35,THR,N,SYSTEM,32,GLU,O,2.2309776902230976
SYSTEM,34,ARG,N,SYSTEM,30,VAL,O,0.6749932500674993
SYSTEM,35,THR,N,SYSTEM,31,GLU,O,0.33499665003349965
SYSTEM,166,GLY,N,SYSTEM,164,ARG,O,1.4949850501494986
SYSTEM,28,SER,N,SYSTEM,28,SER,O,0.00899991000089999
SYSTEM,23,SER,N,SYSTEM,21,GLY,O,0.14799852001479985
SYSTEM,164,ARG,N,SYSTEM,162,GLU,O,7.075929240707593
SYSTEM,56,GLU,N,SYSTEM,54,GLY,O,0.053999460005399944
SYSTEM,28,SER,N,SYSTEM,23,SER,O,0.13299867001329987
SYSTEM,151,PHE,N,SYSTEM,149,ASP,O,0.04699953000469995
SYSTEM,127,ALA,N,SYSTEM,122,LEU,O,0.01799982000179998
SYSTEM,118,GLU,N,SYSTEM,113,GLU,O,0.08999910000899991
SYSTEM,136,ASP,N,SYSTEM,131,ALA,O,0.027999720002799974
SYSTEM,137,HIS,N,SYSTEM,135,ASN,O,0.021999780002199976
SYSTEM,157,ASN,N,SYSTEM,152,VAL,O,15.716842831571684
SYSTEM,5,ASN,N,SYSTEM,3,GLN,O,2.741972580274197
SYSTEM,36,GLU,N,SYSTEM,33,ASN,O,3.7909620903790966
SYSTEM,168,GLU,N,SYSTEM,163,SER,O,0.007999920000799993
SYSTEM,60,ARG,N,SYSTEM,55,ASP,O,0.01799982000179998
SYSTEM,122,LEU,N,SYSTEM,120,GLN,O,0.7299927000729993
SYSTEM,3,GLN,N,SYSTEM,1,MET,O,1.945980540194598
SYSTEM,36,GLU,N,SYSTEM,32,GLU,O,0.07599924000759993
SYSTEM,53,ALA,N,SYSTEM,155,TYR,O,0.011999880001199989
SYSTEM,145,ASN,N,SYSTEM,143,GLN,O,0.04899951000489995
SYSTEM,73,HIS,N,SYSTEM,82,SER,O,0.026999730002699972
SYSTEM,96,ASN,N,SYSTEM,94,GLY,O,0.16099839001609983
SYSTEM,168,GLU,N,SYSTEM,169,ARG,O,0.061999380006199936
SYSTEM,20,LYS,N,SYSTEM,18,SER,O,0.0879991200087999
SYSTEM,155,TYR,N,SYSTEM,150,THR,O,2.202977970220298
SYSTEM,54,GLY,N,SYSTEM,49,ALA,O,0.6599934000659994
SYSTEM,136,ASP,N,SYSTEM,134,LEU,O,0.13699863001369988
SYSTEM,2,SER,N,SYSTEM,131,ALA,O,0.010999890001099988
SYSTEM,1,MET,N,SYSTEM,131,ALA,O,0.016999830001699984
SYSTEM,112,VAL,N,SYSTEM,107,GLY,O,0.006999930000699994
SYSTEM,1,MET,N,SYSTEM,1,MET,O,0.010999890001099988
SYSTEM,55,ASP,N,SYSTEM,50,LEU,O,0.19099809001909981
SYSTEM,63,ARG,N,SYSTEM,60,ARG,O,0.7109928900710992
SYSTEM,29,ASP,N,SYSTEM,27,PHE,O,11.327886721132788
SYSTEM,160,ALA,N,SYSTEM,160,ALA,O,0.014999850001499985
SYSTEM,94,GLY,N,SYSTEM,90,LEU,O,0.27599724002759973
SYSTEM,70,SER,N,SYSTEM,68,LEU,O,0.06399936000639994
SYSTEM,58,GLU,N,SYSTEM,56,GLU,O,0.22999770002299977
SYSTEM,88,ASN,N,SYSTEM,86,VAL,O,0.024999750002499977
SYSTEM,144,GLU,N,SYSTEM,142,ILE,O,0.01799982000179998
SYSTEM,1,MET,N,SYSTEM,131,ALA,O,0.0059999400005999945
SYSTEM,1,MET,N,SYSTEM,132,THR,O,0.001999980000199998
SYSTEM,1,MET,N,SYSTEM,132,THR,O,0.000999990000099999
SYSTEM,91,PHE,N,SYSTEM,89,GLU,O,0.022999770002299975
SYSTEM,67,ASP,N,SYSTEM,65,PHE,O,0.010999890001099988
SYSTEM,59,LEU,N,SYSTEM,54,GLY,O,0.03899961000389996
SYSTEM,131,ALA,N,SYSTEM,126,ILE,O,0.013999860001399987
SYSTEM,1,MET,N,SYSTEM,2,SER,O,0.4939950600493995
SYSTEM,18,SER,N,SYSTEM,13,LEU,O,0.3919960800391996
SYSTEM,52,GLU,N,SYSTEM,50,LEU,O,0.025999740002599973
SYSTEM,36,GLU,N,SYSTEM,37,ALA,O,0.11699883001169988
SYSTEM,6,ARG,N,SYSTEM,4,SER,O,1.6849831501684984
SYSTEM,4,SER,N,SYSTEM,2,SER,O,1.3909860901390987
SYSTEM,121,VAL,N,SYSTEM,119,MET,O,0.5359946400535995
SYSTEM,1,MET,N,SYSTEM,128,ALA,O,0.000999990000099999
SYSTEM,163,SER,N,SYSTEM,161,ALA,O,2.018979810201898
SYSTEM,1,MET,N,SYSTEM,2,SER,O,0.4399956000439995
SYSTEM,1,MET,N,SYSTEM,135,ASN,O,0.0059999400005999945
SYSTEM,1,MET,N,SYSTEM,135,ASN,O,0.00899991000089999
SYSTEM,82,SER,N,SYSTEM,80,TYR,O,0.010999890001099988
SYSTEM,120,GLN,N,SYSTEM,114,SER,O,1.1269887301126988
SYSTEM,29,ASP,N,SYSTEM,26,GLN,O,15.681843181568183
SYSTEM,1,MET,N,SYSTEM,1,MET,O,0.009999900000999989
SYSTEM,44,GLU,N,SYSTEM,39,GLU,O,0.07799922000779992
SYSTEM,90,LEU,N,SYSTEM,88,ASN,O,0.013999860001399987
SYSTEM,29,ASP,N,SYSTEM,121,VAL,O,0.000999990000099999
SYSTEM,165,LYS,N,SYSTEM,163,SER,O,1.3969860301396986
SYSTEM,49,ALA,N,SYSTEM,44,GLU,O,0.06499935000649994
SYSTEM,164,ARG,N,SYSTEM,160,ALA,O,1.793982060179398
SYSTEM,162,GLU,N,SYSTEM,157,ASN,O,0.001999980000199998
SYSTEM,54,GLY,N,SYSTEM,52,GLU,O,0.12599874001259986
SYSTEM,120,GLN,N,SYSTEM,115,VAL,O,0.000999990000099999
SYSTEM,31,GLU,N,SYSTEM,32,GLU,O,0.07399926000739993
SYSTEM,150,THR,N,SYSTEM,145,ASN,O,0.011999880001199989
SYSTEM,123,VAL,N,SYSTEM,27,PHE,O,0.009999900000999989
SYSTEM,153,GLU,N,SYSTEM,151,PHE,O,0.11099889001109989
SYSTEM,69,THR,N,SYSTEM,67,ASP,O,0.001999980000199998
SYSTEM,23,SER,N,SYSTEM,23,SER,O,0.03399966000339997
SYSTEM,34,ARG,N,SYSTEM,34,ARG,O,0.0049999500004999945
SYSTEM,162,GLU,N,SYSTEM,159,ALA,O,12.253877461225388
SYSTEM,161,ALA,N,SYSTEM,161,ALA,O,0.018999810001899983
SYSTEM,55,ASP,N,SYSTEM,168,GLU,O,0.000999990000099999
SYSTEM,56,GLU,N,SYSTEM,168,GLU,O,0.001999980000199998
SYSTEM,159,ALA,N,SYSTEM,159,ALA,O,0.024999750002499977
SYSTEM,21,GLY,N,SYSTEM,22,TYR,O,0.003999960000399996
SYSTEM,109,ALA,N,SYSTEM,104,PHE,O,0.001999980000199998
SYSTEM,15,TYR,N,SYSTEM,10,VAL,O,0.18899811001889982
SYSTEM,6,ARG,N,SYSTEM,1,MET,O,0.0049999500004999945
SYSTEM,166,GLY,N,SYSTEM,169,ARG,O,0.8699913000869992
SYSTEM,14,SER,N,SYSTEM,9,VAL,O,0.013999860001399987
SYSTEM,32,GLU,N,SYSTEM,32,GLU,O,0.010999890001099988
SYSTEM,144,GLU,N,SYSTEM,139,GLU,O,0.016999830001699984
SYSTEM,139,GLU,N,SYSTEM,137,HIS,O,0.0029999700002999972
SYSTEM,161,ALA,N,SYSTEM,153,GLU,O,0.26999730002699973
SYSTEM,160,ALA,N,SYSTEM,152,VAL,O,0.015999840001599985
SYSTEM,161,ALA,N,SYSTEM,154,LEU,O,0.04599954000459995
SYSTEM,19,GLN,N,SYSTEM,14,SER,O,0.034999650003499964
SYSTEM,149,ASP,N,SYSTEM,145,ASN,O,0.007999920000799993
SYSTEM,119,MET,N,SYSTEM,113,GLU,O,0.006999930000699994
SYSTEM,9,VAL,N,SYSTEM,4,SER,O,0.014999850001499985
SYSTEM,125,ARG,N,SYSTEM,123,VAL,O,0.014999850001499985
SYSTEM,157,ASN,N,SYSTEM,48,GLN,O,0.0049999500004999945
SYSTEM,68,LEU,N,SYSTEM,66,SER,O,0.023999760002399978
SYSTEM,12,PHE,N,SYSTEM,7,GLU,O,0.023999760002399978
SYSTEM,159,ALA,N,SYSTEM,152,VAL,O,0.1059989400105999
SYSTEM,81,GLN,N,SYSTEM,79,ALA,O,0.01799982000179998
SYSTEM,45,ALA,N,SYSTEM,43,SER,O,1.1259887401125988
SYSTEM,13,LEU,N,SYSTEM,8,LEU,O,0.060999390006099934
SYSTEM,110,LEU,N,SYSTEM,105,SER,O,0.000999990000099999
SYSTEM,7,GLU,N,SYSTEM,5,ASN,O,0.07299927000729993
SYSTEM,8,LEU,N,SYSTEM,3,GLN,O,0.007999920000799993
SYSTEM,80,TYR,N,SYSTEM,78,THR,O,0.0029999700002999972
SYSTEM,162,GLU,N,SYSTEM,165,LYS,O,0.001999980000199998
SYSTEM,75,THR,N,SYSTEM,78,THR,O,0.0049999500004999945
SYSTEM,31,GLU,N,SYSTEM,31,GLU,O,0.025999740002599973
SYSTEM,31,GLU,N,SYSTEM,28,SER,O,2.849971500284997
SYSTEM,158,ASN,N,SYSTEM,154,LEU,O,7.454925450745492
SYSTEM,164,ARG,N,SYSTEM,165,LYS,O,0.009999900000999989
SYSTEM,60,ARG,N,SYSTEM,58,GLU,O,0.024999750002499977
SYSTEM,53,ALA,N,SYSTEM,48,GLN,O,0.026999730002699972
SYSTEM,166,GLY,N,SYSTEM,52,GLU,O,0.000999990000099999
SYSTEM,161,ALA,N,SYSTEM,165,LYS,O,0.15199848001519986
SYSTEM,165,LYS,N,SYSTEM,165,LYS,O,0.0029999700002999972
SYSTEM,25,SER,N,SYSTEM,23,SER,O,0.06799932000679994
SYSTEM,160,ALA,N,SYSTEM,153,GLU,O,0.3809961900380996
SYSTEM,10,VAL,N,SYSTEM,8,LEU,O,0.003999960000399996
SYSTEM,85,GLN,N,SYSTEM,80,TYR,O,0.006999930000699994
SYSTEM,161,ALA,N,SYSTEM,166,GLY,O,0.000999990000099999
SYSTEM,157,ASN,N,SYSTEM,153,GLU,O,20.76579234207658
SYSTEM,156,GLY,N,SYSTEM,158,ASN,O,0.2089979100208998
SYSTEM,158,ASN,N,SYSTEM,155,TYR,O,14.813851861481385
SYSTEM,158,ASN,N,SYSTEM,158,ASN,O,0.011999880001199989
SYSTEM,160,ALA,N,SYSTEM,161,ALA,O,0.07799922000779992
SYSTEM,168,GLU,N,SYSTEM,168,GLU,O,0.0059999400005999945
SYSTEM,52,GLU,N,SYSTEM,47,LYS,O,0.025999740002599973
SYSTEM,165,LYS,N,SYSTEM,154,LEU,O,0.009999900000999989
SYSTEM,35,THR,N,SYSTEM,35,THR,O,0.0029999700002999972
SYSTEM,89,GLU,N,SYSTEM,87,VAL,O,0.011999880001199989
SYSTEM,165,LYS,N,SYSTEM,159,ALA,O,0.0029999700002999972
SYSTEM,159,ALA,N,SYSTEM,165,LYS,O,0.0029999700002999972
SYSTEM,158,ASN,N,SYSTEM,165,LYS,O,0.000999990000099999
SYSTEM,165,LYS,N,SYSTEM,156,GLY,O,0.001999980000199998
SYSTEM,158,ASN,N,SYSTEM,159,ALA,O,0.013999860001399987
SYSTEM,55,ASP,N,SYSTEM,53,ALA,O,0.030999690003099968
SYSTEM,161,ALA,N,SYSTEM,164,ARG,O,0.08599914000859991
SYSTEM,167,GLN,N,SYSTEM,169,ARG,O,0.00899991000089999
SYSTEM,166,GLY,N,SYSTEM,153,GLU,O,0.48799512004879947
SYSTEM,169,ARG,N,SYSTEM,169,ARG,O,0.001999980000199998
SYSTEM,166,GLY,N,SYSTEM,154,LEU,O,0.10099899001009989
SYSTEM,33,ASN,N,SYSTEM,33,ASN,O,0.000999990000099999
SYSTEM,159,ALA,N,SYSTEM,168,GLU,O,0.001999980000199998
SYSTEM,74,ILE,N,SYSTEM,69,THR,O,0.001999980000199998
SYSTEM,167,GLN,N,SYSTEM,154,LEU,O,0.009999900000999989
SYSTEM,160,ALA,N,SYSTEM,164,ARG,O,0.0029999700002999972
SYSTEM,169,ARG,N,SYSTEM,154,LEU,O,1.4629853701462985
SYSTEM,37,ALA,N,SYSTEM,34,ARG,O,2.024979750202498
SYSTEM,1,MET,N,SYSTEM,42,GLU,O,0.2029979700202998
SYSTEM,1,MET,N,SYSTEM,42,GLU,O,0.2029979700202998
SYSTEM,168,GLU,N,SYSTEM,154,LEU,O,2.3109768902310974
SYSTEM,166,GLY,N,SYSTEM,159,ALA,O,0.000999990000099999
SYSTEM,169,ARG,N,SYSTEM,153,GLU,O,0.001999980000199998
SYSTEM,29,ASP,N,SYSTEM,124,SER,O,0.023999760002399978
SYSTEM,124,SER,N,SYSTEM,122,LEU,O,0.000999990000099999
SYSTEM,47,LYS,N,SYSTEM,42,GLU,O,0.001999980000199998
SYSTEM,48,GLN,N,SYSTEM,43,SER,O,0.0029999700002999972
SYSTEM,30,VAL,N,SYSTEM,124,SER,O,0.010999890001099988
SYSTEM,122,LEU,N,SYSTEM,74,ILE,O,0.006999930000699994
SYSTEM,29,ASP,N,SYSTEM,123,VAL,O,0.000999990000099999
SYSTEM,160,ALA,N,SYSTEM,169,ARG,O,3.293967060329397
SYSTEM,161,ALA,N,SYSTEM,169,ARG,O,1.6749832501674982
SYSTEM,161,ALA,N,SYSTEM,168,GLU,O,0.000999990000099999
SYSTEM,166,GLY,N,SYSTEM,167,GLN,O,0.2099979000209998
SYSTEM,164,ARG,N,SYSTEM,167,GLN,O,1.4919850801491985
SYSTEM,157,ASN,N,SYSTEM,154,LEU,O,12.668873311266887
SYSTEM,163,SER,N,SYSTEM,164,ARG,O,0.5789942100578994
SYSTEM,163,SER,N,SYSTEM,167,GLN,O,0.007999920000799993
SYSTEM,160,ALA,N,SYSTEM,168,GLU,O,0.001999980000199998
SYSTEM,26,GLN,N,SYSTEM,28,SER,O,0.0059999400005999945
SYSTEM,93,ASP,N,SYSTEM,91,PHE,O,0.03399966000339997
SYSTEM,162,GLU,N,SYSTEM,169,ARG,O,2.3169768302316975
SYSTEM,162,GLU,N,SYSTEM,167,GLN,O,1.3609863901360986
SYSTEM,163,SER,N,SYSTEM,160,ALA,O,9.161908380916191
SYSTEM,85,GLN,N,SYSTEM,83,PHE,O,0.013999860001399987
SYSTEM,92,ARG,N,SYSTEM,94,GLY,O,0.001999980000199998
SYSTEM,156,GLY,N,SYSTEM,49,ALA,O,0.001999980000199998
SYSTEM,39,GLU,N,SYSTEM,39,GLU,O,0.000999990000099999
SYSTEM,29,ASP,N,SYSTEM,120,GLN,O,1.006989930100699
SYSTEM,164,ARG,N,SYSTEM,164,ARG,O,0.05599944000559995
SYSTEM,20,LYS,N,SYSTEM,15,TYR,O,0.000999990000099999
SYSTEM,63,ARG,N,SYSTEM,59,LEU,O,0.000999990000099999
SYSTEM,117,LYS,N,SYSTEM,115,VAL,O,0.0029999700002999972
SYSTEM,37,ALA,N,SYSTEM,33,ASN,O,2.4129758702412976
SYSTEM,30,VAL,N,SYSTEM,27,PHE,O,20.02179978200218
SYSTEM,77,GLY,N,SYSTEM,75,THR,O,0.014999850001499985
SYSTEM,15,TYR,N,SYSTEM,13,LEU,O,0.009999900000999989
SYSTEM,29,ASP,N,SYSTEM,31,GLU,O,0.972990270097299
SYSTEM,30,VAL,N,SYSTEM,31,GLU,O,0.04599954000459995
SYSTEM,159,ALA,N,SYSTEM,169,ARG,O,3.2689673103268966
SYSTEM,29,ASP,N,SYSTEM,25,SER,O,9.80690193098069
SYSTEM,31,GLU,N,SYSTEM,27,PHE,O,20.19679803201968
SYSTEM,164,ARG,N,SYSTEM,169,ARG,O,0.11899881001189987
SYSTEM,17,LEU,N,SYSTEM,15,TYR,O,0.00899991000089999
SYSTEM,18,SER,N,SYSTEM,16,LYS,O,0.05999940000599994
SYSTEM,157,ASN,N,SYSTEM,155,TYR,O,1.014989850101499
SYSTEM,162,GLU,N,SYSTEM,163,SER,O,0.001999980000199998
SYSTEM,156,GLY,N,SYSTEM,157,ASN,O,0.22999770002299977
SYSTEM,157,ASN,N,SYSTEM,157,ASN,O,0.003999960000399996
SYSTEM,16,LYS,N,SYSTEM,14,SER,O,0.0049999500004999945
SYSTEM,154,LEU,N,SYSTEM,155,TYR,O,0.14399856001439984
SYSTEM,132,THR,N,SYSTEM,130,MET,O,0.003999960000399996
SYSTEM,111,CYS,N,SYSTEM,109,ALA,O,0.0049999500004999945
SYSTEM,112,VAL,N,SYSTEM,110,LEU,O,0.000999990000099999
SYSTEM,12,PHE,N,SYSTEM,10,VAL,O,0.006999930000699994
SYSTEM,94,GLY,N,SYSTEM,94,GLY,O,0.0049999500004999945
SYSTEM,30,VAL,N,SYSTEM,26,GLN,O,5.156948430515695
SYSTEM,165,LYS,N,SYSTEM,153,GLU,O,0.000999990000099999
SYSTEM,114,SER,N,SYSTEM,112,VAL,O,0.0059999400005999945
SYSTEM,159,ALA,N,SYSTEM,161,ALA,O,0.025999740002599973
SYSTEM,163,SER,N,SYSTEM,169,ARG,O,0.000999990000099999
SYSTEM,1,MET,N,SYSTEM,3,GLN,O,0.23499765002349976
SYSTEM,1,MET,N,SYSTEM,3,GLN,O,0.24899751002489975
SYSTEM,1,MET,N,SYSTEM,38,PRO,O,0.016999830001699984
SYSTEM,40,GLY,N,SYSTEM,2,SER,O,0.11499885001149988
SYSTEM,163,SER,N,SYSTEM,163,SER,O,0.0049999500004999945
SYSTEM,1,MET,N,SYSTEM,38,PRO,O,0.014999850001499985
SYSTEM,40,GLY,N,SYSTEM,1,MET,O,0.17199828001719983
SYSTEM,8,LEU,N,SYSTEM,6,ARG,O,0.022999770002299975
SYSTEM,3,GLN,N,SYSTEM,38,PRO,O,0.24799752002479974
SYSTEM,4,SER,N,SYSTEM,38,PRO,O,0.034999650003499964
SYSTEM,2,SER,N,SYSTEM,38,PRO,O,0.003999960000399996
SYSTEM,43,SER,N,SYSTEM,1,MET,O,6.419935800641993
SYSTEM,1,MET,N,SYSTEM,40,GLY,O,0.030999690003099968
SYSTEM,1,MET,N,SYSTEM,40,GLY,O,0.051999480005199945
SYSTEM,1,MET,N,SYSTEM,39,GLU,O,0.04099959000409996
SYSTEM,2,SER,N,SYSTEM,2,SER,O,0.060999390006099934
SYSTEM,32,GLU,N,SYSTEM,28,SER,O,0.0059999400005999945
SYSTEM,42,GLU,N,SYSTEM,1,MET,O,0.000999990000099999
SYSTEM,4,SER,N,SYSTEM,4,SER,O,0.023999760002399978
SYSTEM,2,SER,N,SYSTEM,4,SER,O,0.32599674003259965
SYSTEM,16,LYS,N,SYSTEM,11,ASP,O,0.0029999700002999972
SYSTEM,3,GLN,N,SYSTEM,4,SER,O,0.5429945700542994
SYSTEM,154,LEU,N,SYSTEM,149,ASP,O,0.0029999700002999972
SYSTEM,168,GLU,N,SYSTEM,159,ALA,O,0.0029999700002999972
SYSTEM,169,ARG,N,SYSTEM,155,TYR,O,0.0059999400005999945
SYSTEM,168,GLU,N,SYSTEM,155,TYR,O,0.007999920000799993
SYSTEM,157,ASN,N,SYSTEM,151,PHE,O,0.22999770002299977
SYSTEM,53,ALA,N,SYSTEM,156,GLY,O,0.0029999700002999972
SYSTEM,1,MET,N,SYSTEM,148,TRP,O,0.003999960000399996
SYSTEM,2,SER,N,SYSTEM,42,GLU,O,0.034999650003499964
SYSTEM,161,ALA,N,SYSTEM,167,GLN,O,0.019999800001999978
SYSTEM,1,MET,N,SYSTEM,4,SER,O,5.293947060529395
SYSTEM,1,MET,N,SYSTEM,4,SER,O,4.574954250457496
SYSTEM,1,MET,N,SYSTEM,5,ASN,O,0.0029999700002999972
SYSTEM,64,ALA,N,SYSTEM,60,ARG,O,0.001999980000199998
SYSTEM,19,GLN,N,SYSTEM,17,LEU,O,0.006999930000699994
SYSTEM,53,ALA,N,SYSTEM,51,ARG,O,0.010999890001099988
SYSTEM,162,GLU,N,SYSTEM,168,GLU,O,0.04199958000419996
SYSTEM,162,GLU,N,SYSTEM,162,GLU,O,0.016999830001699984
SYSTEM,157,ASN,N,SYSTEM,45,ALA,O,0.000999990000099999
SYSTEM,150,THR,N,SYSTEM,148,TRP,O,0.000999990000099999
SYSTEM,97,TRP,N,SYSTEM,166,GLY,O,1.8569814301856982
SYSTEM,169,ARG,N,SYSTEM,161,ALA,O,0.00899991000089999
SYSTEM,148,TRP,N,SYSTEM,1,MET,O,0.4659953400465995
SYSTEM,163,SER,N,SYSTEM,159,ALA,O,0.24799752002479974
SYSTEM,161,ALA,N,SYSTEM,156,GLY,O,0.021999780002199976
SYSTEM,162,GLU,N,SYSTEM,156,GLY,O,0.009999900000999989
SYSTEM,88,ASN,N,SYSTEM,83,PHE,O,0.006999930000699994
SYSTEM,1,MET,N,SYSTEM,5,ASN,O,0.0029999700002999972
SYSTEM,167,GLN,N,SYSTEM,161,ALA,O,0.0059999400005999945
SYSTEM,79,ALA,N,SYSTEM,79,ALA,O,0.003999960000399996
SYSTEM,169,ARG,N,SYSTEM,162,GLU,O,0.013999860001399987
SYSTEM,98,GLY,N,SYSTEM,166,GLY,O,0.06499935000649994
SYSTEM,162,GLU,N,SYSTEM,158,ASN,O,1.2199878001219988
SYSTEM,98,GLY,N,SYSTEM,96,ASN,O,0.0029999700002999972
SYSTEM,2,SER,N,SYSTEM,39,GLU,O,0.006999930000699994
SYSTEM,1,MET,N,SYSTEM,43,SER,O,0.7239927600723992
SYSTEM,113,GLU,N,SYSTEM,108,GLY,O,0.000999990000099999
SYSTEM,169,ARG,N,SYSTEM,159,ALA,O,0.006999930000699994
SYSTEM,148,TRP,N,SYSTEM,2,SER,O,0.01799982000179998
SYSTEM,162,GLU,N,SYSTEM,164,ARG,O,0.00899991000089999
SYSTEM,157,ASN,N,SYSTEM,169,ARG,O,0.06399936000639994
SYSTEM,156,GLY,N,SYSTEM,169,ARG,O,0.0049999500004999945
SYSTEM,164,ARG,N,SYSTEM,153,GLU,O,0.021999780002199976
SYSTEM,163,SER,N,SYSTEM,153,GLU,O,0.001999980000199998
SYSTEM,156,GLY,N,SYSTEM,52,GLU,O,0.001999980000199998
SYSTEM,29,ASP,N,SYSTEM,24,TRP,O,0.009999900000999989
SYSTEM,1,MET,N,SYSTEM,148,TRP,O,0.000999990000099999
SYSTEM,28,SER,N,SYSTEM,120,GLN,O,0.016999830001699984
SYSTEM,51,ARG,N,SYSTEM,46,VAL,O,0.0049999500004999945
SYSTEM,1,MET,N,SYSTEM,43,SER,O,0.6719932800671994
SYSTEM,1,MET,N,SYSTEM,7,GLU,O,0.015999840001599985
SYSTEM,1,MET,N,SYSTEM,7,GLU,O,0.009999900000999989
SYSTEM,169,ARG,N,SYSTEM,157,ASN,O,0.006999930000699994
SYSTEM,8,LEU,N,SYSTEM,1,MET,O,0.001999980000199998
SYSTEM,161,ALA,N,SYSTEM,162,GLU,O,0.02099979000209998
SYSTEM,160,ALA,N,SYSTEM,162,GLU,O,0.016999830001699984
SYSTEM,1,MET,N,SYSTEM,46,VAL,O,0.0049999500004999945
SYSTEM,1,MET,N,SYSTEM,46,VAL,O,0.007999920000799993
SYSTEM,48,GLN,N,SYSTEM,46,VAL,O,0.001999980000199998
SYSTEM,159,ALA,N,SYSTEM,162,GLU,O,0.061999380006199936
SYSTEM,33,ASN,N,SYSTEM,28,SER,O,0.00899991000089999
SYSTEM,157,ASN,N,SYSTEM,158,ASN,O,0.060999390006099934
SYSTEM,1,MET,N,SYSTEM,41,THR,O,1.982980170198298
SYSTEM,1,MET,N,SYSTEM,41,THR,O,2.1889781102188977
SYSTEM,40,GLY,N,SYSTEM,41,THR,O,0.02999970000299997
SYSTEM,3,GLN,N,SYSTEM,41,THR,O,0.9479905200947991
SYSTEM,2,SER,N,SYSTEM,41,THR,O,0.39699603003969963
SYSTEM,40,GLY,N,SYSTEM,3,GLN,O,1.1959880401195988
SYSTEM,41,THR,N,SYSTEM,2,SER,O,0.061999380006199936
SYSTEM,2,SER,N,SYSTEM,40,GLY,O,0.007999920000799993
SYSTEM,7,GLU,N,SYSTEM,33,ASN,O,0.18899811001889982
SYSTEM,117,LYS,N,SYSTEM,112,VAL,O,0.000999990000099999
SYSTEM,50,LEU,N,SYSTEM,45,ALA,O,0.000999990000099999
SYSTEM,35,THR,N,SYSTEM,3,GLN,O,0.17099829001709985
SYSTEM,6,ARG,N,SYSTEM,33,ASN,O,0.00899991000089999
SYSTEM,167,GLN,N,SYSTEM,167,GLN,O,0.0059999400005999945
SYSTEM,41,THR,N,SYSTEM,1,MET,O,0.18299817001829982
SYSTEM,47,LYS,N,SYSTEM,45,ALA,O,0.000999990000099999
SYSTEM,103,PHE,N,SYSTEM,101,VAL,O,0.000999990000099999
SYSTEM,34,ARG,N,SYSTEM,35,THR,O,0.0049999500004999945
SYSTEM,41,THR,N,SYSTEM,41,THR,O,0.014999850001499985
SYSTEM,3,GLN,N,SYSTEM,39,GLU,O,0.007999920000799993
SYSTEM,3,GLN,N,SYSTEM,40,GLY,O,0.006999930000699994
SYSTEM,41,THR,N,SYSTEM,38,PRO,O,10.443895561044389
SYSTEM,42,GLU,N,SYSTEM,38,PRO,O,1.1269887301126988
SYSTEM,155,TYR,N,SYSTEM,153,GLU,O,0.0029999700002999972
SYSTEM,10,VAL,N,SYSTEM,5,ASN,O,0.007999920000799993
SYSTEM,11,ASP,N,SYSTEM,6,ARG,O,0.12299877001229988
SYSTEM,42,GLU,N,SYSTEM,37,ALA,O,0.000999990000099999
SYSTEM,40,GLY,N,SYSTEM,42,GLU,O,0.01799982000179998
SYSTEM,169,ARG,N,SYSTEM,158,ASN,O,0.014999850001499985
SYSTEM,92,ARG,N,SYSTEM,87,VAL,O,0.001999980000199998
SYSTEM,128,ALA,N,SYSTEM,126,ILE,O,0.000999990000099999
SYSTEM,43,SER,N,SYSTEM,43,SER,O,0.001999980000199998
SYSTEM,98,GLY,N,SYSTEM,168,GLU,O,0.000999990000099999
SYSTEM,35,THR,N,SYSTEM,36,GLU,O,0.003999960000399996
SYSTEM,41,THR,N,SYSTEM,37,ALA,O,1.8139818601813982
SYSTEM,42,GLU,N,SYSTEM,42,GLU,O,0.007999920000799993
SYSTEM,40,GLY,N,SYSTEM,37,ALA,O,6.567934320656793
SYSTEM,1,MET,N,SYSTEM,139,GLU,O,0.05099949000509995
SYSTEM,36,GLU,N,SYSTEM,3,GLN,O,0.39899601003989965
SYSTEM,159,ALA,N,SYSTEM,155,TYR,O,0.003999960000399996
SYSTEM,1,MET,N,SYSTEM,139,GLU,O,0.03899961000389996
SYSTEM,37,ALA,N,SYSTEM,3,GLN,O,0.056999430005699944
SYSTEM,169,ARG,N,SYSTEM,160,ALA,O,0.16199838001619984
SYSTEM,35,THR,N,SYSTEM,37,ALA,O,0.001999980000199998
SYSTEM,160,ALA,N,SYSTEM,167,GLN,O,0.003999960000399996
SYSTEM,138,LEU,N,SYSTEM,136,ASP,O,0.000999990000099999
SYSTEM,40,GLY,N,SYSTEM,36,GLU,O,0.000999990000099999
SYSTEM,73,HIS,N,SYSTEM,73,HIS,O,0.000999990000099999
SYSTEM,39,GLU,N,SYSTEM,40,GLY,O,0.003999960000399996
SYSTEM,36,GLU,N,SYSTEM,36,GLU,O,0.0049999500004999945
SYSTEM,149,ASP,N,SYSTEM,1,MET,O,0.0029999700002999972
SYSTEM,1,MET,N,SYSTEM,142,ILE,O,0.09299907000929991
SYSTEM,1,MET,N,SYSTEM,142,ILE,O,0.11999880001199988
SYSTEM,78,THR,N,SYSTEM,78,THR,O,0.000999990000099999
SYSTEM,41,THR,N,SYSTEM,36,GLU,O,0.001999980000199998
SYSTEM,56,GLU,N,SYSTEM,159,ALA,O,0.000999990000099999
SYSTEM,160,ALA,N,SYSTEM,52,GLU,O,0.000999990000099999
SYSTEM,39,GLU,N,SYSTEM,41,THR,O,0.14199858001419985
SYSTEM,1,MET,N,SYSTEM,146,GLY,O,0.5469945300546994
SYSTEM,168,GLU,N,SYSTEM,60,ARG,O,0.0029999700002999972
SYSTEM,115,VAL,N,SYSTEM,113,GLU,O,0.000999990000099999
SYSTEM,160,ALA,N,SYSTEM,154,LEU,O,0.2999970000299997
SYSTEM,98,GLY,N,SYSTEM,169,ARG,O,0.27899721002789973
SYSTEM,97,TRP,N,SYSTEM,169,ARG,O,0.0049999500004999945
SYSTEM,97,TRP,N,SYSTEM,168,GLU,O,0.015999840001599985
SYSTEM,99,ARG,N,SYSTEM,169,ARG,O,0.000999990000099999
SYSTEM,37,ALA,N,SYSTEM,41,THR,O,0.001999980000199998
SYSTEM,40,GLY,N,SYSTEM,34,ARG,O,0.0059999400005999945
SYSTEM,49,ALA,N,SYSTEM,47,LYS,O,0.001999980000199998
SYSTEM,43,SER,N,SYSTEM,4,SER,O,0.05099949000509995
SYSTEM,161,ALA,N,SYSTEM,163,SER,O,0.0029999700002999972
SYSTEM,158,ASN,N,SYSTEM,169,ARG,O,0.011999880001199989
SYSTEM,163,SER,N,SYSTEM,166,GLY,O,0.0029999700002999972
SYSTEM,165,LYS,N,SYSTEM,166,GLY,O,0.011999880001199989
SYSTEM,39,GLU,N,SYSTEM,34,ARG,O,0.0029999700002999972
SYSTEM,165,LYS,N,SYSTEM,169,ARG,O,0.10099899001009989
SYSTEM,166,GLY,N,SYSTEM,166,GLY,O,0.000999990000099999
SYSTEM,159,ALA,N,SYSTEM,164,ARG,O,0.2919970800291997
SYSTEM,166,GLY,N,SYSTEM,157,ASN,O,0.2859971400285997
SYSTEM,159,ALA,N,SYSTEM,166,GLY,O,0.003999960000399996
SYSTEM,164,ARG,N,SYSTEM,159,ALA,O,0.0049999500004999945
SYSTEM,1,MET,N,SYSTEM,146,GLY,O,0.5159948400515995
SYSTEM,167,GLN,N,SYSTEM,157,ASN,O,0.03899961000389996
SYSTEM,166,GLY,N,SYSTEM,158,ASN,O,0.000999990000099999
SYSTEM,147,GLY,N,SYSTEM,1,MET,O,0.001999980000199998
SYSTEM,1,MET,N,SYSTEM,143,GLN,O,0.061999380006199936
SYSTEM,3,GLN,N,SYSTEM,3,GLN,O,0.001999980000199998
SYSTEM,11,ASP,N,SYSTEM,9,VAL,O,0.000999990000099999
SYSTEM,1,MET,N,SYSTEM,143,GLN,O,0.047999520004799956
SYSTEM,93,ASP,N,SYSTEM,93,ASP,O,0.000999990000099999
SYSTEM,4,SER,N,SYSTEM,41,THR,O,0.011999880001199989
SYSTEM,2,SER,N,SYSTEM,3,GLN,O,0.010999890001099988
SYSTEM,46,VAL,N,SYSTEM,44,GLU,O,0.0059999400005999945
SYSTEM,3,GLN,N,SYSTEM,146,GLY,O,0.000999990000099999
SYSTEM,130,MET,N,SYSTEM,125,ARG,O,0.000999990000099999
SYSTEM,1,MET,N,SYSTEM,39,GLU,O,0.10099899001009989
SYSTEM,2,SER,N,SYSTEM,146,GLY,O,0.0059999400005999945
SYSTEM,42,GLU,N,SYSTEM,43,SER,O,0.0049999500004999945
SYSTEM,102,ALA,N,SYSTEM,97,TRP,O,0.000999990000099999
SYSTEM,39,GLU,N,SYSTEM,2,SER,O,0.00899991000089999
SYSTEM,163,SER,N,SYSTEM,52,GLU,O,0.000999990000099999
SYSTEM,42,GLU,N,SYSTEM,2,SER,O,0.0049999500004999945
SYSTEM,56,GLU,N,SYSTEM,163,SER,O,0.001999980000199998
SYSTEM,55,ASP,N,SYSTEM,163,SER,O,0.0029999700002999972
SYSTEM,158,ASN,N,SYSTEM,161,ALA,O,0.0029999700002999972
SYSTEM,39,GLU,N,SYSTEM,1,MET,O,0.07899921000789992
SYSTEM,164,ARG,N,SYSTEM,52,GLU,O,0.007999920000799993
SYSTEM,1,MET,N,SYSTEM,37,ALA,O,0.027999720002799974
SYSTEM,1,MET,N,SYSTEM,37,ALA,O,0.006999930000699994
SYSTEM,116,ASP,N,SYSTEM,111,CYS,O,0.000999990000099999
SYSTEM,1,MET,N,SYSTEM,36,GLU,O,0.000999990000099999
SYSTEM,165,LYS,N,SYSTEM,168,GLU,O,0.000999990000099999
