A,609,MET,sidechain,B,82,SER,sidechain,4.289641644189246
A,609,MET,sidechain,B,86,VAL,sidechain,2.5305930100408855
A,612,LEU,sidechain,B,71,GLN,sidechain,3.752286761302821
A,613,SER,sidechain,B,86,VAL,sidechain,4.030581453021379
A,613,SER,sidechain,B,89,GLU,sidechain,3.796494924448071
A,615,ARG,sidechain,B,61,TYR,sidechain,5.18885678428534
A,615,ARG,sidechain,B,65,PHE,sidechain,17.706892694141597
A,615,ARG,sidechain,B,71,GLN,sidechain,7.101398024806752
A,616,LEU,sidechain,B,102,ALA,sidechain,1.8147537742155841
A,616,LEU,sidechain,B,106,PHE,sidechain,5.867441452417737
A,617,LYS,sidechain,B,89,GLU,sidechain,6.509135607061463
A,617,LYS,sidechain,B,93,ASP,sidechain,11.282241091450935
A,617,LYS,sidechain,B,99,ARG,sidechain,10.127536653651264
A,619,THR,sidechain,B,57,PHE,sidechain,6.430688951163811
A,619,THR,sidechain,B,61,TYR,sidechain,4.926195681728329
A,621,ASP,sidechain,B,96,ASN,sidechain,4.708893112848256
A,621,ASP,sidechain,B,99,ARG,sidechain,12.871583764142741
A,623,PHE,sidechain,B,56,GLU,sidechain,4.196907898999268
A,623,PHE,sidechain,B,57,PHE,sidechain,9.985592719857591
A,623,PHE,sidechain,B,101,VAL,sidechain,6.061862739491806
A,623,PHE,sidechain,B,155,TYR,sidechain,7.491929829143746
A,624,ASP,sidechain,B,96,ASN,sidechain,14.791498461306581
A,626,MET,sidechain,B,60,ARG,sidechain,6.437325880074084
A,627,SER,sidechain,B,155,TYR,sidechain,4.835212172266905
B,5,ASN,sidechain,B,134,LEU,sidechain,5.425672635308029
B,5,ASN,sidechain,B,135,ASN,sidechain,5.1361227411040264
B,5,ASN,sidechain,B,139,GLU,sidechain,6.95043634721033
B,5,ASN,sidechain,B,148,TRP,sidechain,3.699122217328135
B,7,GLU,sidechain,B,43,SER,sidechain,4.500766035713152
B,7,GLU,sidechain,B,47,LYS,sidechain,8.006543910985423
B,8,LEU,sidechain,B,46,VAL,sidechain,2.6780732280390054
B,8,LEU,sidechain,B,148,TRP,sidechain,4.103275656819619
B,9,VAL,sidechain,B,130,MET,sidechain,5.102100446166365
B,10,VAL,sidechain,B,24,TRP,sidechain,5.237991779364453
B,11,ASP,sidechain,B,47,LYS,sidechain,11.983492614893386
B,11,ASP,sidechain,B,51,ARG,sidechain,6.452699730839637
B,12,PHE,sidechain,B,16,LYS,sidechain,5.420501726858629
B,12,PHE,sidechain,B,50,LEU,sidechain,4.179724014921586
B,12,PHE,sidechain,B,104,PHE,sidechain,7.203099823136469
B,13,LEU,sidechain,B,24,TRP,sidechain,3.2604029811939754
B,13,LEU,sidechain,B,111,CYS,sidechain,5.175061577019384
B,14,SER,sidechain,B,24,TRP,sidechain,4.1798770633941915
B,15,TYR,sidechain,B,19,GLN,sidechain,6.055880239395819
B,15,TYR,sidechain,B,51,ARG,sidechain,16.306436334038022
B,15,TYR,sidechain,B,55,ASP,sidechain,6.048840742154262
B,16,LYS,sidechain,B,12,PHE,sidechain,5.420501726858629
B,16,LYS,sidechain,B,19,GLN,sidechain,6.163492500561096
B,16,LYS,sidechain,B,55,ASP,sidechain,3.2492334488131056
B,16,LYS,sidechain,B,58,GLU,sidechain,6.500603904455114
B,17,LEU,sidechain,B,22,TYR,sidechain,2.349669684411225
B,19,GLN,sidechain,B,15,TYR,sidechain,6.055880239395819
B,19,GLN,sidechain,B,16,LYS,sidechain,6.163492500561096
B,20,LYS,sidechain,B,112,VAL,sidechain,4.459408666750155
B,22,TYR,sidechain,B,17,LEU,sidechain,2.349669684411225
B,22,TYR,sidechain,B,115,VAL,sidechain,8.505855917516818
B,23,SER,sidechain,B,25,SER,sidechain,2.960377337556598
B,24,TRP,sidechain,B,10,VAL,sidechain,5.237991779364453
B,24,TRP,sidechain,B,13,LEU,sidechain,3.2604029811939754
B,24,TRP,sidechain,B,14,SER,sidechain,4.1798770633941915
B,24,TRP,sidechain,B,28,SER,sidechain,7.998766148016159
B,25,SER,sidechain,B,23,SER,sidechain,2.960377337556598
B,27,PHE,sidechain,B,115,VAL,sidechain,3.929141198719326
B,27,PHE,sidechain,B,120,GLN,sidechain,5.138610149640351
B,27,PHE,sidechain,B,123,VAL,sidechain,5.268659584945391
B,28,SER,sidechain,B,24,TRP,sidechain,7.998766148016159
B,43,SER,sidechain,B,7,GLU,sidechain,4.500766035713152
B,44,GLU,sidechain,B,47,LYS,sidechain,6.770823985228756
B,46,VAL,sidechain,B,8,LEU,sidechain,2.6780732280390054
B,46,VAL,sidechain,B,148,TRP,sidechain,9.57447425635777
B,47,LYS,sidechain,B,7,GLU,sidechain,8.006543910985423
B,47,LYS,sidechain,B,11,ASP,sidechain,11.983492614893386
B,47,LYS,sidechain,B,44,GLU,sidechain,6.770823985228756
B,50,LEU,sidechain,B,12,PHE,sidechain,4.179724014921586
B,50,LEU,sidechain,B,104,PHE,sidechain,9.362839501112324
B,51,ARG,sidechain,B,11,ASP,sidechain,6.452699730839637
B,51,ARG,sidechain,B,15,TYR,sidechain,16.306436334038022
B,53,ALA,sidechain,B,101,VAL,sidechain,2.4063246554355175
B,53,ALA,sidechain,B,155,TYR,sidechain,4.78356502972864
B,55,ASP,sidechain,B,15,TYR,sidechain,6.048840742154262
B,55,ASP,sidechain,B,16,LYS,sidechain,3.2492334488131056
B,56,GLU,sidechain,A,623,PHE,sidechain,4.196907898999268
B,56,GLU,sidechain,B,60,ARG,sidechain,6.035141645772456
B,57,PHE,sidechain,A,619,THR,sidechain,6.430688951163811
B,57,PHE,sidechain,A,623,PHE,sidechain,9.985592719857591
B,57,PHE,sidechain,B,101,VAL,sidechain,4.410254108621168
B,57,PHE,sidechain,B,102,ALA,sidechain,3.686798086014835
B,57,PHE,sidechain,B,105,SER,sidechain,8.061142583768968
B,58,GLU,sidechain,B,16,LYS,sidechain,6.500603904455114
B,58,GLU,sidechain,B,62,ARG,sidechain,3.720879071148173
B,59,LEU,sidechain,B,63,ARG,sidechain,6.278740909461722
B,60,ARG,sidechain,A,626,MET,sidechain,6.437325880074084
B,60,ARG,sidechain,B,56,GLU,sidechain,6.035141645772456
B,61,TYR,sidechain,A,615,ARG,sidechain,5.18885678428534
B,61,TYR,sidechain,A,619,THR,sidechain,4.926195681728329
B,61,TYR,sidechain,B,65,PHE,sidechain,9.529069284816515
B,61,TYR,sidechain,B,68,LEU,sidechain,8.868229168993922
B,61,TYR,sidechain,B,71,GLN,sidechain,6.914301908697483
B,62,ARG,sidechain,B,58,GLU,sidechain,3.720879071148173
B,62,ARG,sidechain,B,67,ASP,sidechain,11.972960486630212
B,63,ARG,sidechain,B,59,LEU,sidechain,6.278740909461722
B,65,PHE,sidechain,A,615,ARG,sidechain,17.706892694141597
B,65,PHE,sidechain,B,61,TYR,sidechain,9.529069284816515
B,67,ASP,sidechain,B,62,ARG,sidechain,11.972960486630212
B,68,LEU,sidechain,B,61,TYR,sidechain,8.868229168993922
B,68,LEU,sidechain,B,109,ALA,sidechain,3.1024737977795835
B,69,THR,sidechain,B,113,GLU,sidechain,4.44685716478414
B,71,GLN,sidechain,A,612,LEU,sidechain,3.752286761302821
B,71,GLN,sidechain,A,615,ARG,sidechain,7.101398024806752
B,71,GLN,sidechain,B,61,TYR,sidechain,6.914301908697483
B,75,THR,sidechain,B,78,THR,sidechain,5.268400794780533
B,76,PRO,sidechain,B,119,MET,sidechain,4.973363823088461
B,78,THR,sidechain,B,75,THR,sidechain,5.268400794780533
B,80,TYR,sidechain,B,125,ARG,sidechain,7.658101622084523
B,80,TYR,sidechain,B,129,TRP,sidechain,8.909048675497894
B,82,SER,sidechain,A,609,MET,sidechain,4.289641644189246
B,83,PHE,sidechain,B,87,VAL,sidechain,4.62631053554746
B,83,PHE,sidechain,B,106,PHE,sidechain,4.013926478889918
B,83,PHE,sidechain,B,110,LEU,sidechain,2.90221973648368
B,83,PHE,sidechain,B,129,TRP,sidechain,7.094109304631535
B,86,VAL,sidechain,A,609,MET,sidechain,2.5305930100408855
B,86,VAL,sidechain,A,613,SER,sidechain,4.030581453021379
B,86,VAL,sidechain,B,106,PHE,sidechain,6.760578894569481
B,87,VAL,sidechain,B,83,PHE,sidechain,4.62631053554746
B,87,VAL,sidechain,B,103,PHE,sidechain,5.816587178019415
B,87,VAL,sidechain,B,133,TYR,sidechain,7.217429767950283
B,88,ASN,sidechain,B,133,TYR,sidechain,5.853726671058531
B,89,GLU,sidechain,A,613,SER,sidechain,3.796494924448071
B,89,GLU,sidechain,A,617,LYS,sidechain,6.509135607061463
B,89,GLU,sidechain,B,92,ARG,sidechain,12.738201669789376
B,90,LEU,sidechain,B,99,ARG,sidechain,2.9050102078666775
B,91,PHE,sidechain,B,95,VAL,sidechain,5.308680229975579
B,91,PHE,sidechain,B,103,PHE,sidechain,5.949278293178863
B,91,PHE,sidechain,B,133,TYR,sidechain,5.590425686517192
B,91,PHE,sidechain,B,138,LEU,sidechain,9.058985570068423
B,92,ARG,sidechain,B,89,GLU,sidechain,12.738201669789376
B,93,ASP,sidechain,A,617,LYS,sidechain,11.282241091450935
B,93,ASP,sidechain,B,99,ARG,sidechain,10.552284300572317
B,95,VAL,sidechain,B,91,PHE,sidechain,5.308680229975579
B,95,VAL,sidechain,B,141,TRP,sidechain,15.707919757064547
B,96,ASN,sidechain,A,621,ASP,sidechain,4.708893112848256
B,96,ASN,sidechain,A,624,ASP,sidechain,14.791498461306581
B,96,ASN,sidechain,B,99,ARG,sidechain,12.081770873188821
B,97,TRP,sidechain,B,141,TRP,sidechain,11.495747389412394
B,97,TRP,sidechain,B,142,ILE,sidechain,4.161870633644577
B,97,TRP,sidechain,B,148,TRP,sidechain,5.185959780188258
B,97,TRP,sidechain,B,150,THR,sidechain,3.709544160016031
B,97,TRP,sidechain,B,151,PHE,sidechain,9.237219516518708
B,99,ARG,sidechain,A,617,LYS,sidechain,10.127536653651264
B,99,ARG,sidechain,A,621,ASP,sidechain,12.871583764142741
B,99,ARG,sidechain,B,90,LEU,sidechain,2.9050102078666775
B,99,ARG,sidechain,B,93,ASP,sidechain,10.552284300572317
B,99,ARG,sidechain,B,96,ASN,sidechain,12.081770873188821
B,101,VAL,sidechain,A,623,PHE,sidechain,6.061862739491806
B,101,VAL,sidechain,B,53,ALA,sidechain,2.4063246554355175
B,101,VAL,sidechain,B,57,PHE,sidechain,4.410254108621168
B,102,ALA,sidechain,A,616,LEU,sidechain,1.8147537742155841
B,102,ALA,sidechain,B,57,PHE,sidechain,3.686798086014835
B,103,PHE,sidechain,B,87,VAL,sidechain,5.816587178019415
B,103,PHE,sidechain,B,91,PHE,sidechain,5.949278293178863
B,103,PHE,sidechain,B,130,MET,sidechain,6.086516333372972
B,103,PHE,sidechain,B,133,TYR,sidechain,4.007714558539982
B,104,PHE,sidechain,B,12,PHE,sidechain,7.203099823136469
B,104,PHE,sidechain,B,50,LEU,sidechain,9.362839501112324
B,104,PHE,sidechain,B,130,MET,sidechain,2.8915331300656235
B,105,SER,sidechain,B,57,PHE,sidechain,8.061142583768968
B,106,PHE,sidechain,A,616,LEU,sidechain,5.867441452417737
B,106,PHE,sidechain,B,83,PHE,sidechain,4.013926478889918
B,106,PHE,sidechain,B,86,VAL,sidechain,6.760578894569481
B,109,ALA,sidechain,B,68,LEU,sidechain,3.1024737977795835
B,110,LEU,sidechain,B,83,PHE,sidechain,2.90221973648368
B,110,LEU,sidechain,B,126,ILE,sidechain,3.6284037932871915
B,111,CYS,sidechain,B,13,LEU,sidechain,5.175061577019384
B,111,CYS,sidechain,B,123,VAL,sidechain,2.746971975869171
B,112,VAL,sidechain,B,20,LYS,sidechain,4.459408666750155
B,113,GLU,sidechain,B,69,THR,sidechain,4.44685716478414
B,113,GLU,sidechain,B,117,LYS,sidechain,6.182581989943323
B,114,SER,sidechain,B,122,LEU,sidechain,3.6285029458396614
B,115,VAL,sidechain,B,22,TYR,sidechain,8.505855917516818
B,115,VAL,sidechain,B,27,PHE,sidechain,3.929141198719326
B,117,LYS,sidechain,B,113,GLU,sidechain,6.182581989943323
B,119,MET,sidechain,B,76,PRO,sidechain,4.973363823088461
B,119,MET,sidechain,B,122,LEU,sidechain,3.5769579097940913
B,120,GLN,sidechain,B,27,PHE,sidechain,5.138610149640351
B,122,LEU,sidechain,B,114,SER,sidechain,3.6285029458396614
B,122,LEU,sidechain,B,119,MET,sidechain,3.5769579097940913
B,123,VAL,sidechain,B,27,PHE,sidechain,5.268659584945391
B,123,VAL,sidechain,B,111,CYS,sidechain,2.746971975869171
B,125,ARG,sidechain,B,80,TYR,sidechain,7.658101622084523
B,126,ILE,sidechain,B,110,LEU,sidechain,3.6284037932871915
B,129,TRP,sidechain,B,80,TYR,sidechain,8.909048675497894
B,129,TRP,sidechain,B,83,PHE,sidechain,7.094109304631535
B,129,TRP,sidechain,B,133,TYR,sidechain,5.364841011557534
B,130,MET,sidechain,B,9,VAL,sidechain,5.102100446166365
B,130,MET,sidechain,B,103,PHE,sidechain,6.086516333372972
B,130,MET,sidechain,B,104,PHE,sidechain,2.8915331300656235
B,133,TYR,sidechain,B,87,VAL,sidechain,7.217429767950283
B,133,TYR,sidechain,B,88,ASN,sidechain,5.853726671058531
B,133,TYR,sidechain,B,91,PHE,sidechain,5.590425686517192
B,133,TYR,sidechain,B,103,PHE,sidechain,4.007714558539982
B,133,TYR,sidechain,B,129,TRP,sidechain,5.364841011557534
B,133,TYR,sidechain,B,137,HIS,sidechain,17.61352857095935
B,133,TYR,sidechain,B,138,LEU,sidechain,4.103994685983441
B,134,LEU,sidechain,B,5,ASN,sidechain,5.425672635308029
B,135,ASN,sidechain,B,5,ASN,sidechain,5.1361227411040264
B,135,ASN,sidechain,B,139,GLU,sidechain,3.082089425202627
B,137,HIS,sidechain,B,133,TYR,sidechain,17.61352857095935
B,138,LEU,sidechain,B,91,PHE,sidechain,9.058985570068423
B,138,LEU,sidechain,B,133,TYR,sidechain,4.103994685983441
B,139,GLU,sidechain,B,5,ASN,sidechain,6.95043634721033
B,139,GLU,sidechain,B,135,ASN,sidechain,3.082089425202627
B,141,TRP,sidechain,B,95,VAL,sidechain,15.707919757064547
B,141,TRP,sidechain,B,97,TRP,sidechain,11.495747389412394
B,141,TRP,sidechain,B,145,ASN,sidechain,18.390419671325116
B,142,ILE,sidechain,B,97,TRP,sidechain,4.161870633644577
B,142,ILE,sidechain,B,148,TRP,sidechain,7.923295118759578
B,145,ASN,sidechain,B,141,TRP,sidechain,18.390419671325116
B,148,TRP,sidechain,B,5,ASN,sidechain,3.699122217328135
B,148,TRP,sidechain,B,8,LEU,sidechain,4.103275656819619
B,148,TRP,sidechain,B,46,VAL,sidechain,9.57447425635777
B,148,TRP,sidechain,B,97,TRP,sidechain,5.185959780188258
B,148,TRP,sidechain,B,142,ILE,sidechain,7.923295118759578
B,148,TRP,sidechain,B,151,PHE,sidechain,5.650884264908767
B,150,THR,sidechain,B,97,TRP,sidechain,3.709544160016031
B,151,PHE,sidechain,B,97,TRP,sidechain,9.237219516518708
B,151,PHE,sidechain,B,148,TRP,sidechain,5.650884264908767
B,151,PHE,sidechain,B,155,TYR,sidechain,8.34415572412779
B,155,TYR,sidechain,A,623,PHE,sidechain,7.491929829143746
B,155,TYR,sidechain,A,627,SER,sidechain,4.835212172266905
B,155,TYR,sidechain,B,53,ALA,sidechain,4.78356502972864
B,155,TYR,sidechain,B,151,PHE,sidechain,8.34415572412779
