SYSTEM,5,ASN,sidechain,SYSTEM,134,LEU,sidechain,5.180193926436939
SYSTEM,5,ASN,sidechain,SYSTEM,135,ASN,sidechain,5.4483535606325315
SYSTEM,5,ASN,sidechain,SYSTEM,139,GLU,sidechain,5.576917641751215
SYSTEM,5,ASN,sidechain,SYSTEM,148,TRP,sidechain,3.1342409274516485
SYSTEM,7,GLU,sidechain,SYSTEM,47,LYS,sidechain,4.993219448282049
SYSTEM,8,LEU,sidechain,SYSTEM,148,TRP,sidechain,4.606769307730965
SYSTEM,9,VAL,sidechain,SYSTEM,130,MET,sidechain,4.926042125495267
SYSTEM,10,VAL,sidechain,SYSTEM,24,TRP,sidechain,5.969638356485707
SYSTEM,11,ASP,sidechain,SYSTEM,47,LYS,sidechain,10.527690580966777
SYSTEM,11,ASP,sidechain,SYSTEM,51,ARG,sidechain,6.7837576728285365
SYSTEM,12,PHE,sidechain,SYSTEM,16,LYS,sidechain,4.681482272274765
SYSTEM,12,PHE,sidechain,SYSTEM,50,LEU,sidechain,4.443509028044919
SYSTEM,12,PHE,sidechain,SYSTEM,104,PHE,sidechain,6.787149114797192
SYSTEM,13,LEU,sidechain,SYSTEM,24,TRP,sidechain,4.606826252429265
SYSTEM,13,LEU,sidechain,SYSTEM,111,CYS,sidechain,4.158223576510634
SYSTEM,14,SER,sidechain,SYSTEM,24,TRP,sidechain,6.40943311354128
SYSTEM,15,TYR,sidechain,SYSTEM,19,GLN,sidechain,5.788692972084183
SYSTEM,15,TYR,sidechain,SYSTEM,51,ARG,sidechain,18.063070161929744
SYSTEM,16,LYS,sidechain,SYSTEM,12,PHE,sidechain,4.681482272274765
SYSTEM,16,LYS,sidechain,SYSTEM,58,GLU,sidechain,7.015124969481249
SYSTEM,17,LEU,sidechain,SYSTEM,22,TYR,sidechain,2.6133998648609977
SYSTEM,19,GLN,sidechain,SYSTEM,15,TYR,sidechain,5.788692972084183
SYSTEM,20,LYS,sidechain,SYSTEM,112,VAL,sidechain,3.8626991161253
SYSTEM,22,TYR,sidechain,SYSTEM,17,LEU,sidechain,2.6133998648609977
SYSTEM,22,TYR,sidechain,SYSTEM,115,VAL,sidechain,8.585407087969356
SYSTEM,23,SER,sidechain,SYSTEM,25,SER,sidechain,2.6638558527366265
SYSTEM,24,TRP,sidechain,SYSTEM,10,VAL,sidechain,5.969638356485707
SYSTEM,24,TRP,sidechain,SYSTEM,13,LEU,sidechain,4.606826252429265
SYSTEM,24,TRP,sidechain,SYSTEM,14,SER,sidechain,6.40943311354128
SYSTEM,24,TRP,sidechain,SYSTEM,28,SER,sidechain,7.472826752153238
SYSTEM,25,SER,sidechain,SYSTEM,23,SER,sidechain,2.6638558527366265
SYSTEM,27,PHE,sidechain,SYSTEM,115,VAL,sidechain,4.465087504679817
SYSTEM,27,PHE,sidechain,SYSTEM,120,GLN,sidechain,4.384868780027948
SYSTEM,27,PHE,sidechain,SYSTEM,123,VAL,sidechain,8.035393086929103
SYSTEM,28,SER,sidechain,SYSTEM,24,TRP,sidechain,7.472826752153238
SYSTEM,32,GLU,sidechain,SYSTEM,34,ARG,sidechain,12.05688561482529
SYSTEM,34,ARG,sidechain,SYSTEM,32,GLU,sidechain,12.05688561482529
SYSTEM,39,GLU,sidechain,SYSTEM,47,LYS,sidechain,4.969662769411494
SYSTEM,46,VAL,sidechain,SYSTEM,148,TRP,sidechain,5.809888696713005
SYSTEM,47,LYS,sidechain,SYSTEM,7,GLU,sidechain,4.993219448282049
SYSTEM,47,LYS,sidechain,SYSTEM,11,ASP,sidechain,10.527690580966777
SYSTEM,47,LYS,sidechain,SYSTEM,39,GLU,sidechain,4.969662769411494
SYSTEM,50,LEU,sidechain,SYSTEM,12,PHE,sidechain,4.443509028044919
SYSTEM,50,LEU,sidechain,SYSTEM,104,PHE,sidechain,5.706240176563506
SYSTEM,51,ARG,sidechain,SYSTEM,11,ASP,sidechain,6.7837576728285365
SYSTEM,51,ARG,sidechain,SYSTEM,15,TYR,sidechain,18.063070161929744
SYSTEM,52,GLU,sidechain,SYSTEM,169,ARG,sidechain,5.207858368136705
SYSTEM,53,ALA,sidechain,SYSTEM,155,TYR,sidechain,3.678105144192556
SYSTEM,56,GLU,sidechain,SYSTEM,60,ARG,sidechain,6.101792761472646
SYSTEM,56,GLU,sidechain,SYSTEM,169,ARG,sidechain,8.087568027961227
SYSTEM,57,PHE,sidechain,SYSTEM,60,ARG,sidechain,5.8759834470684895
SYSTEM,57,PHE,sidechain,SYSTEM,61,TYR,sidechain,3.1321349219210224
SYSTEM,57,PHE,sidechain,SYSTEM,101,VAL,sidechain,8.363279229791265
SYSTEM,57,PHE,sidechain,SYSTEM,155,TYR,sidechain,4.319647927350157
SYSTEM,58,GLU,sidechain,SYSTEM,16,LYS,sidechain,7.015124969481249
SYSTEM,58,GLU,sidechain,SYSTEM,105,SER,sidechain,3.9686995966157785
SYSTEM,60,ARG,sidechain,SYSTEM,56,GLU,sidechain,6.101792761472646
SYSTEM,60,ARG,sidechain,SYSTEM,57,PHE,sidechain,5.8759834470684895
SYSTEM,60,ARG,sidechain,SYSTEM,168,GLU,sidechain,5.316970349898934
SYSTEM,61,TYR,sidechain,SYSTEM,57,PHE,sidechain,3.1321349219210224
SYSTEM,61,TYR,sidechain,SYSTEM,65,PHE,sidechain,3.6407905551689077
SYSTEM,61,TYR,sidechain,SYSTEM,99,ARG,sidechain,8.353880192197966
SYSTEM,61,TYR,sidechain,SYSTEM,102,ALA,sidechain,4.468718268588834
SYSTEM,65,PHE,sidechain,SYSTEM,61,TYR,sidechain,3.6407905551689077
SYSTEM,65,PHE,sidechain,SYSTEM,106,PHE,sidechain,8.630130549945223
SYSTEM,68,LEU,sidechain,SYSTEM,106,PHE,sidechain,8.138776685235097
SYSTEM,71,GLN,sidechain,SYSTEM,86,VAL,sidechain,3.7659435151922316
SYSTEM,72,LEU,sidechain,SYSTEM,86,VAL,sidechain,3.6698280613389467
SYSTEM,73,HIS,sidechain,SYSTEM,75,THR,sidechain,4.335613886760459
SYSTEM,75,THR,sidechain,SYSTEM,73,HIS,sidechain,4.335613886760459
SYSTEM,76,PRO,sidechain,SYSTEM,119,MET,sidechain,4.52995649257141
SYSTEM,80,TYR,sidechain,SYSTEM,84,GLU,sidechain,7.858720709278623
SYSTEM,80,TYR,sidechain,SYSTEM,129,TRP,sidechain,9.391777970086633
SYSTEM,80,TYR,sidechain,SYSTEM,132,THR,sidechain,7.9040542498871975
SYSTEM,83,PHE,sidechain,SYSTEM,87,VAL,sidechain,5.92896745638653
SYSTEM,83,PHE,sidechain,SYSTEM,129,TRP,sidechain,14.76432404373763
SYSTEM,84,GLU,sidechain,SYSTEM,80,TYR,sidechain,7.858720709278623
SYSTEM,84,GLU,sidechain,SYSTEM,137,HIS,sidechain,4.581861017191058
SYSTEM,86,VAL,sidechain,SYSTEM,71,GLN,sidechain,3.7659435151922316
SYSTEM,86,VAL,sidechain,SYSTEM,72,LEU,sidechain,3.6698280613389467
SYSTEM,87,VAL,sidechain,SYSTEM,83,PHE,sidechain,5.92896745638653
SYSTEM,87,VAL,sidechain,SYSTEM,103,PHE,sidechain,5.838596566491163
SYSTEM,87,VAL,sidechain,SYSTEM,133,TYR,sidechain,10.150048023183254
SYSTEM,88,ASN,sidechain,SYSTEM,133,TYR,sidechain,5.6030166476445205
SYSTEM,89,GLU,sidechain,SYSTEM,92,ARG,sidechain,11.824205651157786
SYSTEM,91,PHE,sidechain,SYSTEM,95,VAL,sidechain,4.527641883351756
SYSTEM,91,PHE,sidechain,SYSTEM,99,ARG,sidechain,2.6876103108184717
SYSTEM,91,PHE,sidechain,SYSTEM,103,PHE,sidechain,4.592626529104731
SYSTEM,91,PHE,sidechain,SYSTEM,133,TYR,sidechain,6.34492483758256
SYSTEM,91,PHE,sidechain,SYSTEM,138,LEU,sidechain,7.243595650346495
SYSTEM,92,ARG,sidechain,SYSTEM,89,GLU,sidechain,11.824205651157786
SYSTEM,93,ASP,sidechain,SYSTEM,99,ARG,sidechain,6.760769192291442
SYSTEM,95,VAL,sidechain,SYSTEM,91,PHE,sidechain,4.527641883351756
SYSTEM,95,VAL,sidechain,SYSTEM,100,ILE,sidechain,1.7786637160256307
SYSTEM,95,VAL,sidechain,SYSTEM,141,TRP,sidechain,15.813377578043802
SYSTEM,96,ASN,sidechain,SYSTEM,99,ARG,sidechain,9.836447413041688
SYSTEM,97,TRP,sidechain,SYSTEM,141,TRP,sidechain,11.928561257575602
SYSTEM,97,TRP,sidechain,SYSTEM,142,ILE,sidechain,3.827498040895012
SYSTEM,97,TRP,sidechain,SYSTEM,148,TRP,sidechain,4.735545833112331
SYSTEM,97,TRP,sidechain,SYSTEM,150,THR,sidechain,4.673564753347893
SYSTEM,97,TRP,sidechain,SYSTEM,151,PHE,sidechain,10.137030361689053
SYSTEM,99,ARG,sidechain,SYSTEM,61,TYR,sidechain,8.353880192197966
SYSTEM,99,ARG,sidechain,SYSTEM,91,PHE,sidechain,2.6876103108184717
SYSTEM,99,ARG,sidechain,SYSTEM,93,ASP,sidechain,6.760769192291442
SYSTEM,99,ARG,sidechain,SYSTEM,96,ASN,sidechain,9.836447413041688
SYSTEM,100,ILE,sidechain,SYSTEM,95,VAL,sidechain,1.7786637160256307
SYSTEM,101,VAL,sidechain,SYSTEM,57,PHE,sidechain,8.363279229791265
SYSTEM,102,ALA,sidechain,SYSTEM,61,TYR,sidechain,4.468718268588834
SYSTEM,103,PHE,sidechain,SYSTEM,87,VAL,sidechain,5.838596566491163
SYSTEM,103,PHE,sidechain,SYSTEM,91,PHE,sidechain,4.592626529104731
SYSTEM,103,PHE,sidechain,SYSTEM,130,MET,sidechain,6.7721587510559
SYSTEM,103,PHE,sidechain,SYSTEM,133,TYR,sidechain,6.8283906134671915
SYSTEM,104,PHE,sidechain,SYSTEM,12,PHE,sidechain,6.787149114797192
SYSTEM,104,PHE,sidechain,SYSTEM,50,LEU,sidechain,5.706240176563506
SYSTEM,105,SER,sidechain,SYSTEM,58,GLU,sidechain,3.9686995966157785
SYSTEM,106,PHE,sidechain,SYSTEM,65,PHE,sidechain,8.630130549945223
SYSTEM,106,PHE,sidechain,SYSTEM,68,LEU,sidechain,8.138776685235097
SYSTEM,106,PHE,sidechain,SYSTEM,110,LEU,sidechain,5.382875483666559
SYSTEM,110,LEU,sidechain,SYSTEM,106,PHE,sidechain,5.382875483666559
SYSTEM,111,CYS,sidechain,SYSTEM,13,LEU,sidechain,4.158223576510634
SYSTEM,111,CYS,sidechain,SYSTEM,123,VAL,sidechain,2.7296002396757264
SYSTEM,111,CYS,sidechain,SYSTEM,126,ILE,sidechain,3.0583615617881983
SYSTEM,112,VAL,sidechain,SYSTEM,20,LYS,sidechain,3.8626991161253
SYSTEM,113,GLU,sidechain,SYSTEM,117,LYS,sidechain,6.814562460610566
SYSTEM,114,SER,sidechain,SYSTEM,122,LEU,sidechain,3.670167767040854
SYSTEM,115,VAL,sidechain,SYSTEM,22,TYR,sidechain,8.585407087969356
SYSTEM,115,VAL,sidechain,SYSTEM,27,PHE,sidechain,4.465087504679817
SYSTEM,117,LYS,sidechain,SYSTEM,113,GLU,sidechain,6.814562460610566
SYSTEM,117,LYS,sidechain,SYSTEM,119,MET,sidechain,3.45252996227992
SYSTEM,119,MET,sidechain,SYSTEM,76,PRO,sidechain,4.52995649257141
SYSTEM,119,MET,sidechain,SYSTEM,117,LYS,sidechain,3.45252996227992
SYSTEM,119,MET,sidechain,SYSTEM,122,LEU,sidechain,3.2987244696998337
SYSTEM,120,GLN,sidechain,SYSTEM,27,PHE,sidechain,4.384868780027948
SYSTEM,122,LEU,sidechain,SYSTEM,114,SER,sidechain,3.670167767040854
SYSTEM,122,LEU,sidechain,SYSTEM,119,MET,sidechain,3.2987244696998337
SYSTEM,123,VAL,sidechain,SYSTEM,27,PHE,sidechain,8.035393086929103
SYSTEM,123,VAL,sidechain,SYSTEM,111,CYS,sidechain,2.7296002396757264
SYSTEM,125,ARG,sidechain,SYSTEM,129,TRP,sidechain,6.489126710271561
SYSTEM,126,ILE,sidechain,SYSTEM,111,CYS,sidechain,3.0583615617881983
SYSTEM,129,TRP,sidechain,SYSTEM,80,TYR,sidechain,9.391777970086633
SYSTEM,129,TRP,sidechain,SYSTEM,83,PHE,sidechain,14.76432404373763
SYSTEM,129,TRP,sidechain,SYSTEM,125,ARG,sidechain,6.489126710271561
SYSTEM,130,MET,sidechain,SYSTEM,9,VAL,sidechain,4.926042125495267
SYSTEM,130,MET,sidechain,SYSTEM,103,PHE,sidechain,6.7721587510559
SYSTEM,132,THR,sidechain,SYSTEM,80,TYR,sidechain,7.9040542498871975
SYSTEM,133,TYR,sidechain,SYSTEM,87,VAL,sidechain,10.150048023183254
SYSTEM,133,TYR,sidechain,SYSTEM,88,ASN,sidechain,5.6030166476445205
SYSTEM,133,TYR,sidechain,SYSTEM,91,PHE,sidechain,6.34492483758256
SYSTEM,133,TYR,sidechain,SYSTEM,103,PHE,sidechain,6.8283906134671915
SYSTEM,133,TYR,sidechain,SYSTEM,137,HIS,sidechain,20.154674776896524
SYSTEM,133,TYR,sidechain,SYSTEM,138,LEU,sidechain,5.25107678562268
SYSTEM,134,LEU,sidechain,SYSTEM,5,ASN,sidechain,5.180193926436939
SYSTEM,135,ASN,sidechain,SYSTEM,5,ASN,sidechain,5.4483535606325315
SYSTEM,135,ASN,sidechain,SYSTEM,139,GLU,sidechain,3.8576727916076003
SYSTEM,137,HIS,sidechain,SYSTEM,84,GLU,sidechain,4.581861017191058
SYSTEM,137,HIS,sidechain,SYSTEM,133,TYR,sidechain,20.154674776896524
SYSTEM,138,LEU,sidechain,SYSTEM,91,PHE,sidechain,7.243595650346495
SYSTEM,138,LEU,sidechain,SYSTEM,133,TYR,sidechain,5.25107678562268
SYSTEM,139,GLU,sidechain,SYSTEM,5,ASN,sidechain,5.576917641751215
SYSTEM,139,GLU,sidechain,SYSTEM,135,ASN,sidechain,3.8576727916076003
SYSTEM,141,TRP,sidechain,SYSTEM,95,VAL,sidechain,15.813377578043802
SYSTEM,141,TRP,sidechain,SYSTEM,97,TRP,sidechain,11.928561257575602
SYSTEM,141,TRP,sidechain,SYSTEM,145,ASN,sidechain,19.46588043131602
SYSTEM,142,ILE,sidechain,SYSTEM,97,TRP,sidechain,3.827498040895012
SYSTEM,142,ILE,sidechain,SYSTEM,148,TRP,sidechain,7.019205463934657
SYSTEM,145,ASN,sidechain,SYSTEM,141,TRP,sidechain,19.46588043131602
SYSTEM,148,TRP,sidechain,SYSTEM,5,ASN,sidechain,3.1342409274516485
SYSTEM,148,TRP,sidechain,SYSTEM,8,LEU,sidechain,4.606769307730965
SYSTEM,148,TRP,sidechain,SYSTEM,46,VAL,sidechain,5.809888696713005
SYSTEM,148,TRP,sidechain,SYSTEM,97,TRP,sidechain,4.735545833112331
SYSTEM,148,TRP,sidechain,SYSTEM,142,ILE,sidechain,7.019205463934657
SYSTEM,148,TRP,sidechain,SYSTEM,151,PHE,sidechain,5.482236752489968
SYSTEM,150,THR,sidechain,SYSTEM,97,TRP,sidechain,4.673564753347893
SYSTEM,151,PHE,sidechain,SYSTEM,97,TRP,sidechain,10.137030361689053
SYSTEM,151,PHE,sidechain,SYSTEM,148,TRP,sidechain,5.482236752489968
SYSTEM,151,PHE,sidechain,SYSTEM,155,TYR,sidechain,8.892143431955107
SYSTEM,155,TYR,sidechain,SYSTEM,53,ALA,sidechain,3.678105144192556
SYSTEM,155,TYR,sidechain,SYSTEM,57,PHE,sidechain,4.319647927350157
SYSTEM,155,TYR,sidechain,SYSTEM,151,PHE,sidechain,8.892143431955107
SYSTEM,164,ARG,sidechain,SYSTEM,167,GLN,sidechain,5.373587660211138
SYSTEM,167,GLN,sidechain,SYSTEM,164,ARG,sidechain,5.373587660211138
SYSTEM,168,GLU,sidechain,SYSTEM,60,ARG,sidechain,5.316970349898934
SYSTEM,169,ARG,sidechain,SYSTEM,52,GLU,sidechain,5.207858368136705
SYSTEM,169,ARG,sidechain,SYSTEM,56,GLU,sidechain,8.087568027961227
