A,24,MET,sidechain,B,72,LEU,sidechain,1.4821210645897456
A,24,MET,sidechain,B,82,SER,sidechain,4.436602114791379
A,24,MET,sidechain,B,85,GLN,sidechain,4.35597523449869
A,24,MET,sidechain,B,86,VAL,sidechain,2.5721008398565877
A,27,LEU,sidechain,B,61,TYR,sidechain,1.4515827293579355
A,27,LEU,sidechain,B,68,LEU,sidechain,1.368867597161551
A,27,LEU,sidechain,B,71,GLN,sidechain,3.5087757616247788
A,27,LEU,sidechain,B,72,LEU,sidechain,1.8266377154200417
A,27,LEU,sidechain,B,106,PHE,sidechain,2.135113090901374
A,28,SER,sidechain,B,86,VAL,sidechain,4.218122891700233
A,28,SER,sidechain,B,89,GLU,sidechain,5.059425016007853
A,30,ARG,sidechain,B,61,TYR,sidechain,5.2959526680018
A,30,ARG,sidechain,B,65,PHE,sidechain,17.770880361669764
A,30,ARG,sidechain,B,71,GLN,sidechain,6.898928826538474
A,31,LEU,sidechain,B,57,PHE,sidechain,1.7096761788339494
A,31,LEU,sidechain,B,61,TYR,sidechain,2.761957628966066
A,31,LEU,sidechain,B,68,LEU,sidechain,1.6846770773856887
A,31,LEU,sidechain,B,86,VAL,sidechain,1.3559519367851918
A,31,LEU,sidechain,B,90,LEU,sidechain,1.927201817590292
A,31,LEU,sidechain,B,102,ALA,sidechain,2.030807519176646
A,31,LEU,sidechain,B,106,PHE,sidechain,4.682765530321451
A,32,LYS,sidechain,B,89,GLU,sidechain,7.2428620311106275
A,32,LYS,sidechain,B,90,LEU,sidechain,1.6864437641230425
A,32,LYS,sidechain,B,93,ASP,sidechain,11.523476039816783
A,32,LYS,sidechain,B,99,ARG,sidechain,10.188390090636934
A,33,VAL,sidechain,B,65,PHE,sidechain,1.5650130261946358
A,34,THR,sidechain,B,57,PHE,sidechain,6.864198724026734
A,34,THR,sidechain,B,61,TYR,sidechain,5.357883369221995
A,34,THR,sidechain,B,65,PHE,sidechain,2.332332901669246
A,36,ASP,sidechain,B,96,ASN,sidechain,4.413184582839986
A,36,ASP,sidechain,B,99,ARG,sidechain,12.038769478834794
A,38,PHE,sidechain,B,53,ALA,sidechain,1.6129975583946008
A,38,PHE,sidechain,B,56,GLU,sidechain,3.4045738497189912
A,38,PHE,sidechain,B,57,PHE,sidechain,7.4368068492315835
A,38,PHE,sidechain,B,60,ARG,sidechain,6.44599320036952
A,38,PHE,sidechain,B,101,VAL,sidechain,4.7318612180855375
A,38,PHE,sidechain,B,155,TYR,sidechain,7.682978702285018
A,39,ASP,sidechain,B,155,TYR,sidechain,3.0636036197683736
A,41,MET,sidechain,B,97,TRP,sidechain,3.9293671173078084
A,41,MET,sidechain,B,150,THR,sidechain,1.9319852842881389
A,41,MET,sidechain,B,151,PHE,sidechain,3.8422247693009983
A,41,MET,sidechain,B,154,LEU,sidechain,2.725647270838233
A,41,MET,sidechain,B,155,TYR,sidechain,1.9562810367600076
B,53,ALA,sidechain,A,38,PHE,sidechain,1.6129975583946008
B,56,GLU,sidechain,A,38,PHE,sidechain,3.4045738497189912
B,57,PHE,sidechain,A,31,LEU,sidechain,1.7096761788339494
B,57,PHE,sidechain,A,34,THR,sidechain,6.864198724026734
B,57,PHE,sidechain,A,38,PHE,sidechain,7.4368068492315835
B,60,ARG,sidechain,A,38,PHE,sidechain,6.44599320036952
B,61,TYR,sidechain,A,27,LEU,sidechain,1.4515827293579355
B,61,TYR,sidechain,A,30,ARG,sidechain,5.2959526680018
B,61,TYR,sidechain,A,31,LEU,sidechain,2.761957628966066
B,61,TYR,sidechain,A,34,THR,sidechain,5.357883369221995
B,65,PHE,sidechain,A,30,ARG,sidechain,17.770880361669764
B,65,PHE,sidechain,A,33,VAL,sidechain,1.5650130261946358
B,65,PHE,sidechain,A,34,THR,sidechain,2.332332901669246
B,68,LEU,sidechain,A,27,LEU,sidechain,1.368867597161551
B,68,LEU,sidechain,A,31,LEU,sidechain,1.6846770773856887
B,71,GLN,sidechain,A,27,LEU,sidechain,3.5087757616247788
B,71,GLN,sidechain,A,30,ARG,sidechain,6.898928826538474
B,72,LEU,sidechain,A,24,MET,sidechain,1.4821210645897456
B,72,LEU,sidechain,A,27,LEU,sidechain,1.8266377154200417
B,82,SER,sidechain,A,24,MET,sidechain,4.436602114791379
B,85,GLN,sidechain,A,24,MET,sidechain,4.35597523449869
B,86,VAL,sidechain,A,24,MET,sidechain,2.5721008398565877
B,86,VAL,sidechain,A,28,SER,sidechain,4.218122891700233
B,86,VAL,sidechain,A,31,LEU,sidechain,1.3559519367851918
B,89,GLU,sidechain,A,28,SER,sidechain,5.059425016007853
B,89,GLU,sidechain,A,32,LYS,sidechain,7.2428620311106275
B,90,LEU,sidechain,A,31,LEU,sidechain,1.927201817590292
B,90,LEU,sidechain,A,32,LYS,sidechain,1.6864437641230425
B,93,ASP,sidechain,A,32,LYS,sidechain,11.523476039816783
B,96,ASN,sidechain,A,36,ASP,sidechain,4.413184582839986
B,97,TRP,sidechain,A,41,MET,sidechain,3.9293671173078084
B,99,ARG,sidechain,A,32,LYS,sidechain,10.188390090636934
B,99,ARG,sidechain,A,36,ASP,sidechain,12.038769478834794
B,101,VAL,sidechain,A,38,PHE,sidechain,4.7318612180855375
B,102,ALA,sidechain,A,31,LEU,sidechain,2.030807519176646
B,106,PHE,sidechain,A,27,LEU,sidechain,2.135113090901374
B,106,PHE,sidechain,A,31,LEU,sidechain,4.682765530321451
B,150,THR,sidechain,A,41,MET,sidechain,1.9319852842881389
B,151,PHE,sidechain,A,41,MET,sidechain,3.8422247693009983
B,154,LEU,sidechain,A,41,MET,sidechain,2.725647270838233
B,155,TYR,sidechain,A,38,PHE,sidechain,7.682978702285018
B,155,TYR,sidechain,A,39,ASP,sidechain,3.0636036197683736
B,155,TYR,sidechain,A,41,MET,sidechain,1.9562810367600076
