A,608,THR,sidechain,A,610,GLU,sidechain,0.0008043272334709144
A,608,THR,sidechain,A,611,ASN,sidechain,0.27556229480768757
A,608,THR,sidechain,A,612,LEU,sidechain,0.29832307628924326
A,608,THR,sidechain,A,615,ARG,sidechain,0.009159198033577775
A,609,MET,sidechain,A,611,ASN,sidechain,0.0003085390153027477
A,609,MET,sidechain,A,612,LEU,sidechain,1.185665751500266
A,609,MET,sidechain,A,613,SER,sidechain,0.03278738246339002
A,610,GLU,sidechain,A,608,THR,sidechain,0.0008043272334709144
A,610,GLU,sidechain,A,613,SER,sidechain,0.09957109884153713
A,610,GLU,sidechain,A,614,ARG,sidechain,3.1035741382933155
A,610,GLU,sidechain,A,617,LYS,sidechain,0.00020249294157923114
A,611,ASN,sidechain,A,608,THR,sidechain,0.27556229480768757
A,611,ASN,sidechain,A,609,MET,sidechain,0.0003085390153027477
A,611,ASN,sidechain,A,614,ARG,sidechain,1.9879265492887035
A,611,ASN,sidechain,A,615,ARG,sidechain,2.4347255507459487
A,612,LEU,sidechain,A,608,THR,sidechain,0.29832307628924326
A,612,LEU,sidechain,A,609,MET,sidechain,1.185665751500266
A,612,LEU,sidechain,A,615,ARG,sidechain,1.087744957108287
A,612,LEU,sidechain,A,616,LEU,sidechain,0.9912193599200211
A,613,SER,sidechain,A,609,MET,sidechain,0.03278738246339002
A,613,SER,sidechain,A,610,GLU,sidechain,0.09957109884153713
A,613,SER,sidechain,A,616,LEU,sidechain,0.026830643418126937
A,613,SER,sidechain,A,617,LYS,sidechain,0.34009016190755337
A,614,ARG,sidechain,A,610,GLU,sidechain,3.1035741382933155
A,614,ARG,sidechain,A,611,ASN,sidechain,1.9879265492887035
A,614,ARG,sidechain,A,617,LYS,sidechain,0.2677575979598834
A,614,ARG,sidechain,A,618,VAL,sidechain,0.7029370232034555
A,614,ARG,sidechain,A,621,ASP,sidechain,3.573338943533108e-05
A,615,ARG,sidechain,A,608,THR,sidechain,0.009159198033577775
A,615,ARG,sidechain,A,611,ASN,sidechain,2.4347255507459487
A,615,ARG,sidechain,A,612,LEU,sidechain,1.087744957108287
A,615,ARG,sidechain,A,618,VAL,sidechain,0.0004837742245178936
A,615,ARG,sidechain,A,619,THR,sidechain,0.0014877228444370662
A,616,LEU,sidechain,A,612,LEU,sidechain,0.9912193599200211
A,616,LEU,sidechain,A,613,SER,sidechain,0.026830643418126937
A,616,LEU,sidechain,A,619,THR,sidechain,0.09145724744934468
A,617,LYS,sidechain,A,610,GLU,sidechain,0.00020249294157923114
A,617,LYS,sidechain,A,613,SER,sidechain,0.34009016190755337
A,617,LYS,sidechain,A,614,ARG,sidechain,0.2677575979598834
A,617,LYS,sidechain,A,621,ASP,sidechain,0.6532893480700402
A,618,VAL,sidechain,A,614,ARG,sidechain,0.7029370232034555
A,618,VAL,sidechain,A,615,ARG,sidechain,0.0004837742245178936
A,618,VAL,sidechain,A,621,ASP,sidechain,0.07333999767019893
A,618,VAL,sidechain,A,622,LEU,sidechain,0.11269433441859021
A,618,VAL,sidechain,A,628,GLY,sidechain,0.0022274746572338504
A,619,THR,sidechain,A,615,ARG,sidechain,0.0014877228444370662
A,619,THR,sidechain,A,616,LEU,sidechain,0.09145724744934468
A,619,THR,sidechain,A,622,LEU,sidechain,0.06505919262552798
A,619,THR,sidechain,A,623,PHE,sidechain,0.0053177060457864425
A,619,THR,sidechain,A,626,MET,sidechain,0.0003312009183550974
A,619,THR,sidechain,A,628,GLY,sidechain,0.008414969901028576
A,621,ASP,sidechain,A,614,ARG,sidechain,3.573338943533108e-05
A,621,ASP,sidechain,A,617,LYS,sidechain,0.6532893480700402
A,621,ASP,sidechain,A,618,VAL,sidechain,0.07333999767019893
A,621,ASP,sidechain,A,624,ASP,sidechain,0.021210501833773737
A,621,ASP,sidechain,A,625,ILE,sidechain,0.0006577299365823898
A,622,LEU,sidechain,A,618,VAL,sidechain,0.11269433441859021
A,622,LEU,sidechain,A,619,THR,sidechain,0.06505919262552798
A,622,LEU,sidechain,A,625,ILE,sidechain,1.0539908732737597
A,622,LEU,sidechain,A,626,MET,sidechain,2.272659141867332
A,622,LEU,sidechain,A,627,SER,sidechain,0.21659701284270397
A,622,LEU,sidechain,A,628,GLY,sidechain,0.04272423270333756
A,623,PHE,sidechain,A,619,THR,sidechain,0.0053177060457864425
A,623,PHE,sidechain,A,626,MET,sidechain,2.102841585272761
A,623,PHE,sidechain,A,627,SER,sidechain,2.658201188492431
A,623,PHE,sidechain,A,628,GLY,sidechain,0.0063963894319799385
A,624,ASP,sidechain,A,621,ASP,sidechain,0.021210501833773737
A,624,ASP,sidechain,A,626,MET,sidechain,0.0002633608521641841
A,624,ASP,sidechain,A,627,SER,sidechain,0.030150464491616142
A,624,ASP,sidechain,A,628,GLY,sidechain,0.09362826712942895
A,625,ILE,sidechain,A,621,ASP,sidechain,0.0006577299365823898
A,625,ILE,sidechain,A,622,LEU,sidechain,1.0539908732737597
A,625,ILE,sidechain,A,627,SER,sidechain,0.3283140406363989
A,625,ILE,sidechain,A,628,GLY,sidechain,0.1135651051167792
A,626,MET,sidechain,A,619,THR,sidechain,0.0003312009183550974
A,626,MET,sidechain,A,622,LEU,sidechain,2.272659141867332
A,626,MET,sidechain,A,623,PHE,sidechain,2.102841585272761
A,626,MET,sidechain,A,624,ASP,sidechain,0.0002633608521641841
A,626,MET,sidechain,A,628,GLY,sidechain,0.049630149384773344
A,627,SER,sidechain,A,622,LEU,sidechain,0.21659701284270397
A,627,SER,sidechain,A,623,PHE,sidechain,2.658201188492431
A,627,SER,sidechain,A,624,ASP,sidechain,0.030150464491616142
A,627,SER,sidechain,A,625,ILE,sidechain,0.3283140406363989
A,628,GLY,sidechain,A,618,VAL,sidechain,0.0022274746572338504
A,628,GLY,sidechain,A,619,THR,sidechain,0.008414969901028576
A,628,GLY,sidechain,A,622,LEU,sidechain,0.04272423270333756
A,628,GLY,sidechain,A,623,PHE,sidechain,0.0063963894319799385
A,628,GLY,sidechain,A,624,ASP,sidechain,0.09362826712942895
A,628,GLY,sidechain,A,625,ILE,sidechain,0.1135651051167792
A,628,GLY,sidechain,A,626,MET,sidechain,0.049630149384773344
