A,608,THR,sidechain,B,71,GLN,sidechain,0.39688503817520093
A,608,THR,sidechain,B,72,LEU,sidechain,0.11223963566909946
A,608,THR,sidechain,B,73,HIS,sidechain,1.2120917974126029
A,608,THR,sidechain,B,74,ILE,sidechain,0.026446623541507452
A,608,THR,sidechain,B,75,THR,sidechain,0.68132583988291
A,608,THR,sidechain,B,78,THR,sidechain,0.7995681923649696
A,608,THR,sidechain,B,79,ALA,sidechain,0.005906099232338452
A,608,THR,sidechain,B,81,GLN,sidechain,0.014485786543875
A,608,THR,sidechain,B,82,SER,sidechain,1.185926331959285
A,608,THR,sidechain,B,85,GLN,sidechain,0.06416551436802573
A,609,MET,sidechain,B,71,GLN,sidechain,0.005560044287360378
A,609,MET,sidechain,B,72,LEU,sidechain,1.7054344297551776
A,609,MET,sidechain,B,73,HIS,sidechain,0.032132371149421204
A,609,MET,sidechain,B,74,ILE,sidechain,0.6173012202530429
A,609,MET,sidechain,B,75,THR,sidechain,0.0027700440444244512
A,609,MET,sidechain,B,78,THR,sidechain,0.18261214271124515
A,609,MET,sidechain,B,79,ALA,sidechain,0.420076990750413
A,609,MET,sidechain,B,81,GLN,sidechain,0.43577696742207384
A,609,MET,sidechain,B,82,SER,sidechain,4.503204360833863
A,609,MET,sidechain,B,83,PHE,sidechain,0.5676782853318141
A,609,MET,sidechain,B,85,GLN,sidechain,2.601434608709627
A,609,MET,sidechain,B,86,VAL,sidechain,2.9819297973601073
A,609,MET,sidechain,B,89,GLU,sidechain,4.060157958930046e-05
A,609,MET,sidechain,B,106,PHE,sidechain,1.7962194300153669
A,609,MET,sidechain,B,110,LEU,sidechain,0.8972682100225927
A,609,MET,sidechain,B,126,ILE,sidechain,1.4577556800009392e-05
A,610,GLU,sidechain,B,78,THR,sidechain,0.00016933204915177148
A,610,GLU,sidechain,B,81,GLN,sidechain,5.096875210018236e-05
A,610,GLU,sidechain,B,82,SER,sidechain,0.07570968349911941
A,610,GLU,sidechain,B,85,GLN,sidechain,0.9188646628622507
A,610,GLU,sidechain,B,86,VAL,sidechain,0.18694384056711466
A,610,GLU,sidechain,B,88,ASN,sidechain,0.00014460028865146397
A,610,GLU,sidechain,B,89,GLU,sidechain,0.8081863851328233
A,610,GLU,sidechain,B,92,ARG,sidechain,0.017026214165652583
A,611,ASN,sidechain,B,61,TYR,sidechain,1.162955855889301e-05
A,611,ASN,sidechain,B,71,GLN,sidechain,0.30208405197018945
A,611,ASN,sidechain,B,73,HIS,sidechain,0.013430493655329416
A,612,LEU,sidechain,B,61,TYR,sidechain,1.3860663288541446
A,612,LEU,sidechain,B,68,LEU,sidechain,1.4151221016281277
A,612,LEU,sidechain,B,70,SER,sidechain,0.00024022959971462348
A,612,LEU,sidechain,B,71,GLN,sidechain,4.361889450817988
A,612,LEU,sidechain,B,72,LEU,sidechain,2.2526441928194663
A,612,LEU,sidechain,B,73,HIS,sidechain,0.002712681151320151
A,612,LEU,sidechain,B,74,ILE,sidechain,0.0024548257959206613
A,612,LEU,sidechain,B,82,SER,sidechain,0.004414218894756179
A,612,LEU,sidechain,B,86,VAL,sidechain,0.5819139174348601
A,612,LEU,sidechain,B,106,PHE,sidechain,2.431781410523652
A,612,LEU,sidechain,B,109,ALA,sidechain,0.0016228057850932193
A,612,LEU,sidechain,B,110,LEU,sidechain,4.152109916168058e-05
A,613,SER,sidechain,B,85,GLN,sidechain,0.03140368707867648
A,613,SER,sidechain,B,86,VAL,sidechain,4.244286578836869
A,613,SER,sidechain,B,89,GLU,sidechain,4.4707380256826745
A,613,SER,sidechain,B,90,LEU,sidechain,0.8282215737161865
A,613,SER,sidechain,B,106,PHE,sidechain,0.20886951757689362
A,614,ARG,sidechain,B,65,PHE,sidechain,0.03253900099485992
A,614,ARG,sidechain,B,85,GLN,sidechain,0.00010513632497223578
A,614,ARG,sidechain,B,89,GLU,sidechain,1.9249158547909193
A,614,ARG,sidechain,B,92,ARG,sidechain,0.12047121692317454
A,614,ARG,sidechain,B,93,ASP,sidechain,0.0027276487268969446
A,614,ARG,sidechain,B,99,ARG,sidechain,2.1324226378118543e-05
A,615,ARG,sidechain,B,61,TYR,sidechain,5.273965550746965
A,615,ARG,sidechain,B,65,PHE,sidechain,17.718202241793648
A,615,ARG,sidechain,B,66,SER,sidechain,0.01784321260216453
A,615,ARG,sidechain,B,67,ASP,sidechain,0.03470903227151753
A,615,ARG,sidechain,B,68,LEU,sidechain,0.000631682406996101
A,615,ARG,sidechain,B,70,SER,sidechain,0.0021216818529900265
A,615,ARG,sidechain,B,71,GLN,sidechain,7.206767986057139
A,615,ARG,sidechain,B,73,HIS,sidechain,3.385208323130382e-05
A,616,LEU,sidechain,B,57,PHE,sidechain,1.720089225891546
A,616,LEU,sidechain,B,61,TYR,sidechain,2.1921911865820407
A,616,LEU,sidechain,B,68,LEU,sidechain,1.4408513427418732
A,616,LEU,sidechain,B,86,VAL,sidechain,0.7965470926239009
A,616,LEU,sidechain,B,87,VAL,sidechain,4.469041682165403e-05
A,616,LEU,sidechain,B,90,LEU,sidechain,2.48398591698267
A,616,LEU,sidechain,B,102,ALA,sidechain,2.2258750767024575
A,616,LEU,sidechain,B,105,SER,sidechain,0.0077924476407430195
A,616,LEU,sidechain,B,106,PHE,sidechain,6.049213063335985
A,617,LYS,sidechain,B,89,GLU,sidechain,6.586028926743089
A,617,LYS,sidechain,B,90,LEU,sidechain,1.7409284147912838
A,617,LYS,sidechain,B,92,ARG,sidechain,0.8326661054194778
A,617,LYS,sidechain,B,93,ASP,sidechain,11.344927889702564
A,617,LYS,sidechain,B,99,ARG,sidechain,10.16103884073998
A,618,VAL,sidechain,B,65,PHE,sidechain,1.501763890172631
A,618,VAL,sidechain,B,93,ASP,sidechain,5.8426606389326236e-05
A,618,VAL,sidechain,B,99,ARG,sidechain,0.0029941702003945217
A,619,THR,sidechain,B,57,PHE,sidechain,6.528080791890511
A,619,THR,sidechain,B,60,ARG,sidechain,0.5210781604439267
A,619,THR,sidechain,B,61,TYR,sidechain,5.2224472870467205
A,619,THR,sidechain,B,64,ALA,sidechain,0.32374484286360894
A,619,THR,sidechain,B,65,PHE,sidechain,2.4059117953224156
A,619,THR,sidechain,B,102,ALA,sidechain,3.3557382001923086e-05
A,621,ASP,sidechain,B,90,LEU,sidechain,5.4283157108444013e-05
A,621,ASP,sidechain,B,93,ASP,sidechain,0.03956011414793761
A,621,ASP,sidechain,B,96,ASN,sidechain,4.846703735376052
A,621,ASP,sidechain,B,99,ARG,sidechain,12.872393720969955
A,622,LEU,sidechain,B,60,ARG,sidechain,1.0132185808214125
A,622,LEU,sidechain,B,63,ARG,sidechain,0.0015792060174902487
A,622,LEU,sidechain,B,64,ALA,sidechain,0.005404100818320152
A,622,LEU,sidechain,B,65,PHE,sidechain,0.00010961102165934876
A,623,PHE,sidechain,B,53,ALA,sidechain,1.769149552929446
A,623,PHE,sidechain,B,56,GLU,sidechain,4.55873663928399
A,623,PHE,sidechain,B,57,PHE,sidechain,10.023906225533988
A,623,PHE,sidechain,B,60,ARG,sidechain,2.0032650927857802
A,623,PHE,sidechain,B,97,TRP,sidechain,0.00023050230482713282
A,623,PHE,sidechain,B,101,VAL,sidechain,6.315672018592054
A,623,PHE,sidechain,B,151,PHE,sidechain,0.06440955779450175
A,623,PHE,sidechain,B,154,LEU,sidechain,0.0004506230890439891
A,623,PHE,sidechain,B,155,TYR,sidechain,7.559401924560456
A,623,PHE,sidechain,B,156,GLY,sidechain,7.525164037623453e-05
A,624,ASP,sidechain,B,96,ASN,sidechain,14.833167460594677
A,624,ASP,sidechain,B,97,TRP,sidechain,1.6163052894877832
A,624,ASP,sidechain,B,99,ARG,sidechain,0.0007742234377655066
A,624,ASP,sidechain,B,141,TRP,sidechain,0.0002010079952106642
A,624,ASP,sidechain,B,151,PHE,sidechain,5.9708923391599374e-05
A,624,ASP,sidechain,B,154,LEU,sidechain,0.008169615144820829
A,624,ASP,sidechain,B,155,TYR,sidechain,0.40620006123943536
A,625,ILE,sidechain,B,60,ARG,sidechain,0.0030314851712412035
A,625,ILE,sidechain,B,154,LEU,sidechain,0.0003568060749884689
A,625,ILE,sidechain,B,155,TYR,sidechain,2.417634026781926e-05
A,626,MET,sidechain,B,53,ALA,sidechain,1.6092437586206173e-05
A,626,MET,sidechain,B,56,GLU,sidechain,0.6061139139690015
A,626,MET,sidechain,B,60,ARG,sidechain,6.624407743798409
A,626,MET,sidechain,B,63,ARG,sidechain,0.00011166844233492662
A,626,MET,sidechain,B,97,TRP,sidechain,0.033711198987423925
A,626,MET,sidechain,B,150,THR,sidechain,0.02310879134886688
A,626,MET,sidechain,B,151,PHE,sidechain,0.016557024165152413
A,626,MET,sidechain,B,153,GLU,sidechain,0.00021654175780960248
A,626,MET,sidechain,B,154,LEU,sidechain,0.4447041742956068
A,626,MET,sidechain,B,155,TYR,sidechain,1.1205072607401065
A,626,MET,sidechain,B,156,GLY,sidechain,6.987701426930363e-05
A,627,SER,sidechain,B,53,ALA,sidechain,0.00010255091055082774
A,627,SER,sidechain,B,56,GLU,sidechain,0.20581189450167872
A,627,SER,sidechain,B,60,ARG,sidechain,0.08130917411769374
A,627,SER,sidechain,B,63,ARG,sidechain,0.00032945370388044
A,627,SER,sidechain,B,97,TRP,sidechain,0.036657243241040256
A,627,SER,sidechain,B,101,VAL,sidechain,0.004928921912709141
A,627,SER,sidechain,B,145,ASN,sidechain,1.489545745372535e-05
A,627,SER,sidechain,B,150,THR,sidechain,0.0006076015668870552
A,627,SER,sidechain,B,151,PHE,sidechain,0.26157244031801485
A,627,SER,sidechain,B,153,GLU,sidechain,0.0001868665056936693
A,627,SER,sidechain,B,154,LEU,sidechain,1.647779867492713
A,627,SER,sidechain,B,155,TYR,sidechain,4.957750418021612
A,627,SER,sidechain,B,156,GLY,sidechain,0.00011132482884433637
A,628,GLY,sidechain,B,52,GLU,sidechain,0.010610562820470017
A,628,GLY,sidechain,B,53,ALA,sidechain,0.0008177355219584158
A,628,GLY,sidechain,B,56,GLU,sidechain,0.05513235342056004
A,628,GLY,sidechain,B,60,ARG,sidechain,0.18243711108531438
A,628,GLY,sidechain,B,63,ARG,sidechain,0.02103138259117259
A,628,GLY,sidechain,B,64,ALA,sidechain,0.013278467285134335
A,628,GLY,sidechain,B,65,PHE,sidechain,0.004755903671778021
A,628,GLY,sidechain,B,97,TRP,sidechain,0.01611473041303766
A,628,GLY,sidechain,B,101,VAL,sidechain,1.8408881464742544e-05
A,628,GLY,sidechain,B,150,THR,sidechain,0.022002778442516576
A,628,GLY,sidechain,B,151,PHE,sidechain,0.002257549211287033
A,628,GLY,sidechain,B,153,GLU,sidechain,0.021466740521043696
A,628,GLY,sidechain,B,154,LEU,sidechain,0.34034007468519867
A,628,GLY,sidechain,B,155,TYR,sidechain,0.11122394064686345
A,628,GLY,sidechain,B,156,GLY,sidechain,0.051211736550547386
B,52,GLU,sidechain,A,628,GLY,sidechain,0.010610562820470017
B,53,ALA,sidechain,A,623,PHE,sidechain,1.769149552929446
B,53,ALA,sidechain,A,626,MET,sidechain,1.6092437586206173e-05
B,53,ALA,sidechain,A,627,SER,sidechain,0.00010255091055082774
B,53,ALA,sidechain,A,628,GLY,sidechain,0.0008177355219584158
B,56,GLU,sidechain,A,623,PHE,sidechain,4.55873663928399
B,56,GLU,sidechain,A,626,MET,sidechain,0.6061139139690015
B,56,GLU,sidechain,A,627,SER,sidechain,0.20581189450167872
B,56,GLU,sidechain,A,628,GLY,sidechain,0.05513235342056004
B,57,PHE,sidechain,A,616,LEU,sidechain,1.720089225891546
B,57,PHE,sidechain,A,619,THR,sidechain,6.528080791890511
B,57,PHE,sidechain,A,623,PHE,sidechain,10.023906225533988
B,60,ARG,sidechain,A,619,THR,sidechain,0.5210781604439267
B,60,ARG,sidechain,A,622,LEU,sidechain,1.0132185808214125
B,60,ARG,sidechain,A,623,PHE,sidechain,2.0032650927857802
B,60,ARG,sidechain,A,625,ILE,sidechain,0.0030314851712412035
B,60,ARG,sidechain,A,626,MET,sidechain,6.624407743798409
B,60,ARG,sidechain,A,627,SER,sidechain,0.08130917411769374
B,60,ARG,sidechain,A,628,GLY,sidechain,0.18243711108531438
B,61,TYR,sidechain,A,611,ASN,sidechain,1.162955855889301e-05
B,61,TYR,sidechain,A,612,LEU,sidechain,1.3860663288541446
B,61,TYR,sidechain,A,615,ARG,sidechain,5.273965550746965
B,61,TYR,sidechain,A,616,LEU,sidechain,2.1921911865820407
B,61,TYR,sidechain,A,619,THR,sidechain,5.2224472870467205
B,63,ARG,sidechain,A,622,LEU,sidechain,0.0015792060174902487
B,63,ARG,sidechain,A,626,MET,sidechain,0.00011166844233492662
B,63,ARG,sidechain,A,627,SER,sidechain,0.00032945370388044
B,63,ARG,sidechain,A,628,GLY,sidechain,0.02103138259117259
B,64,ALA,sidechain,A,619,THR,sidechain,0.32374484286360894
B,64,ALA,sidechain,A,622,LEU,sidechain,0.005404100818320152
B,64,ALA,sidechain,A,628,GLY,sidechain,0.013278467285134335
B,65,PHE,sidechain,A,614,ARG,sidechain,0.03253900099485992
B,65,PHE,sidechain,A,615,ARG,sidechain,17.718202241793648
B,65,PHE,sidechain,A,618,VAL,sidechain,1.501763890172631
B,65,PHE,sidechain,A,619,THR,sidechain,2.4059117953224156
B,65,PHE,sidechain,A,622,LEU,sidechain,0.00010961102165934876
B,65,PHE,sidechain,A,628,GLY,sidechain,0.004755903671778021
B,66,SER,sidechain,A,615,ARG,sidechain,0.01784321260216453
B,67,ASP,sidechain,A,615,ARG,sidechain,0.03470903227151753
B,68,LEU,sidechain,A,612,LEU,sidechain,1.4151221016281277
B,68,LEU,sidechain,A,615,ARG,sidechain,0.000631682406996101
B,68,LEU,sidechain,A,616,LEU,sidechain,1.4408513427418732
B,70,SER,sidechain,A,612,LEU,sidechain,0.00024022959971462348
B,70,SER,sidechain,A,615,ARG,sidechain,0.0021216818529900265
B,71,GLN,sidechain,A,608,THR,sidechain,0.39688503817520093
B,71,GLN,sidechain,A,609,MET,sidechain,0.005560044287360378
B,71,GLN,sidechain,A,611,ASN,sidechain,0.30208405197018945
B,71,GLN,sidechain,A,612,LEU,sidechain,4.361889450817988
B,71,GLN,sidechain,A,615,ARG,sidechain,7.206767986057139
B,72,LEU,sidechain,A,608,THR,sidechain,0.11223963566909946
B,72,LEU,sidechain,A,609,MET,sidechain,1.7054344297551776
B,72,LEU,sidechain,A,612,LEU,sidechain,2.2526441928194663
B,73,HIS,sidechain,A,608,THR,sidechain,1.2120917974126029
B,73,HIS,sidechain,A,609,MET,sidechain,0.032132371149421204
B,73,HIS,sidechain,A,611,ASN,sidechain,0.013430493655329416
B,73,HIS,sidechain,A,612,LEU,sidechain,0.002712681151320151
B,73,HIS,sidechain,A,615,ARG,sidechain,3.385208323130382e-05
B,74,ILE,sidechain,A,608,THR,sidechain,0.026446623541507452
B,74,ILE,sidechain,A,609,MET,sidechain,0.6173012202530429
B,74,ILE,sidechain,A,612,LEU,sidechain,0.0024548257959206613
B,75,THR,sidechain,A,608,THR,sidechain,0.68132583988291
B,75,THR,sidechain,A,609,MET,sidechain,0.0027700440444244512
B,78,THR,sidechain,A,608,THR,sidechain,0.7995681923649696
B,78,THR,sidechain,A,609,MET,sidechain,0.18261214271124515
B,78,THR,sidechain,A,610,GLU,sidechain,0.00016933204915177148
B,79,ALA,sidechain,A,608,THR,sidechain,0.005906099232338452
B,79,ALA,sidechain,A,609,MET,sidechain,0.420076990750413
B,81,GLN,sidechain,A,608,THR,sidechain,0.014485786543875
B,81,GLN,sidechain,A,609,MET,sidechain,0.43577696742207384
B,81,GLN,sidechain,A,610,GLU,sidechain,5.096875210018236e-05
B,82,SER,sidechain,A,608,THR,sidechain,1.185926331959285
B,82,SER,sidechain,A,609,MET,sidechain,4.503204360833863
B,82,SER,sidechain,A,610,GLU,sidechain,0.07570968349911941
B,82,SER,sidechain,A,612,LEU,sidechain,0.004414218894756179
B,83,PHE,sidechain,A,609,MET,sidechain,0.5676782853318141
B,85,GLN,sidechain,A,608,THR,sidechain,0.06416551436802573
B,85,GLN,sidechain,A,609,MET,sidechain,2.601434608709627
B,85,GLN,sidechain,A,610,GLU,sidechain,0.9188646628622507
B,85,GLN,sidechain,A,613,SER,sidechain,0.03140368707867648
B,85,GLN,sidechain,A,614,ARG,sidechain,0.00010513632497223578
B,86,VAL,sidechain,A,609,MET,sidechain,2.9819297973601073
B,86,VAL,sidechain,A,610,GLU,sidechain,0.18694384056711466
B,86,VAL,sidechain,A,612,LEU,sidechain,0.5819139174348601
B,86,VAL,sidechain,A,613,SER,sidechain,4.244286578836869
B,86,VAL,sidechain,A,616,LEU,sidechain,0.7965470926239009
B,87,VAL,sidechain,A,616,LEU,sidechain,4.469041682165403e-05
B,88,ASN,sidechain,A,610,GLU,sidechain,0.00014460028865146397
B,89,GLU,sidechain,A,609,MET,sidechain,4.060157958930046e-05
B,89,GLU,sidechain,A,610,GLU,sidechain,0.8081863851328233
B,89,GLU,sidechain,A,613,SER,sidechain,4.4707380256826745
B,89,GLU,sidechain,A,614,ARG,sidechain,1.9249158547909193
B,89,GLU,sidechain,A,617,LYS,sidechain,6.586028926743089
B,90,LEU,sidechain,A,613,SER,sidechain,0.8282215737161865
B,90,LEU,sidechain,A,616,LEU,sidechain,2.48398591698267
B,90,LEU,sidechain,A,617,LYS,sidechain,1.7409284147912838
B,90,LEU,sidechain,A,621,ASP,sidechain,5.4283157108444013e-05
B,92,ARG,sidechain,A,610,GLU,sidechain,0.017026214165652583
B,92,ARG,sidechain,A,614,ARG,sidechain,0.12047121692317454
B,92,ARG,sidechain,A,617,LYS,sidechain,0.8326661054194778
B,93,ASP,sidechain,A,614,ARG,sidechain,0.0027276487268969446
B,93,ASP,sidechain,A,617,LYS,sidechain,11.344927889702564
B,93,ASP,sidechain,A,618,VAL,sidechain,5.8426606389326236e-05
B,93,ASP,sidechain,A,621,ASP,sidechain,0.03956011414793761
B,96,ASN,sidechain,A,621,ASP,sidechain,4.846703735376052
B,96,ASN,sidechain,A,624,ASP,sidechain,14.833167460594677
B,97,TRP,sidechain,A,623,PHE,sidechain,0.00023050230482713282
B,97,TRP,sidechain,A,624,ASP,sidechain,1.6163052894877832
B,97,TRP,sidechain,A,626,MET,sidechain,0.033711198987423925
B,97,TRP,sidechain,A,627,SER,sidechain,0.036657243241040256
B,97,TRP,sidechain,A,628,GLY,sidechain,0.01611473041303766
B,99,ARG,sidechain,A,614,ARG,sidechain,2.1324226378118543e-05
B,99,ARG,sidechain,A,617,LYS,sidechain,10.16103884073998
B,99,ARG,sidechain,A,618,VAL,sidechain,0.0029941702003945217
B,99,ARG,sidechain,A,621,ASP,sidechain,12.872393720969955
B,99,ARG,sidechain,A,624,ASP,sidechain,0.0007742234377655066
B,101,VAL,sidechain,A,623,PHE,sidechain,6.315672018592054
B,101,VAL,sidechain,A,627,SER,sidechain,0.004928921912709141
B,101,VAL,sidechain,A,628,GLY,sidechain,1.8408881464742544e-05
B,102,ALA,sidechain,A,616,LEU,sidechain,2.2258750767024575
B,102,ALA,sidechain,A,619,THR,sidechain,3.3557382001923086e-05
B,105,SER,sidechain,A,616,LEU,sidechain,0.0077924476407430195
B,106,PHE,sidechain,A,609,MET,sidechain,1.7962194300153669
B,106,PHE,sidechain,A,612,LEU,sidechain,2.431781410523652
B,106,PHE,sidechain,A,613,SER,sidechain,0.20886951757689362
B,106,PHE,sidechain,A,616,LEU,sidechain,6.049213063335985
B,109,ALA,sidechain,A,612,LEU,sidechain,0.0016228057850932193
B,110,LEU,sidechain,A,609,MET,sidechain,0.8972682100225927
B,110,LEU,sidechain,A,612,LEU,sidechain,4.152109916168058e-05
B,126,ILE,sidechain,A,609,MET,sidechain,1.4577556800009392e-05
B,141,TRP,sidechain,A,624,ASP,sidechain,0.0002010079952106642
B,145,ASN,sidechain,A,627,SER,sidechain,1.489545745372535e-05
B,150,THR,sidechain,A,626,MET,sidechain,0.02310879134886688
B,150,THR,sidechain,A,627,SER,sidechain,0.0006076015668870552
B,150,THR,sidechain,A,628,GLY,sidechain,0.022002778442516576
B,151,PHE,sidechain,A,623,PHE,sidechain,0.06440955779450175
B,151,PHE,sidechain,A,624,ASP,sidechain,5.9708923391599374e-05
B,151,PHE,sidechain,A,626,MET,sidechain,0.016557024165152413
B,151,PHE,sidechain,A,627,SER,sidechain,0.26157244031801485
B,151,PHE,sidechain,A,628,GLY,sidechain,0.002257549211287033
B,153,GLU,sidechain,A,626,MET,sidechain,0.00021654175780960248
B,153,GLU,sidechain,A,627,SER,sidechain,0.0001868665056936693
B,153,GLU,sidechain,A,628,GLY,sidechain,0.021466740521043696
B,154,LEU,sidechain,A,623,PHE,sidechain,0.0004506230890439891
B,154,LEU,sidechain,A,624,ASP,sidechain,0.008169615144820829
B,154,LEU,sidechain,A,625,ILE,sidechain,0.0003568060749884689
B,154,LEU,sidechain,A,626,MET,sidechain,0.4447041742956068
B,154,LEU,sidechain,A,627,SER,sidechain,1.647779867492713
B,154,LEU,sidechain,A,628,GLY,sidechain,0.34034007468519867
B,155,TYR,sidechain,A,623,PHE,sidechain,7.559401924560456
B,155,TYR,sidechain,A,624,ASP,sidechain,0.40620006123943536
B,155,TYR,sidechain,A,625,ILE,sidechain,2.417634026781926e-05
B,155,TYR,sidechain,A,626,MET,sidechain,1.1205072607401065
B,155,TYR,sidechain,A,627,SER,sidechain,4.957750418021612
B,155,TYR,sidechain,A,628,GLY,sidechain,0.11122394064686345
B,156,GLY,sidechain,A,623,PHE,sidechain,7.525164037623453e-05
B,156,GLY,sidechain,A,626,MET,sidechain,6.987701426930363e-05
B,156,GLY,sidechain,A,627,SER,sidechain,0.00011132482884433637
B,156,GLY,sidechain,A,628,GLY,sidechain,0.051211736550547386
