B,1,MET,sidechain,B,3,GLN,sidechain,0.10759841206468733
B,1,MET,sidechain,B,4,SER,sidechain,0.01466077532039289
B,1,MET,sidechain,B,5,ASN,sidechain,1.136335168859255
B,1,MET,sidechain,B,6,ARG,sidechain,0.0008685323292716516
B,1,MET,sidechain,B,7,GLU,sidechain,0.10804080328712937
B,1,MET,sidechain,B,8,LEU,sidechain,0.7133248342220201
B,1,MET,sidechain,B,35,THR,sidechain,0.037350430838135815
B,1,MET,sidechain,B,36,GLU,sidechain,0.016957926408464562
B,1,MET,sidechain,B,37,ALA,sidechain,0.0313480684179295
B,1,MET,sidechain,B,38,PRO,sidechain,0.03206728254587303
B,1,MET,sidechain,B,39,GLU,sidechain,0.041142933983824244
B,1,MET,sidechain,B,41,THR,sidechain,0.14727902655762992
B,1,MET,sidechain,B,42,GLU,sidechain,0.5614792441404618
B,1,MET,sidechain,B,43,SER,sidechain,0.6996686330728447
B,1,MET,sidechain,B,45,ALA,sidechain,0.07180445650965041
B,1,MET,sidechain,B,46,VAL,sidechain,1.3749468626309866
B,1,MET,sidechain,B,47,LYS,sidechain,0.007100296474267633
B,1,MET,sidechain,B,134,LEU,sidechain,0.0006644127468972643
B,1,MET,sidechain,B,135,ASN,sidechain,0.0009256170459082426
B,1,MET,sidechain,B,139,GLU,sidechain,1.7172438087291517
B,1,MET,sidechain,B,140,PRO,sidechain,0.05665443537654839
B,1,MET,sidechain,B,142,ILE,sidechain,0.4869924400178867
B,1,MET,sidechain,B,143,GLN,sidechain,2.313182337146793
B,1,MET,sidechain,B,148,TRP,sidechain,2.046239533844059
B,1,MET,sidechain,B,149,ASP,sidechain,0.5212881541152984
B,1,MET,sidechain,B,152,VAL,sidechain,0.6588302899563048
B,2,SER,sidechain,B,4,SER,sidechain,0.3946561701260481
B,2,SER,sidechain,B,5,ASN,sidechain,0.8927294515742087
B,2,SER,sidechain,B,6,ARG,sidechain,0.0897827233814965
B,2,SER,sidechain,B,7,GLU,sidechain,1.7547627345432264
B,2,SER,sidechain,B,8,LEU,sidechain,0.658934777667252
B,2,SER,sidechain,B,33,ASN,sidechain,0.001623604862456063
B,2,SER,sidechain,B,34,ARG,sidechain,0.012743269266095425
B,2,SER,sidechain,B,35,THR,sidechain,0.2678563539076765
B,2,SER,sidechain,B,36,GLU,sidechain,0.04696099031547809
B,2,SER,sidechain,B,37,ALA,sidechain,0.11851466895990984
B,2,SER,sidechain,B,38,PRO,sidechain,0.01524805578483448
B,2,SER,sidechain,B,39,GLU,sidechain,0.17896061506816333
B,2,SER,sidechain,B,41,THR,sidechain,0.10113368185685845
B,2,SER,sidechain,B,42,GLU,sidechain,0.14815639032189315
B,2,SER,sidechain,B,43,SER,sidechain,0.5513459083271426
B,2,SER,sidechain,B,46,VAL,sidechain,0.20489770797128415
B,2,SER,sidechain,B,47,LYS,sidechain,0.0009025016665560877
B,2,SER,sidechain,B,134,LEU,sidechain,0.001035990148769314
B,2,SER,sidechain,B,135,ASN,sidechain,0.2770406131818589
B,2,SER,sidechain,B,139,GLU,sidechain,1.346861901307377
B,2,SER,sidechain,B,142,ILE,sidechain,0.001037351602105206
B,2,SER,sidechain,B,143,GLN,sidechain,0.18596758141303402
B,2,SER,sidechain,B,148,TRP,sidechain,0.550241653179329
B,2,SER,sidechain,B,149,ASP,sidechain,0.001163030612713708
B,3,GLN,sidechain,B,1,MET,sidechain,0.10759841206468733
B,3,GLN,sidechain,B,5,ASN,sidechain,0.25983084074960905
B,3,GLN,sidechain,B,6,ARG,sidechain,0.7684063537804141
B,3,GLN,sidechain,B,7,GLU,sidechain,0.26427297963944407
B,3,GLN,sidechain,B,8,LEU,sidechain,0.5849933848344858
B,3,GLN,sidechain,B,30,VAL,sidechain,4.297632251965659e-05
B,3,GLN,sidechain,B,31,GLU,sidechain,0.0010321172300286924
B,3,GLN,sidechain,B,32,GLU,sidechain,0.05704677578812905
B,3,GLN,sidechain,B,33,ASN,sidechain,0.5354670233214082
B,3,GLN,sidechain,B,34,ARG,sidechain,0.3727900447237748
B,3,GLN,sidechain,B,35,THR,sidechain,0.309757709520395
B,3,GLN,sidechain,B,36,GLU,sidechain,0.4502197294889298
B,3,GLN,sidechain,B,37,ALA,sidechain,0.1493140914706052
B,3,GLN,sidechain,B,38,PRO,sidechain,0.1962446604739785
B,3,GLN,sidechain,B,39,GLU,sidechain,0.28816458218640123
B,3,GLN,sidechain,B,41,THR,sidechain,0.7685687764726592
B,3,GLN,sidechain,B,42,GLU,sidechain,0.23462190810516179
B,3,GLN,sidechain,B,43,SER,sidechain,1.1384594586052013
B,3,GLN,sidechain,B,46,VAL,sidechain,0.42462039193503187
B,3,GLN,sidechain,B,47,LYS,sidechain,0.0006779878361960714
B,3,GLN,sidechain,B,135,ASN,sidechain,0.002257905974600368
B,3,GLN,sidechain,B,139,GLU,sidechain,0.019278930481894007
B,3,GLN,sidechain,B,142,ILE,sidechain,0.00023332216505101244
B,3,GLN,sidechain,B,143,GLN,sidechain,0.013183007574583952
B,3,GLN,sidechain,B,148,TRP,sidechain,1.2357385333078266
B,3,GLN,sidechain,B,149,ASP,sidechain,0.002035844252402345
B,4,SER,sidechain,B,1,MET,sidechain,0.01466077532039289
B,4,SER,sidechain,B,2,SER,sidechain,0.3946561701260481
B,4,SER,sidechain,B,6,ARG,sidechain,0.3233653994327609
B,4,SER,sidechain,B,7,GLU,sidechain,2.2947206899184502
B,4,SER,sidechain,B,8,LEU,sidechain,0.008828437789512365
B,4,SER,sidechain,B,31,GLU,sidechain,0.020742182131997258
B,4,SER,sidechain,B,32,GLU,sidechain,0.00030186127842823506
B,4,SER,sidechain,B,33,ASN,sidechain,0.048782623160950174
B,4,SER,sidechain,B,34,ARG,sidechain,0.1333233248863385
B,4,SER,sidechain,B,35,THR,sidechain,0.27254128177867104
B,4,SER,sidechain,B,36,GLU,sidechain,0.00033060997161187645
B,4,SER,sidechain,B,38,PRO,sidechain,0.06459047929416983
B,4,SER,sidechain,B,39,GLU,sidechain,0.00010062042614274502
B,4,SER,sidechain,B,41,THR,sidechain,0.10866474338327248
B,4,SER,sidechain,B,42,GLU,sidechain,0.1299440931900559
B,4,SER,sidechain,B,43,SER,sidechain,0.8720549462875951
B,4,SER,sidechain,B,46,VAL,sidechain,0.22130051368078482
B,4,SER,sidechain,B,47,LYS,sidechain,0.0064398847732222595
B,4,SER,sidechain,B,135,ASN,sidechain,0.720925245302939
B,4,SER,sidechain,B,139,GLU,sidechain,0.001322439886447506
B,4,SER,sidechain,B,148,TRP,sidechain,0.03548351957811479
B,5,ASN,sidechain,B,1,MET,sidechain,1.136335168859255
B,5,ASN,sidechain,B,2,SER,sidechain,0.8927294515742087
B,5,ASN,sidechain,B,3,GLN,sidechain,0.25983084074960905
B,5,ASN,sidechain,B,8,LEU,sidechain,0.353045562281974
B,5,ASN,sidechain,B,9,VAL,sidechain,0.0014335478548912154
B,5,ASN,sidechain,B,43,SER,sidechain,4.468637236117605e-05
B,5,ASN,sidechain,B,46,VAL,sidechain,0.0003103557211620156
B,5,ASN,sidechain,B,131,ALA,sidechain,0.011973066717676789
B,5,ASN,sidechain,B,134,LEU,sidechain,5.425672635308029
B,5,ASN,sidechain,B,135,ASN,sidechain,5.1361227411040264
B,5,ASN,sidechain,B,139,GLU,sidechain,6.95043634721033
B,5,ASN,sidechain,B,142,ILE,sidechain,0.546362088943824
B,5,ASN,sidechain,B,143,GLN,sidechain,0.010259607849499934
B,5,ASN,sidechain,B,148,TRP,sidechain,3.699122217328135
B,6,ARG,sidechain,B,1,MET,sidechain,0.0008685323292716516
B,6,ARG,sidechain,B,2,SER,sidechain,0.0897827233814965
B,6,ARG,sidechain,B,3,GLN,sidechain,0.7684063537804141
B,6,ARG,sidechain,B,4,SER,sidechain,0.3233653994327609
B,6,ARG,sidechain,B,9,VAL,sidechain,5.229991616409658e-05
B,6,ARG,sidechain,B,10,VAL,sidechain,0.8778279428561282
B,6,ARG,sidechain,B,24,TRP,sidechain,0.003948464643899519
B,6,ARG,sidechain,B,27,PHE,sidechain,0.0001817224102866711
B,6,ARG,sidechain,B,28,SER,sidechain,0.020505198529518397
B,6,ARG,sidechain,B,29,ASP,sidechain,0.3420995593240387
B,6,ARG,sidechain,B,30,VAL,sidechain,0.17976788683504122
B,6,ARG,sidechain,B,31,GLU,sidechain,4.581354162464716
B,6,ARG,sidechain,B,32,GLU,sidechain,1.0559625461739215
B,6,ARG,sidechain,B,33,ASN,sidechain,1.2234970120817992
B,6,ARG,sidechain,B,34,ARG,sidechain,0.006407930026624611
B,6,ARG,sidechain,B,35,THR,sidechain,0.005355802239973432
B,6,ARG,sidechain,B,36,GLU,sidechain,0.0017444891563168593
B,6,ARG,sidechain,B,38,PRO,sidechain,5.7648711079683336e-05
B,6,ARG,sidechain,B,124,SER,sidechain,0.16720434379340746
B,6,ARG,sidechain,B,127,ALA,sidechain,0.3799398740620161
B,6,ARG,sidechain,B,128,ALA,sidechain,0.23320495127140933
B,6,ARG,sidechain,B,131,ALA,sidechain,1.2013844017796687
B,6,ARG,sidechain,B,132,THR,sidechain,0.15135962852098667
B,6,ARG,sidechain,B,134,LEU,sidechain,0.0002915457263058928
B,6,ARG,sidechain,B,135,ASN,sidechain,2.8132645979423603
B,6,ARG,sidechain,B,139,GLU,sidechain,0.8125830490122495
B,7,GLU,sidechain,B,1,MET,sidechain,0.10804080328712937
B,7,GLU,sidechain,B,2,SER,sidechain,1.7547627345432264
B,7,GLU,sidechain,B,3,GLN,sidechain,0.26427297963944407
B,7,GLU,sidechain,B,4,SER,sidechain,2.2947206899184502
B,7,GLU,sidechain,B,10,VAL,sidechain,0.005989961324244587
B,7,GLU,sidechain,B,11,ASP,sidechain,0.2511415314813123
B,7,GLU,sidechain,B,29,ASP,sidechain,3.8976957808794064e-05
B,7,GLU,sidechain,B,30,VAL,sidechain,0.021677955268694638
B,7,GLU,sidechain,B,31,GLU,sidechain,0.1183819451892361
B,7,GLU,sidechain,B,32,GLU,sidechain,0.9601597781211565
B,7,GLU,sidechain,B,33,ASN,sidechain,0.5457083438898461
B,7,GLU,sidechain,B,34,ARG,sidechain,2.601033332069102
B,7,GLU,sidechain,B,35,THR,sidechain,0.7848681588225186
B,7,GLU,sidechain,B,36,GLU,sidechain,0.02800978728866628
B,7,GLU,sidechain,B,37,ALA,sidechain,0.020574309570947087
B,7,GLU,sidechain,B,38,PRO,sidechain,0.17583257057810261
B,7,GLU,sidechain,B,39,GLU,sidechain,0.01425860548571586
B,7,GLU,sidechain,B,41,THR,sidechain,0.3507148958015069
B,7,GLU,sidechain,B,42,GLU,sidechain,0.040555837845048064
B,7,GLU,sidechain,B,43,SER,sidechain,4.500766035713152
B,7,GLU,sidechain,B,44,GLU,sidechain,0.06675158546782532
B,7,GLU,sidechain,B,47,LYS,sidechain,8.006543910985423
B,8,LEU,sidechain,B,1,MET,sidechain,0.7133248342220201
B,8,LEU,sidechain,B,2,SER,sidechain,0.658934777667252
B,8,LEU,sidechain,B,3,GLN,sidechain,0.5849933848344858
B,8,LEU,sidechain,B,4,SER,sidechain,0.008828437789512365
B,8,LEU,sidechain,B,5,ASN,sidechain,0.353045562281974
B,8,LEU,sidechain,B,11,ASP,sidechain,0.00029855736409644204
B,8,LEU,sidechain,B,12,PHE,sidechain,0.0010230362021539222
B,8,LEU,sidechain,B,43,SER,sidechain,0.09730800223440093
B,8,LEU,sidechain,B,46,VAL,sidechain,2.6780732280390054
B,8,LEU,sidechain,B,47,LYS,sidechain,0.4598622961294314
B,8,LEU,sidechain,B,50,LEU,sidechain,2.109161114482953
B,8,LEU,sidechain,B,104,PHE,sidechain,0.935030730763742
B,8,LEU,sidechain,B,134,LEU,sidechain,0.1723817633529128
B,8,LEU,sidechain,B,148,TRP,sidechain,4.103275656819619
B,9,VAL,sidechain,B,5,ASN,sidechain,0.0014335478548912154
B,9,VAL,sidechain,B,6,ARG,sidechain,5.229991616409658e-05
B,9,VAL,sidechain,B,13,LEU,sidechain,0.16107915903085465
B,9,VAL,sidechain,B,24,TRP,sidechain,7.354956711324819e-05
B,9,VAL,sidechain,B,104,PHE,sidechain,1.221553831809375
B,9,VAL,sidechain,B,127,ALA,sidechain,0.035018290569145204
B,9,VAL,sidechain,B,130,MET,sidechain,5.102100446166365
B,9,VAL,sidechain,B,131,ALA,sidechain,0.8164433895651356
B,9,VAL,sidechain,B,134,LEU,sidechain,0.1004640570150775
B,10,VAL,sidechain,B,6,ARG,sidechain,0.8778279428561282
B,10,VAL,sidechain,B,7,GLU,sidechain,0.005989961324244587
B,10,VAL,sidechain,B,13,LEU,sidechain,0.001355609310256839
B,10,VAL,sidechain,B,14,SER,sidechain,0.00116354877939363
B,10,VAL,sidechain,B,24,TRP,sidechain,5.237991779364453
B,10,VAL,sidechain,B,27,PHE,sidechain,0.00779963439027504
B,10,VAL,sidechain,B,28,SER,sidechain,0.06692021521484695
B,10,VAL,sidechain,B,29,ASP,sidechain,0.014781931416499543
B,10,VAL,sidechain,B,30,VAL,sidechain,0.4038454147048421
B,10,VAL,sidechain,B,31,GLU,sidechain,0.6410970034463148
B,10,VAL,sidechain,B,32,GLU,sidechain,0.7636487597777767
B,10,VAL,sidechain,B,33,ASN,sidechain,0.3532143683700978
B,10,VAL,sidechain,B,34,ARG,sidechain,0.3513508367904025
B,10,VAL,sidechain,B,35,THR,sidechain,0.00034901539573600467
B,10,VAL,sidechain,B,38,PRO,sidechain,8.836846830260258e-05
B,10,VAL,sidechain,B,127,ALA,sidechain,0.023656423895378528
B,11,ASP,sidechain,B,7,GLU,sidechain,0.2511415314813123
B,11,ASP,sidechain,B,8,LEU,sidechain,0.00029855736409644204
B,11,ASP,sidechain,B,14,SER,sidechain,0.01547272372103944
B,11,ASP,sidechain,B,15,TYR,sidechain,0.22370887922755436
B,11,ASP,sidechain,B,30,VAL,sidechain,0.02170548427363471
B,11,ASP,sidechain,B,31,GLU,sidechain,0.0029102795163899555
B,11,ASP,sidechain,B,32,GLU,sidechain,0.579574370297523
B,11,ASP,sidechain,B,33,ASN,sidechain,0.10257709388753183
B,11,ASP,sidechain,B,34,ARG,sidechain,2.0358622185589317
B,11,ASP,sidechain,B,35,THR,sidechain,0.0006358966499107529
B,11,ASP,sidechain,B,36,GLU,sidechain,0.010575747885452782
B,11,ASP,sidechain,B,38,PRO,sidechain,0.00012880397515500802
B,11,ASP,sidechain,B,41,THR,sidechain,0.00015897416247768822
B,11,ASP,sidechain,B,42,GLU,sidechain,0.00019488478904397034
B,11,ASP,sidechain,B,44,GLU,sidechain,0.010328893819330477
B,11,ASP,sidechain,B,47,LYS,sidechain,11.983492614893386
B,11,ASP,sidechain,B,48,GLN,sidechain,0.0011484249628936308
B,11,ASP,sidechain,B,51,ARG,sidechain,6.452699730839637
B,12,PHE,sidechain,B,8,LEU,sidechain,0.0010230362021539222
B,12,PHE,sidechain,B,15,TYR,sidechain,0.3768060194862422
B,12,PHE,sidechain,B,16,LYS,sidechain,5.420501726858629
B,12,PHE,sidechain,B,47,LYS,sidechain,0.00018611974175212833
B,12,PHE,sidechain,B,50,LEU,sidechain,4.179724014921586
B,12,PHE,sidechain,B,51,ARG,sidechain,0.05214364219872701
B,12,PHE,sidechain,B,55,ASP,sidechain,0.00046572960245447505
B,12,PHE,sidechain,B,101,VAL,sidechain,7.865177536411784e-05
B,12,PHE,sidechain,B,104,PHE,sidechain,7.203099823136469
B,12,PHE,sidechain,B,105,SER,sidechain,0.028630542386559318
B,12,PHE,sidechain,B,130,MET,sidechain,0.001181756044845588
B,13,LEU,sidechain,B,9,VAL,sidechain,0.16107915903085465
B,13,LEU,sidechain,B,10,VAL,sidechain,0.001355609310256839
B,13,LEU,sidechain,B,17,LEU,sidechain,0.041064367070902164
B,13,LEU,sidechain,B,24,TRP,sidechain,3.2604029811939754
B,13,LEU,sidechain,B,27,PHE,sidechain,0.15004530964923346
B,13,LEU,sidechain,B,111,CYS,sidechain,5.175061577019384
B,13,LEU,sidechain,B,123,VAL,sidechain,0.02463931647433878
B,13,LEU,sidechain,B,126,ILE,sidechain,0.202808573023449
B,13,LEU,sidechain,B,127,ALA,sidechain,0.00801949654963543
B,13,LEU,sidechain,B,130,MET,sidechain,1.3029416695483416
B,14,SER,sidechain,B,10,VAL,sidechain,0.00116354877939363
B,14,SER,sidechain,B,11,ASP,sidechain,0.01547272372103944
B,14,SER,sidechain,B,17,LEU,sidechain,0.00124619104851961
B,14,SER,sidechain,B,18,SER,sidechain,0.015815565051276473
B,14,SER,sidechain,B,23,SER,sidechain,0.32930905685548867
B,14,SER,sidechain,B,24,TRP,sidechain,4.1798770633941915
B,14,SER,sidechain,B,25,SER,sidechain,0.019968983267626098
B,14,SER,sidechain,B,27,PHE,sidechain,6.606031930447437e-05
B,14,SER,sidechain,B,28,SER,sidechain,0.055053151259849574
B,14,SER,sidechain,B,30,VAL,sidechain,0.05851680736367054
B,14,SER,sidechain,B,31,GLU,sidechain,0.10648515955220655
B,14,SER,sidechain,B,32,GLU,sidechain,0.19978904327970723
B,14,SER,sidechain,B,33,ASN,sidechain,0.03503411593116186
B,14,SER,sidechain,B,34,ARG,sidechain,0.044265399653375705
B,14,SER,sidechain,B,35,THR,sidechain,0.0005436435072147336
B,14,SER,sidechain,B,36,GLU,sidechain,0.00014374346591820717
B,14,SER,sidechain,B,51,ARG,sidechain,0.0035844562982191904
B,15,TYR,sidechain,B,11,ASP,sidechain,0.22370887922755436
B,15,TYR,sidechain,B,12,PHE,sidechain,0.3768060194862422
B,15,TYR,sidechain,B,18,SER,sidechain,0.008812682057679799
B,15,TYR,sidechain,B,19,GLN,sidechain,6.055880239395819
B,15,TYR,sidechain,B,34,ARG,sidechain,0.2631766365244197
B,15,TYR,sidechain,B,35,THR,sidechain,0.0001997398207025624
B,15,TYR,sidechain,B,36,GLU,sidechain,0.0004040173330943526
B,15,TYR,sidechain,B,44,GLU,sidechain,0.2538800030350231
B,15,TYR,sidechain,B,47,LYS,sidechain,0.35136849254819363
B,15,TYR,sidechain,B,48,GLN,sidechain,0.1675021350510535
B,15,TYR,sidechain,B,51,ARG,sidechain,16.306436334038022
B,15,TYR,sidechain,B,52,GLU,sidechain,0.0005611351848532675
B,15,TYR,sidechain,B,55,ASP,sidechain,6.048840742154262
B,16,LYS,sidechain,B,12,PHE,sidechain,5.420501726858629
B,16,LYS,sidechain,B,19,GLN,sidechain,6.163492500561096
B,16,LYS,sidechain,B,20,LYS,sidechain,0.02990936853836508
B,16,LYS,sidechain,B,51,ARG,sidechain,0.0010890995433541339
B,16,LYS,sidechain,B,55,ASP,sidechain,3.2492334488131056
B,16,LYS,sidechain,B,58,GLU,sidechain,6.500603904455114
B,16,LYS,sidechain,B,69,THR,sidechain,0.0011412463428157405
B,16,LYS,sidechain,B,105,SER,sidechain,0.0013766974574584393
B,16,LYS,sidechain,B,109,ALA,sidechain,0.0001605161699112709
B,16,LYS,sidechain,B,111,CYS,sidechain,0.01827025540637555
B,16,LYS,sidechain,B,112,VAL,sidechain,0.6187615631656282
B,17,LEU,sidechain,B,13,LEU,sidechain,0.041064367070902164
B,17,LEU,sidechain,B,14,SER,sidechain,0.00124619104851961
B,17,LEU,sidechain,B,20,LYS,sidechain,0.0005922244637854814
B,17,LEU,sidechain,B,22,TYR,sidechain,2.349669684411225
B,17,LEU,sidechain,B,24,TRP,sidechain,1.7003345834570798
B,17,LEU,sidechain,B,25,SER,sidechain,0.00013512914983947573
B,17,LEU,sidechain,B,26,GLN,sidechain,3.992856356798205e-05
B,17,LEU,sidechain,B,27,PHE,sidechain,1.173921862968997
B,17,LEU,sidechain,B,28,SER,sidechain,6.005739992865587e-05
B,17,LEU,sidechain,B,111,CYS,sidechain,2.125896524815017
B,17,LEU,sidechain,B,112,VAL,sidechain,0.2689022380158667
B,17,LEU,sidechain,B,115,VAL,sidechain,1.875060921781094
B,17,LEU,sidechain,B,123,VAL,sidechain,0.08812950197230025
B,18,SER,sidechain,B,14,SER,sidechain,0.015815565051276473
B,18,SER,sidechain,B,15,TYR,sidechain,0.008812682057679799
B,18,SER,sidechain,B,23,SER,sidechain,0.004023114899758289
B,18,SER,sidechain,B,24,TRP,sidechain,0.0029899065939775994
B,18,SER,sidechain,B,25,SER,sidechain,0.0068083482918986325
B,18,SER,sidechain,B,30,VAL,sidechain,0.00019392479656560498
B,18,SER,sidechain,B,32,GLU,sidechain,0.0007330916761828565
B,18,SER,sidechain,B,33,ASN,sidechain,0.015684916698772793
B,18,SER,sidechain,B,34,ARG,sidechain,0.0035581000019087507
B,18,SER,sidechain,B,35,THR,sidechain,0.0003677588431158492
B,19,GLN,sidechain,B,15,TYR,sidechain,6.055880239395819
B,19,GLN,sidechain,B,16,LYS,sidechain,6.163492500561096
B,19,GLN,sidechain,B,51,ARG,sidechain,0.07707660801853435
B,19,GLN,sidechain,B,55,ASP,sidechain,4.046840764697957
B,19,GLN,sidechain,B,58,GLU,sidechain,0.5818720161637632
B,19,GLN,sidechain,B,62,ARG,sidechain,0.00017522720828705966
B,19,GLN,sidechain,B,112,VAL,sidechain,0.059321650517966444
B,20,LYS,sidechain,B,16,LYS,sidechain,0.02990936853836508
B,20,LYS,sidechain,B,17,LEU,sidechain,0.0005922244637854814
B,20,LYS,sidechain,B,22,TYR,sidechain,1.6068650476493658
B,20,LYS,sidechain,B,58,GLU,sidechain,0.948719929887119
B,20,LYS,sidechain,B,62,ARG,sidechain,0.00102721888748174
B,20,LYS,sidechain,B,67,ASP,sidechain,0.0028481430171310696
B,20,LYS,sidechain,B,69,THR,sidechain,0.1359284459890528
B,20,LYS,sidechain,B,112,VAL,sidechain,4.459408666750155
B,20,LYS,sidechain,B,113,GLU,sidechain,1.2304686088005032
B,20,LYS,sidechain,B,115,VAL,sidechain,0.5145722540870585
B,20,LYS,sidechain,B,116,ASP,sidechain,4.12547985656568
B,22,TYR,sidechain,B,17,LEU,sidechain,2.349669684411225
B,22,TYR,sidechain,B,20,LYS,sidechain,1.6068650476493658
B,22,TYR,sidechain,B,24,TRP,sidechain,0.10346403991960722
B,22,TYR,sidechain,B,26,GLN,sidechain,2.4432721080222923
B,22,TYR,sidechain,B,27,PHE,sidechain,2.298311445253693
B,22,TYR,sidechain,B,112,VAL,sidechain,0.36583444682725147
B,22,TYR,sidechain,B,115,VAL,sidechain,8.505855917516818
B,22,TYR,sidechain,B,116,ASP,sidechain,2.578565804708189
B,22,TYR,sidechain,B,118,GLU,sidechain,0.04149033556805031
B,22,TYR,sidechain,B,120,GLN,sidechain,0.7427291992804734
B,22,TYR,sidechain,B,123,VAL,sidechain,0.0033183121060720417
B,23,SER,sidechain,B,14,SER,sidechain,0.32930905685548867
B,23,SER,sidechain,B,18,SER,sidechain,0.004023114899758289
B,23,SER,sidechain,B,25,SER,sidechain,2.960377337556598
B,23,SER,sidechain,B,26,GLN,sidechain,2.1409373425404503
B,23,SER,sidechain,B,27,PHE,sidechain,0.00552264269385406
B,23,SER,sidechain,B,30,VAL,sidechain,0.0002262455959932058
B,23,SER,sidechain,B,31,GLU,sidechain,0.010593893438171844
B,23,SER,sidechain,B,32,GLU,sidechain,0.028892436649559594
B,23,SER,sidechain,B,33,ASN,sidechain,0.0033663733845419284
B,23,SER,sidechain,B,34,ARG,sidechain,0.013731630377736764
B,23,SER,sidechain,B,35,THR,sidechain,6.395805967232158e-05
B,24,TRP,sidechain,B,6,ARG,sidechain,0.003948464643899519
B,24,TRP,sidechain,B,9,VAL,sidechain,7.354956711324819e-05
B,24,TRP,sidechain,B,10,VAL,sidechain,5.237991779364453
B,24,TRP,sidechain,B,13,LEU,sidechain,3.2604029811939754
B,24,TRP,sidechain,B,14,SER,sidechain,4.1798770633941915
B,24,TRP,sidechain,B,17,LEU,sidechain,1.7003345834570798
B,24,TRP,sidechain,B,18,SER,sidechain,0.0029899065939775994
B,24,TRP,sidechain,B,22,TYR,sidechain,0.10346403991960722
B,24,TRP,sidechain,B,26,GLN,sidechain,3.285635685160971e-05
B,24,TRP,sidechain,B,27,PHE,sidechain,3.4046693698868675
B,24,TRP,sidechain,B,28,SER,sidechain,7.998766148016159
B,24,TRP,sidechain,B,29,ASP,sidechain,0.012160983710245177
B,24,TRP,sidechain,B,30,VAL,sidechain,0.6820251358411955
B,24,TRP,sidechain,B,31,GLU,sidechain,0.12083229666331495
B,24,TRP,sidechain,B,32,GLU,sidechain,0.38780385268220074
B,24,TRP,sidechain,B,33,ASN,sidechain,0.20056421195321852
B,24,TRP,sidechain,B,34,ARG,sidechain,0.04049425385427073
B,24,TRP,sidechain,B,35,THR,sidechain,0.00010915774870079686
B,24,TRP,sidechain,B,111,CYS,sidechain,0.04494933750292706
B,24,TRP,sidechain,B,115,VAL,sidechain,0.0014587330810794225
B,24,TRP,sidechain,B,120,GLN,sidechain,0.10701315426569194
B,24,TRP,sidechain,B,121,VAL,sidechain,3.6774783556624095e-05
B,24,TRP,sidechain,B,123,VAL,sidechain,2.2489618884035085
B,24,TRP,sidechain,B,124,SER,sidechain,0.4031802557077183
B,24,TRP,sidechain,B,126,ILE,sidechain,8.221025426750741e-05
B,24,TRP,sidechain,B,127,ALA,sidechain,0.8072388592190366
B,25,SER,sidechain,B,14,SER,sidechain,0.019968983267626098
B,25,SER,sidechain,B,17,LEU,sidechain,0.00013512914983947573
B,25,SER,sidechain,B,18,SER,sidechain,0.0068083482918986325
B,25,SER,sidechain,B,23,SER,sidechain,2.960377337556598
B,25,SER,sidechain,B,28,SER,sidechain,0.005342435980245829
B,25,SER,sidechain,B,29,ASP,sidechain,0.022495073116791855
B,25,SER,sidechain,B,30,VAL,sidechain,0.6526700632413451
B,25,SER,sidechain,B,31,GLU,sidechain,0.3032124670078482
B,25,SER,sidechain,B,32,GLU,sidechain,0.42956297354996326
B,25,SER,sidechain,B,33,ASN,sidechain,0.04538645886150086
B,25,SER,sidechain,B,34,ARG,sidechain,0.0087634685232197
B,25,SER,sidechain,B,35,THR,sidechain,0.0005436435072147336
B,25,SER,sidechain,B,36,GLU,sidechain,0.0018686650569366928
B,26,GLN,sidechain,B,17,LEU,sidechain,3.992856356798205e-05
B,26,GLN,sidechain,B,22,TYR,sidechain,2.4432721080222923
B,26,GLN,sidechain,B,23,SER,sidechain,2.1409373425404503
B,26,GLN,sidechain,B,24,TRP,sidechain,3.285635685160971e-05
B,26,GLN,sidechain,B,31,GLU,sidechain,0.0007900156575528265
B,26,GLN,sidechain,B,32,GLU,sidechain,0.0018093906995564728
B,26,GLN,sidechain,B,34,ARG,sidechain,0.0003154089749167074
B,26,GLN,sidechain,B,115,VAL,sidechain,0.34614562701416296
B,26,GLN,sidechain,B,116,ASP,sidechain,0.00010440226935396647
B,26,GLN,sidechain,B,118,GLU,sidechain,0.1461911232113486
B,26,GLN,sidechain,B,120,GLN,sidechain,0.502131799190322
B,26,GLN,sidechain,B,123,VAL,sidechain,0.0001002780858791987
B,27,PHE,sidechain,B,6,ARG,sidechain,0.0001817224102866711
B,27,PHE,sidechain,B,10,VAL,sidechain,0.00779963439027504
B,27,PHE,sidechain,B,13,LEU,sidechain,0.15004530964923346
B,27,PHE,sidechain,B,14,SER,sidechain,6.606031930447437e-05
B,27,PHE,sidechain,B,17,LEU,sidechain,1.173921862968997
B,27,PHE,sidechain,B,22,TYR,sidechain,2.298311445253693
B,27,PHE,sidechain,B,23,SER,sidechain,0.00552264269385406
B,27,PHE,sidechain,B,24,TRP,sidechain,3.4046693698868675
B,27,PHE,sidechain,B,31,GLU,sidechain,3.497957659365288e-05
B,27,PHE,sidechain,B,111,CYS,sidechain,0.06563548463412716
B,27,PHE,sidechain,B,114,SER,sidechain,0.0042807086909299455
B,27,PHE,sidechain,B,115,VAL,sidechain,3.929141198719326
B,27,PHE,sidechain,B,118,GLU,sidechain,0.04412090594346107
B,27,PHE,sidechain,B,120,GLN,sidechain,5.138610149640351
B,27,PHE,sidechain,B,121,VAL,sidechain,0.05153002149272418
B,27,PHE,sidechain,B,123,VAL,sidechain,5.268659584945391
B,27,PHE,sidechain,B,124,SER,sidechain,0.1339967516771958
B,27,PHE,sidechain,B,126,ILE,sidechain,0.0004018892031628286
B,27,PHE,sidechain,B,127,ALA,sidechain,0.013073899569095184
B,28,SER,sidechain,B,6,ARG,sidechain,0.020505198529518397
B,28,SER,sidechain,B,10,VAL,sidechain,0.06692021521484695
B,28,SER,sidechain,B,14,SER,sidechain,0.055053151259849574
B,28,SER,sidechain,B,17,LEU,sidechain,6.005739992865587e-05
B,28,SER,sidechain,B,24,TRP,sidechain,7.998766148016159
B,28,SER,sidechain,B,25,SER,sidechain,0.005342435980245829
B,28,SER,sidechain,B,30,VAL,sidechain,0.9313238355066662
B,28,SER,sidechain,B,31,GLU,sidechain,0.044014249264155016
B,28,SER,sidechain,B,32,GLU,sidechain,0.06714257293039437
B,28,SER,sidechain,B,33,ASN,sidechain,0.06601666743491014
B,28,SER,sidechain,B,120,GLN,sidechain,0.003046518608552061
B,28,SER,sidechain,B,121,VAL,sidechain,0.003393683939898084
B,28,SER,sidechain,B,123,VAL,sidechain,0.13112548327778642
B,28,SER,sidechain,B,124,SER,sidechain,1.854248770924389
B,28,SER,sidechain,B,127,ALA,sidechain,0.0018459163899148994
B,29,ASP,sidechain,B,6,ARG,sidechain,0.3420995593240387
B,29,ASP,sidechain,B,7,GLU,sidechain,3.8976957808794064e-05
B,29,ASP,sidechain,B,10,VAL,sidechain,0.014781931416499543
B,29,ASP,sidechain,B,24,TRP,sidechain,0.012160983710245177
B,29,ASP,sidechain,B,25,SER,sidechain,0.022495073116791855
B,29,ASP,sidechain,B,31,GLU,sidechain,0.05397009424591034
B,29,ASP,sidechain,B,33,ASN,sidechain,0.003446611895945394
B,29,ASP,sidechain,B,34,ARG,sidechain,0.004824007573769694
B,29,ASP,sidechain,B,118,GLU,sidechain,0.0025205099383020157
B,29,ASP,sidechain,B,120,GLN,sidechain,0.35850434267784775
B,29,ASP,sidechain,B,121,VAL,sidechain,0.001256172037370514
B,29,ASP,sidechain,B,124,SER,sidechain,0.43080714961823163
B,29,ASP,sidechain,B,125,ARG,sidechain,0.02721693161991052
B,29,ASP,sidechain,B,128,ALA,sidechain,3.0897037365684256e-05
B,30,VAL,sidechain,B,3,GLN,sidechain,4.297632251965659e-05
B,30,VAL,sidechain,B,6,ARG,sidechain,0.17976788683504122
B,30,VAL,sidechain,B,7,GLU,sidechain,0.021677955268694638
B,30,VAL,sidechain,B,10,VAL,sidechain,0.4038454147048421
B,30,VAL,sidechain,B,11,ASP,sidechain,0.02170548427363471
B,30,VAL,sidechain,B,14,SER,sidechain,0.05851680736367054
B,30,VAL,sidechain,B,18,SER,sidechain,0.00019392479656560498
B,30,VAL,sidechain,B,23,SER,sidechain,0.0002262455959932058
B,30,VAL,sidechain,B,24,TRP,sidechain,0.6820251358411955
B,30,VAL,sidechain,B,25,SER,sidechain,0.6526700632413451
B,30,VAL,sidechain,B,28,SER,sidechain,0.9313238355066662
B,30,VAL,sidechain,B,32,GLU,sidechain,0.12493347904853284
B,30,VAL,sidechain,B,33,ASN,sidechain,0.5044314987952677
B,30,VAL,sidechain,B,34,ARG,sidechain,0.05681078393324981
B,30,VAL,sidechain,B,35,THR,sidechain,0.0007932168084909194
B,30,VAL,sidechain,B,47,LYS,sidechain,0.0014114502176700721
B,30,VAL,sidechain,B,124,SER,sidechain,0.020798434431661107
B,30,VAL,sidechain,B,127,ALA,sidechain,0.0019332131355363127
B,31,GLU,sidechain,B,3,GLN,sidechain,0.0010321172300286924
B,31,GLU,sidechain,B,4,SER,sidechain,0.020742182131997258
B,31,GLU,sidechain,B,6,ARG,sidechain,4.581354162464716
B,31,GLU,sidechain,B,7,GLU,sidechain,0.1183819451892361
B,31,GLU,sidechain,B,10,VAL,sidechain,0.6410970034463148
B,31,GLU,sidechain,B,11,ASP,sidechain,0.0029102795163899555
B,31,GLU,sidechain,B,14,SER,sidechain,0.10648515955220655
B,31,GLU,sidechain,B,23,SER,sidechain,0.010593893438171844
B,31,GLU,sidechain,B,24,TRP,sidechain,0.12083229666331495
B,31,GLU,sidechain,B,25,SER,sidechain,0.3032124670078482
B,31,GLU,sidechain,B,26,GLN,sidechain,0.0007900156575528265
B,31,GLU,sidechain,B,27,PHE,sidechain,3.497957659365288e-05
B,31,GLU,sidechain,B,28,SER,sidechain,0.044014249264155016
B,31,GLU,sidechain,B,29,ASP,sidechain,0.05397009424591034
B,31,GLU,sidechain,B,33,ASN,sidechain,1.5328682235517315
B,31,GLU,sidechain,B,34,ARG,sidechain,0.25612589793044216
B,31,GLU,sidechain,B,35,THR,sidechain,0.005517402601528556
B,31,GLU,sidechain,B,36,GLU,sidechain,0.0010655897338079474
B,31,GLU,sidechain,B,38,PRO,sidechain,0.003992979251393629
B,31,GLU,sidechain,B,39,GLU,sidechain,0.0006723363796645381
B,31,GLU,sidechain,B,44,GLU,sidechain,0.00011417032862228008
B,31,GLU,sidechain,B,47,LYS,sidechain,0.001255456237791233
B,31,GLU,sidechain,B,51,ARG,sidechain,0.003000521348864999
B,31,GLU,sidechain,B,124,SER,sidechain,0.0032917253695269443
B,31,GLU,sidechain,B,125,ARG,sidechain,5.8149638543895326e-05
B,31,GLU,sidechain,B,127,ALA,sidechain,0.0004675979447942517
B,31,GLU,sidechain,B,128,ALA,sidechain,0.000527933163477381
B,31,GLU,sidechain,B,131,ALA,sidechain,0.0003620113120987755
B,32,GLU,sidechain,B,3,GLN,sidechain,0.05704677578812905
B,32,GLU,sidechain,B,4,SER,sidechain,0.00030186127842823506
B,32,GLU,sidechain,B,6,ARG,sidechain,1.0559625461739215
B,32,GLU,sidechain,B,7,GLU,sidechain,0.9601597781211565
B,32,GLU,sidechain,B,10,VAL,sidechain,0.7636487597777767
B,32,GLU,sidechain,B,11,ASP,sidechain,0.579574370297523
B,32,GLU,sidechain,B,14,SER,sidechain,0.19978904327970723
B,32,GLU,sidechain,B,18,SER,sidechain,0.0007330916761828565
B,32,GLU,sidechain,B,23,SER,sidechain,0.028892436649559594
B,32,GLU,sidechain,B,24,TRP,sidechain,0.38780385268220074
B,32,GLU,sidechain,B,25,SER,sidechain,0.42956297354996326
B,32,GLU,sidechain,B,26,GLN,sidechain,0.0018093906995564728
B,32,GLU,sidechain,B,28,SER,sidechain,0.06714257293039437
B,32,GLU,sidechain,B,30,VAL,sidechain,0.12493347904853284
B,32,GLU,sidechain,B,34,ARG,sidechain,6.527459745541591
B,32,GLU,sidechain,B,35,THR,sidechain,0.1063123048591176
B,32,GLU,sidechain,B,36,GLU,sidechain,0.019383584681649354
B,32,GLU,sidechain,B,37,ALA,sidechain,0.03338045973644121
B,32,GLU,sidechain,B,38,PRO,sidechain,0.041407509244767236
B,32,GLU,sidechain,B,39,GLU,sidechain,0.007154673926996207
B,32,GLU,sidechain,B,41,THR,sidechain,9.87770286718667e-05
B,32,GLU,sidechain,B,42,GLU,sidechain,0.006596507875953957
B,32,GLU,sidechain,B,43,SER,sidechain,4.3123039775462147e-05
B,32,GLU,sidechain,B,44,GLU,sidechain,0.21118973676707514
B,32,GLU,sidechain,B,47,LYS,sidechain,0.9738695532312612
B,32,GLU,sidechain,B,48,GLN,sidechain,3.8226564075136775e-05
B,32,GLU,sidechain,B,51,ARG,sidechain,0.05891721377267461
B,32,GLU,sidechain,B,124,SER,sidechain,0.0019692854830794374
B,32,GLU,sidechain,B,127,ALA,sidechain,0.00015083804670782314
B,33,ASN,sidechain,B,2,SER,sidechain,0.001623604862456063
B,33,ASN,sidechain,B,3,GLN,sidechain,0.5354670233214082
B,33,ASN,sidechain,B,4,SER,sidechain,0.048782623160950174
B,33,ASN,sidechain,B,6,ARG,sidechain,1.2234970120817992
B,33,ASN,sidechain,B,7,GLU,sidechain,0.5457083438898461
B,33,ASN,sidechain,B,10,VAL,sidechain,0.3532143683700978
B,33,ASN,sidechain,B,11,ASP,sidechain,0.10257709388753183
B,33,ASN,sidechain,B,14,SER,sidechain,0.03503411593116186
B,33,ASN,sidechain,B,18,SER,sidechain,0.015684916698772793
B,33,ASN,sidechain,B,23,SER,sidechain,0.0033663733845419284
B,33,ASN,sidechain,B,24,TRP,sidechain,0.20056421195321852
B,33,ASN,sidechain,B,25,SER,sidechain,0.04538645886150086
B,33,ASN,sidechain,B,28,SER,sidechain,0.06601666743491014
B,33,ASN,sidechain,B,29,ASP,sidechain,0.003446611895945394
B,33,ASN,sidechain,B,30,VAL,sidechain,0.5044314987952677
B,33,ASN,sidechain,B,31,GLU,sidechain,1.5328682235517315
B,33,ASN,sidechain,B,35,THR,sidechain,0.07577414760908821
B,33,ASN,sidechain,B,36,GLU,sidechain,0.19264702092610936
B,33,ASN,sidechain,B,37,ALA,sidechain,0.009503426324213443
B,33,ASN,sidechain,B,38,PRO,sidechain,0.03458430591639426
B,33,ASN,sidechain,B,39,GLU,sidechain,0.01954732992952063
B,33,ASN,sidechain,B,41,THR,sidechain,0.18200710445588197
B,33,ASN,sidechain,B,43,SER,sidechain,0.003381268841995653
B,33,ASN,sidechain,B,44,GLU,sidechain,0.0611922130611421
B,33,ASN,sidechain,B,47,LYS,sidechain,0.022172447227793702
B,33,ASN,sidechain,B,51,ARG,sidechain,0.0007351442814068627
B,33,ASN,sidechain,B,124,SER,sidechain,4.468637236117605e-05
B,34,ARG,sidechain,B,2,SER,sidechain,0.012743269266095425
B,34,ARG,sidechain,B,3,GLN,sidechain,0.3727900447237748
B,34,ARG,sidechain,B,4,SER,sidechain,0.1333233248863385
B,34,ARG,sidechain,B,6,ARG,sidechain,0.006407930026624611
B,34,ARG,sidechain,B,7,GLU,sidechain,2.601033332069102
B,34,ARG,sidechain,B,10,VAL,sidechain,0.3513508367904025
B,34,ARG,sidechain,B,11,ASP,sidechain,2.0358622185589317
B,34,ARG,sidechain,B,14,SER,sidechain,0.044265399653375705
B,34,ARG,sidechain,B,15,TYR,sidechain,0.2631766365244197
B,34,ARG,sidechain,B,18,SER,sidechain,0.0035581000019087507
B,34,ARG,sidechain,B,23,SER,sidechain,0.013731630377736764
B,34,ARG,sidechain,B,24,TRP,sidechain,0.04049425385427073
B,34,ARG,sidechain,B,25,SER,sidechain,0.0087634685232197
B,34,ARG,sidechain,B,26,GLN,sidechain,0.0003154089749167074
B,34,ARG,sidechain,B,29,ASP,sidechain,0.004824007573769694
B,34,ARG,sidechain,B,30,VAL,sidechain,0.05681078393324981
B,34,ARG,sidechain,B,31,GLU,sidechain,0.25612589793044216
B,34,ARG,sidechain,B,32,GLU,sidechain,6.527459745541591
B,34,ARG,sidechain,B,36,GLU,sidechain,2.5510479027762343
B,34,ARG,sidechain,B,37,ALA,sidechain,0.3462119995274548
B,34,ARG,sidechain,B,38,PRO,sidechain,1.1992661365904842
B,34,ARG,sidechain,B,39,GLU,sidechain,0.30226182115117134
B,34,ARG,sidechain,B,41,THR,sidechain,0.660484259328158
B,34,ARG,sidechain,B,42,GLU,sidechain,1.434749291648658
B,34,ARG,sidechain,B,43,SER,sidechain,0.1349310589612724
B,34,ARG,sidechain,B,44,GLU,sidechain,1.6305972742648003
B,34,ARG,sidechain,B,47,LYS,sidechain,0.2556166132776847
B,34,ARG,sidechain,B,48,GLN,sidechain,0.021225855830505843
B,34,ARG,sidechain,B,51,ARG,sidechain,0.17628737946790804
B,35,THR,sidechain,B,1,MET,sidechain,0.037350430838135815
B,35,THR,sidechain,B,2,SER,sidechain,0.2678563539076765
B,35,THR,sidechain,B,3,GLN,sidechain,0.309757709520395
B,35,THR,sidechain,B,4,SER,sidechain,0.27254128177867104
B,35,THR,sidechain,B,6,ARG,sidechain,0.005355802239973432
B,35,THR,sidechain,B,7,GLU,sidechain,0.7848681588225186
B,35,THR,sidechain,B,10,VAL,sidechain,0.00034901539573600467
B,35,THR,sidechain,B,11,ASP,sidechain,0.0006358966499107529
B,35,THR,sidechain,B,14,SER,sidechain,0.0005436435072147336
B,35,THR,sidechain,B,15,TYR,sidechain,0.0001997398207025624
B,35,THR,sidechain,B,18,SER,sidechain,0.0003677588431158492
B,35,THR,sidechain,B,23,SER,sidechain,6.395805967232158e-05
B,35,THR,sidechain,B,24,TRP,sidechain,0.00010915774870079686
B,35,THR,sidechain,B,25,SER,sidechain,0.0005436435072147336
B,35,THR,sidechain,B,30,VAL,sidechain,0.0007932168084909194
B,35,THR,sidechain,B,31,GLU,sidechain,0.005517402601528556
B,35,THR,sidechain,B,32,GLU,sidechain,0.1063123048591176
B,35,THR,sidechain,B,33,ASN,sidechain,0.07577414760908821
B,35,THR,sidechain,B,37,ALA,sidechain,0.02667811869152917
B,35,THR,sidechain,B,38,PRO,sidechain,0.12197047779103498
B,35,THR,sidechain,B,39,GLU,sidechain,0.12732358995803492
B,35,THR,sidechain,B,41,THR,sidechain,0.038833343958676714
B,35,THR,sidechain,B,42,GLU,sidechain,0.017652866124072183
B,35,THR,sidechain,B,43,SER,sidechain,0.017828309133659608
B,35,THR,sidechain,B,44,GLU,sidechain,0.17384757046248356
B,35,THR,sidechain,B,47,LYS,sidechain,0.0023425582826217834
B,35,THR,sidechain,B,51,ARG,sidechain,0.005161751434177301
B,36,GLU,sidechain,B,1,MET,sidechain,0.016957926408464562
B,36,GLU,sidechain,B,2,SER,sidechain,0.04696099031547809
B,36,GLU,sidechain,B,3,GLN,sidechain,0.4502197294889298
B,36,GLU,sidechain,B,4,SER,sidechain,0.00033060997161187645
B,36,GLU,sidechain,B,6,ARG,sidechain,0.0017444891563168593
B,36,GLU,sidechain,B,7,GLU,sidechain,0.02800978728866628
B,36,GLU,sidechain,B,11,ASP,sidechain,0.010575747885452782
B,36,GLU,sidechain,B,14,SER,sidechain,0.00014374346591820717
B,36,GLU,sidechain,B,15,TYR,sidechain,0.0004040173330943526
B,36,GLU,sidechain,B,25,SER,sidechain,0.0018686650569366928
B,36,GLU,sidechain,B,31,GLU,sidechain,0.0010655897338079474
B,36,GLU,sidechain,B,32,GLU,sidechain,0.019383584681649354
B,36,GLU,sidechain,B,33,ASN,sidechain,0.19264702092610936
B,36,GLU,sidechain,B,34,ARG,sidechain,2.5510479027762343
B,36,GLU,sidechain,B,38,PRO,sidechain,0.08264209419124587
B,36,GLU,sidechain,B,39,GLU,sidechain,0.010313386352212621
B,36,GLU,sidechain,B,41,THR,sidechain,0.04199434818963931
B,36,GLU,sidechain,B,42,GLU,sidechain,0.28137911768563995
B,36,GLU,sidechain,B,43,SER,sidechain,0.37013942473937533
B,36,GLU,sidechain,B,44,GLU,sidechain,0.1791078744242189
B,36,GLU,sidechain,B,47,LYS,sidechain,0.007897224721590006
B,36,GLU,sidechain,B,48,GLN,sidechain,0.05496979914004661
B,36,GLU,sidechain,B,51,ARG,sidechain,0.018933522309892304
B,37,ALA,sidechain,B,1,MET,sidechain,0.0313480684179295
B,37,ALA,sidechain,B,2,SER,sidechain,0.11851466895990984
B,37,ALA,sidechain,B,3,GLN,sidechain,0.1493140914706052
B,37,ALA,sidechain,B,7,GLU,sidechain,0.020574309570947087
B,37,ALA,sidechain,B,32,GLU,sidechain,0.03338045973644121
B,37,ALA,sidechain,B,33,ASN,sidechain,0.009503426324213443
B,37,ALA,sidechain,B,34,ARG,sidechain,0.3462119995274548
B,37,ALA,sidechain,B,35,THR,sidechain,0.02667811869152917
B,37,ALA,sidechain,B,39,GLU,sidechain,0.22016321297474048
B,37,ALA,sidechain,B,41,THR,sidechain,0.1817467809224216
B,37,ALA,sidechain,B,42,GLU,sidechain,0.014570955311975692
B,37,ALA,sidechain,B,43,SER,sidechain,0.006221421906750216
B,37,ALA,sidechain,B,44,GLU,sidechain,0.5412521630017675
B,37,ALA,sidechain,B,47,LYS,sidechain,0.0005778582116805754
B,37,ALA,sidechain,B,48,GLN,sidechain,0.0011363325073866575
B,37,ALA,sidechain,B,51,ARG,sidechain,8.29714010690574e-05
B,38,PRO,sidechain,B,1,MET,sidechain,0.03206728254587303
B,38,PRO,sidechain,B,2,SER,sidechain,0.01524805578483448
B,38,PRO,sidechain,B,3,GLN,sidechain,0.1962446604739785
B,38,PRO,sidechain,B,4,SER,sidechain,0.06459047929416983
B,38,PRO,sidechain,B,6,ARG,sidechain,5.7648711079683336e-05
B,38,PRO,sidechain,B,7,GLU,sidechain,0.17583257057810261
B,38,PRO,sidechain,B,10,VAL,sidechain,8.836846830260258e-05
B,38,PRO,sidechain,B,11,ASP,sidechain,0.00012880397515500802
B,38,PRO,sidechain,B,31,GLU,sidechain,0.003992979251393629
B,38,PRO,sidechain,B,32,GLU,sidechain,0.041407509244767236
B,38,PRO,sidechain,B,33,ASN,sidechain,0.03458430591639426
B,38,PRO,sidechain,B,34,ARG,sidechain,1.1992661365904842
B,38,PRO,sidechain,B,35,THR,sidechain,0.12197047779103498
B,38,PRO,sidechain,B,36,GLU,sidechain,0.08264209419124587
B,38,PRO,sidechain,B,41,THR,sidechain,0.890305797243637
B,38,PRO,sidechain,B,42,GLU,sidechain,0.063934829194559
B,38,PRO,sidechain,B,43,SER,sidechain,0.04706234040132289
B,38,PRO,sidechain,B,44,GLU,sidechain,0.3260880654002309
B,38,PRO,sidechain,B,47,LYS,sidechain,0.0035131000656070496
B,38,PRO,sidechain,B,48,GLN,sidechain,0.0035686589368458216
B,38,PRO,sidechain,B,51,ARG,sidechain,0.0004035409775577834
B,38,PRO,sidechain,B,143,GLN,sidechain,7.89526313461465e-05
B,38,PRO,sidechain,B,149,ASP,sidechain,3.2200993788752005e-05
B,39,GLU,sidechain,B,1,MET,sidechain,0.041142933983824244
B,39,GLU,sidechain,B,2,SER,sidechain,0.17896061506816333
B,39,GLU,sidechain,B,3,GLN,sidechain,0.28816458218640123
B,39,GLU,sidechain,B,4,SER,sidechain,0.00010062042614274502
B,39,GLU,sidechain,B,7,GLU,sidechain,0.01425860548571586
B,39,GLU,sidechain,B,31,GLU,sidechain,0.0006723363796645381
B,39,GLU,sidechain,B,32,GLU,sidechain,0.007154673926996207
B,39,GLU,sidechain,B,33,ASN,sidechain,0.01954732992952063
B,39,GLU,sidechain,B,34,ARG,sidechain,0.30226182115117134
B,39,GLU,sidechain,B,35,THR,sidechain,0.12732358995803492
B,39,GLU,sidechain,B,36,GLU,sidechain,0.010313386352212621
B,39,GLU,sidechain,B,37,ALA,sidechain,0.22016321297474048
B,39,GLU,sidechain,B,41,THR,sidechain,0.31337717896353545
B,39,GLU,sidechain,B,42,GLU,sidechain,0.010059674510829765
B,39,GLU,sidechain,B,43,SER,sidechain,0.01214632287008851
B,39,GLU,sidechain,B,44,GLU,sidechain,0.033692932535641956
B,39,GLU,sidechain,B,48,GLN,sidechain,0.00908518006185751
B,39,GLU,sidechain,B,143,GLN,sidechain,0.0004969453329767779
B,39,GLU,sidechain,B,148,TRP,sidechain,3.271042140317152e-05
B,39,GLU,sidechain,B,149,ASP,sidechain,0.04536917888943623
B,41,THR,sidechain,B,1,MET,sidechain,0.14727902655762992
B,41,THR,sidechain,B,2,SER,sidechain,0.10113368185685845
B,41,THR,sidechain,B,3,GLN,sidechain,0.7685687764726592
B,41,THR,sidechain,B,4,SER,sidechain,0.10866474338327248
B,41,THR,sidechain,B,7,GLU,sidechain,0.3507148958015069
B,41,THR,sidechain,B,11,ASP,sidechain,0.00015897416247768822
B,41,THR,sidechain,B,32,GLU,sidechain,9.87770286718667e-05
B,41,THR,sidechain,B,33,ASN,sidechain,0.18200710445588197
B,41,THR,sidechain,B,34,ARG,sidechain,0.660484259328158
B,41,THR,sidechain,B,35,THR,sidechain,0.038833343958676714
B,41,THR,sidechain,B,36,GLU,sidechain,0.04199434818963931
B,41,THR,sidechain,B,37,ALA,sidechain,0.1817467809224216
B,41,THR,sidechain,B,38,PRO,sidechain,0.890305797243637
B,41,THR,sidechain,B,39,GLU,sidechain,0.31337717896353545
B,41,THR,sidechain,B,43,SER,sidechain,1.18394363210951
B,41,THR,sidechain,B,44,GLU,sidechain,0.5462228575513051
B,41,THR,sidechain,B,45,ALA,sidechain,0.0016107543360923085
B,41,THR,sidechain,B,46,VAL,sidechain,0.10816304400581885
B,41,THR,sidechain,B,47,LYS,sidechain,0.03727070293248273
B,41,THR,sidechain,B,48,GLN,sidechain,0.002324529347549409
B,41,THR,sidechain,B,148,TRP,sidechain,0.09428803760000205
B,41,THR,sidechain,B,149,ASP,sidechain,0.9351004758903841
B,41,THR,sidechain,B,152,VAL,sidechain,0.14810944248142774
B,42,GLU,sidechain,B,1,MET,sidechain,0.5614792441404618
B,42,GLU,sidechain,B,2,SER,sidechain,0.14815639032189315
B,42,GLU,sidechain,B,3,GLN,sidechain,0.23462190810516179
B,42,GLU,sidechain,B,4,SER,sidechain,0.1299440931900559
B,42,GLU,sidechain,B,7,GLU,sidechain,0.040555837845048064
B,42,GLU,sidechain,B,11,ASP,sidechain,0.00019488478904397034
B,42,GLU,sidechain,B,32,GLU,sidechain,0.006596507875953957
B,42,GLU,sidechain,B,34,ARG,sidechain,1.434749291648658
B,42,GLU,sidechain,B,35,THR,sidechain,0.017652866124072183
B,42,GLU,sidechain,B,36,GLU,sidechain,0.28137911768563995
B,42,GLU,sidechain,B,37,ALA,sidechain,0.014570955311975692
B,42,GLU,sidechain,B,38,PRO,sidechain,0.063934829194559
B,42,GLU,sidechain,B,39,GLU,sidechain,0.010059674510829765
B,42,GLU,sidechain,B,44,GLU,sidechain,0.7491856964192544
B,42,GLU,sidechain,B,45,ALA,sidechain,0.35783309820498826
B,42,GLU,sidechain,B,46,VAL,sidechain,0.0013691340169701906
B,42,GLU,sidechain,B,47,LYS,sidechain,0.12443866236515543
B,42,GLU,sidechain,B,48,GLN,sidechain,8.919531617531912e-05
B,42,GLU,sidechain,B,51,ARG,sidechain,0.002453914746552383
B,42,GLU,sidechain,B,148,TRP,sidechain,0.0043286790990197
B,42,GLU,sidechain,B,149,ASP,sidechain,0.6372732601738258
B,42,GLU,sidechain,B,152,VAL,sidechain,0.003151860601566791
B,43,SER,sidechain,B,1,MET,sidechain,0.6996686330728447
B,43,SER,sidechain,B,2,SER,sidechain,0.5513459083271426
B,43,SER,sidechain,B,3,GLN,sidechain,1.1384594586052013
B,43,SER,sidechain,B,4,SER,sidechain,0.8720549462875951
B,43,SER,sidechain,B,5,ASN,sidechain,4.468637236117605e-05
B,43,SER,sidechain,B,7,GLU,sidechain,4.500766035713152
B,43,SER,sidechain,B,8,LEU,sidechain,0.09730800223440093
B,43,SER,sidechain,B,32,GLU,sidechain,4.3123039775462147e-05
B,43,SER,sidechain,B,33,ASN,sidechain,0.003381268841995653
B,43,SER,sidechain,B,34,ARG,sidechain,0.1349310589612724
B,43,SER,sidechain,B,35,THR,sidechain,0.017828309133659608
B,43,SER,sidechain,B,36,GLU,sidechain,0.37013942473937533
B,43,SER,sidechain,B,37,ALA,sidechain,0.006221421906750216
B,43,SER,sidechain,B,38,PRO,sidechain,0.04706234040132289
B,43,SER,sidechain,B,39,GLU,sidechain,0.01214632287008851
B,43,SER,sidechain,B,41,THR,sidechain,1.18394363210951
B,43,SER,sidechain,B,45,ALA,sidechain,0.024270382163695647
B,43,SER,sidechain,B,46,VAL,sidechain,0.30072887827412137
B,43,SER,sidechain,B,47,LYS,sidechain,2.5390125275138957
B,43,SER,sidechain,B,48,GLN,sidechain,0.059053370184729344
B,43,SER,sidechain,B,51,ARG,sidechain,0.005363506299173561
B,43,SER,sidechain,B,149,ASP,sidechain,8.833143894028162e-05
B,43,SER,sidechain,B,152,VAL,sidechain,3.232079942760083e-05
B,44,GLU,sidechain,B,7,GLU,sidechain,0.06675158546782532
B,44,GLU,sidechain,B,11,ASP,sidechain,0.010328893819330477
B,44,GLU,sidechain,B,15,TYR,sidechain,0.2538800030350231
B,44,GLU,sidechain,B,31,GLU,sidechain,0.00011417032862228008
B,44,GLU,sidechain,B,32,GLU,sidechain,0.21118973676707514
B,44,GLU,sidechain,B,33,ASN,sidechain,0.0611922130611421
B,44,GLU,sidechain,B,34,ARG,sidechain,1.6305972742648003
B,44,GLU,sidechain,B,35,THR,sidechain,0.17384757046248356
B,44,GLU,sidechain,B,36,GLU,sidechain,0.1791078744242189
B,44,GLU,sidechain,B,37,ALA,sidechain,0.5412521630017675
B,44,GLU,sidechain,B,38,PRO,sidechain,0.3260880654002309
B,44,GLU,sidechain,B,39,GLU,sidechain,0.033692932535641956
B,44,GLU,sidechain,B,41,THR,sidechain,0.5462228575513051
B,44,GLU,sidechain,B,42,GLU,sidechain,0.7491856964192544
B,44,GLU,sidechain,B,47,LYS,sidechain,6.770823985228756
B,44,GLU,sidechain,B,48,GLN,sidechain,0.7149132013332086
B,44,GLU,sidechain,B,51,ARG,sidechain,0.17668186175177344
B,45,ALA,sidechain,B,1,MET,sidechain,0.07180445650965041
B,45,ALA,sidechain,B,41,THR,sidechain,0.0016107543360923085
B,45,ALA,sidechain,B,42,GLU,sidechain,0.35783309820498826
B,45,ALA,sidechain,B,43,SER,sidechain,0.024270382163695647
B,45,ALA,sidechain,B,48,GLN,sidechain,0.0029696156193037932
B,45,ALA,sidechain,B,152,VAL,sidechain,0.9330636240660812
B,46,VAL,sidechain,B,1,MET,sidechain,1.3749468626309866
B,46,VAL,sidechain,B,2,SER,sidechain,0.20489770797128415
B,46,VAL,sidechain,B,3,GLN,sidechain,0.42462039193503187
B,46,VAL,sidechain,B,4,SER,sidechain,0.22130051368078482
B,46,VAL,sidechain,B,5,ASN,sidechain,0.0003103557211620156
B,46,VAL,sidechain,B,8,LEU,sidechain,2.6780732280390054
B,46,VAL,sidechain,B,41,THR,sidechain,0.10816304400581885
B,46,VAL,sidechain,B,42,GLU,sidechain,0.0013691340169701906
B,46,VAL,sidechain,B,43,SER,sidechain,0.30072887827412137
B,46,VAL,sidechain,B,50,LEU,sidechain,0.003843375846662247
B,46,VAL,sidechain,B,148,TRP,sidechain,9.57447425635777
B,46,VAL,sidechain,B,149,ASP,sidechain,0.00030673968354396274
B,46,VAL,sidechain,B,151,PHE,sidechain,0.03619292529672166
B,46,VAL,sidechain,B,152,VAL,sidechain,1.5359337678486022
B,47,LYS,sidechain,B,1,MET,sidechain,0.007100296474267633
B,47,LYS,sidechain,B,2,SER,sidechain,0.0009025016665560877
B,47,LYS,sidechain,B,3,GLN,sidechain,0.0006779878361960714
B,47,LYS,sidechain,B,4,SER,sidechain,0.0064398847732222595
B,47,LYS,sidechain,B,7,GLU,sidechain,8.006543910985423
B,47,LYS,sidechain,B,8,LEU,sidechain,0.4598622961294314
B,47,LYS,sidechain,B,11,ASP,sidechain,11.983492614893386
B,47,LYS,sidechain,B,12,PHE,sidechain,0.00018611974175212833
B,47,LYS,sidechain,B,15,TYR,sidechain,0.35136849254819363
B,47,LYS,sidechain,B,30,VAL,sidechain,0.0014114502176700721
B,47,LYS,sidechain,B,31,GLU,sidechain,0.001255456237791233
B,47,LYS,sidechain,B,32,GLU,sidechain,0.9738695532312612
B,47,LYS,sidechain,B,33,ASN,sidechain,0.022172447227793702
B,47,LYS,sidechain,B,34,ARG,sidechain,0.2556166132776847
B,47,LYS,sidechain,B,35,THR,sidechain,0.0023425582826217834
B,47,LYS,sidechain,B,36,GLU,sidechain,0.007897224721590006
B,47,LYS,sidechain,B,37,ALA,sidechain,0.0005778582116805754
B,47,LYS,sidechain,B,38,PRO,sidechain,0.0035131000656070496
B,47,LYS,sidechain,B,41,THR,sidechain,0.03727070293248273
B,47,LYS,sidechain,B,42,GLU,sidechain,0.12443866236515543
B,47,LYS,sidechain,B,43,SER,sidechain,2.5390125275138957
B,47,LYS,sidechain,B,44,GLU,sidechain,6.770823985228756
B,47,LYS,sidechain,B,51,ARG,sidechain,1.145633710559168
B,48,GLN,sidechain,B,11,ASP,sidechain,0.0011484249628936308
B,48,GLN,sidechain,B,15,TYR,sidechain,0.1675021350510535
B,48,GLN,sidechain,B,32,GLU,sidechain,3.8226564075136775e-05
B,48,GLN,sidechain,B,34,ARG,sidechain,0.021225855830505843
B,48,GLN,sidechain,B,36,GLU,sidechain,0.05496979914004661
B,48,GLN,sidechain,B,37,ALA,sidechain,0.0011363325073866575
B,48,GLN,sidechain,B,38,PRO,sidechain,0.0035686589368458216
B,48,GLN,sidechain,B,39,GLU,sidechain,0.00908518006185751
B,48,GLN,sidechain,B,41,THR,sidechain,0.002324529347549409
B,48,GLN,sidechain,B,42,GLU,sidechain,8.919531617531912e-05
B,48,GLN,sidechain,B,43,SER,sidechain,0.059053370184729344
B,48,GLN,sidechain,B,44,GLU,sidechain,0.7149132013332086
B,48,GLN,sidechain,B,45,ALA,sidechain,0.0029696156193037932
B,48,GLN,sidechain,B,51,ARG,sidechain,2.3846203503225585
B,48,GLN,sidechain,B,52,GLU,sidechain,0.2789519802442928
B,48,GLN,sidechain,B,156,GLY,sidechain,0.3881910236558488
B,49,ALA,sidechain,B,151,PHE,sidechain,0.35052746851051436
B,49,ALA,sidechain,B,152,VAL,sidechain,0.9082879715133266
B,49,ALA,sidechain,B,155,TYR,sidechain,0.018935642708013442
B,50,LEU,sidechain,B,8,LEU,sidechain,2.109161114482953
B,50,LEU,sidechain,B,12,PHE,sidechain,4.179724014921586
B,50,LEU,sidechain,B,46,VAL,sidechain,0.003843375846662247
B,50,LEU,sidechain,B,53,ALA,sidechain,9.45323758306731e-05
B,50,LEU,sidechain,B,97,TRP,sidechain,3.416682016633329e-05
B,50,LEU,sidechain,B,100,ILE,sidechain,4.2816728998616265e-05
B,50,LEU,sidechain,B,101,VAL,sidechain,0.07509479706598356
B,50,LEU,sidechain,B,104,PHE,sidechain,9.362839501112324
B,50,LEU,sidechain,B,148,TRP,sidechain,0.7928182840796126
B,50,LEU,sidechain,B,151,PHE,sidechain,2.07777434757167
B,51,ARG,sidechain,B,11,ASP,sidechain,6.452699730839637
B,51,ARG,sidechain,B,12,PHE,sidechain,0.05214364219872701
B,51,ARG,sidechain,B,14,SER,sidechain,0.0035844562982191904
B,51,ARG,sidechain,B,15,TYR,sidechain,16.306436334038022
B,51,ARG,sidechain,B,16,LYS,sidechain,0.0010890995433541339
B,51,ARG,sidechain,B,19,GLN,sidechain,0.07707660801853435
B,51,ARG,sidechain,B,31,GLU,sidechain,0.003000521348864999
B,51,ARG,sidechain,B,32,GLU,sidechain,0.05891721377267461
B,51,ARG,sidechain,B,33,ASN,sidechain,0.0007351442814068627
B,51,ARG,sidechain,B,34,ARG,sidechain,0.17628737946790804
B,51,ARG,sidechain,B,35,THR,sidechain,0.005161751434177301
B,51,ARG,sidechain,B,36,GLU,sidechain,0.018933522309892304
B,51,ARG,sidechain,B,37,ALA,sidechain,8.29714010690574e-05
B,51,ARG,sidechain,B,38,PRO,sidechain,0.0004035409775577834
B,51,ARG,sidechain,B,42,GLU,sidechain,0.002453914746552383
B,51,ARG,sidechain,B,43,SER,sidechain,0.005363506299173561
B,51,ARG,sidechain,B,44,GLU,sidechain,0.17668186175177344
B,51,ARG,sidechain,B,47,LYS,sidechain,1.145633710559168
B,51,ARG,sidechain,B,48,GLN,sidechain,2.3846203503225585
B,51,ARG,sidechain,B,55,ASP,sidechain,1.302791734292953
B,51,ARG,sidechain,B,156,GLY,sidechain,0.002131660476764132
B,52,GLU,sidechain,B,15,TYR,sidechain,0.0005611351848532675
B,52,GLU,sidechain,B,48,GLN,sidechain,0.2789519802442928
B,52,GLU,sidechain,B,55,ASP,sidechain,0.021736150138037615
B,52,GLU,sidechain,B,56,GLU,sidechain,0.01548910791642269
B,52,GLU,sidechain,B,155,TYR,sidechain,2.255606325258606
B,52,GLU,sidechain,B,156,GLY,sidechain,2.348078253787965
B,53,ALA,sidechain,B,50,LEU,sidechain,9.45323758306731e-05
B,53,ALA,sidechain,B,101,VAL,sidechain,2.4063246554355175
B,53,ALA,sidechain,B,151,PHE,sidechain,0.1832009638452085
B,53,ALA,sidechain,B,155,TYR,sidechain,4.78356502972864
B,55,ASP,sidechain,B,12,PHE,sidechain,0.00046572960245447505
B,55,ASP,sidechain,B,15,TYR,sidechain,6.048840742154262
B,55,ASP,sidechain,B,16,LYS,sidechain,3.2492334488131056
B,55,ASP,sidechain,B,19,GLN,sidechain,4.046840764697957
B,55,ASP,sidechain,B,51,ARG,sidechain,1.302791734292953
B,55,ASP,sidechain,B,52,GLU,sidechain,0.021736150138037615
B,55,ASP,sidechain,B,58,GLU,sidechain,0.5367257013464406
B,55,ASP,sidechain,B,59,LEU,sidechain,0.0007328226209639941
B,55,ASP,sidechain,B,62,ARG,sidechain,3.573338943533108e-05
B,56,GLU,sidechain,B,52,GLU,sidechain,0.01548910791642269
B,56,GLU,sidechain,B,59,LEU,sidechain,0.3203285494607589
B,56,GLU,sidechain,B,60,ARG,sidechain,6.035141645772456
B,56,GLU,sidechain,B,63,ARG,sidechain,0.004861309782269657
B,56,GLU,sidechain,B,155,TYR,sidechain,1.1063004623456918
B,56,GLU,sidechain,B,156,GLY,sidechain,0.020140420168484954
B,57,PHE,sidechain,B,60,ARG,sidechain,0.0005237881237674636
B,57,PHE,sidechain,B,61,TYR,sidechain,1.094314659290827
B,57,PHE,sidechain,B,68,LEU,sidechain,0.001985177392274871
B,57,PHE,sidechain,B,101,VAL,sidechain,4.410254108621168
B,57,PHE,sidechain,B,102,ALA,sidechain,3.686798086014835
B,57,PHE,sidechain,B,105,SER,sidechain,8.061142583768968
B,58,GLU,sidechain,B,16,LYS,sidechain,6.500603904455114
B,58,GLU,sidechain,B,19,GLN,sidechain,0.5818720161637632
B,58,GLU,sidechain,B,20,LYS,sidechain,0.948719929887119
B,58,GLU,sidechain,B,55,ASP,sidechain,0.5367257013464406
B,58,GLU,sidechain,B,62,ARG,sidechain,3.720879071148173
B,58,GLU,sidechain,B,67,ASP,sidechain,0.17017339779318472
B,58,GLU,sidechain,B,68,LEU,sidechain,0.13007922937152133
B,58,GLU,sidechain,B,69,THR,sidechain,0.0018344305324775243
B,58,GLU,sidechain,B,105,SER,sidechain,0.12758670034899597
B,58,GLU,sidechain,B,109,ALA,sidechain,0.0006033521868312925
B,59,LEU,sidechain,B,55,ASP,sidechain,0.0007328226209639941
B,59,LEU,sidechain,B,56,GLU,sidechain,0.3203285494607589
B,59,LEU,sidechain,B,62,ARG,sidechain,0.7534270432059536
B,59,LEU,sidechain,B,63,ARG,sidechain,6.278740909461722
B,60,ARG,sidechain,B,56,GLU,sidechain,6.035141645772456
B,60,ARG,sidechain,B,57,PHE,sidechain,0.0005237881237674636
B,60,ARG,sidechain,B,63,ARG,sidechain,2.0099895920611845
B,60,ARG,sidechain,B,64,ALA,sidechain,0.02751884802123742
B,60,ARG,sidechain,B,155,TYR,sidechain,0.0053090091264944425
B,61,TYR,sidechain,B,57,PHE,sidechain,1.094314659290827
B,61,TYR,sidechain,B,64,ALA,sidechain,0.00012009921379289784
B,61,TYR,sidechain,B,65,PHE,sidechain,9.529069284816515
B,61,TYR,sidechain,B,68,LEU,sidechain,8.868229168993922
B,61,TYR,sidechain,B,71,GLN,sidechain,6.914301908697483
B,61,TYR,sidechain,B,106,PHE,sidechain,0.00010315256905096461
B,62,ARG,sidechain,B,19,GLN,sidechain,0.00017522720828705966
B,62,ARG,sidechain,B,20,LYS,sidechain,0.00102721888748174
B,62,ARG,sidechain,B,55,ASP,sidechain,3.573338943533108e-05
B,62,ARG,sidechain,B,58,GLU,sidechain,3.720879071148173
B,62,ARG,sidechain,B,59,LEU,sidechain,0.7534270432059536
B,62,ARG,sidechain,B,66,SER,sidechain,0.14551311192991284
B,62,ARG,sidechain,B,67,ASP,sidechain,11.972960486630212
B,62,ARG,sidechain,B,68,LEU,sidechain,0.0074830069751845845
B,62,ARG,sidechain,B,69,THR,sidechain,0.0006856461804796904
B,63,ARG,sidechain,B,56,GLU,sidechain,0.004861309782269657
B,63,ARG,sidechain,B,59,LEU,sidechain,6.278740909461722
B,63,ARG,sidechain,B,60,ARG,sidechain,2.0099895920611845
B,64,ALA,sidechain,B,60,ARG,sidechain,0.02751884802123742
B,64,ALA,sidechain,B,61,TYR,sidechain,0.00012009921379289784
B,65,PHE,sidechain,B,61,TYR,sidechain,9.529069284816515
B,65,PHE,sidechain,B,71,GLN,sidechain,0.6186214264639496
B,66,SER,sidechain,B,62,ARG,sidechain,0.14551311192991284
B,66,SER,sidechain,B,70,SER,sidechain,0.23040883956265493
B,66,SER,sidechain,B,71,GLN,sidechain,0.5924395807872387
B,67,ASP,sidechain,B,20,LYS,sidechain,0.0028481430171310696
B,67,ASP,sidechain,B,58,GLU,sidechain,0.17017339779318472
B,67,ASP,sidechain,B,62,ARG,sidechain,11.972960486630212
B,67,ASP,sidechain,B,69,THR,sidechain,0.8994035503158326
B,67,ASP,sidechain,B,70,SER,sidechain,2.385287455236739
B,67,ASP,sidechain,B,71,GLN,sidechain,0.08559681058658232
B,68,LEU,sidechain,B,57,PHE,sidechain,0.001985177392274871
B,68,LEU,sidechain,B,58,GLU,sidechain,0.13007922937152133
B,68,LEU,sidechain,B,61,TYR,sidechain,8.868229168993922
B,68,LEU,sidechain,B,62,ARG,sidechain,0.0074830069751845845
B,68,LEU,sidechain,B,71,GLN,sidechain,0.14338347177261385
B,68,LEU,sidechain,B,72,LEU,sidechain,0.18260979411307215
B,68,LEU,sidechain,B,105,SER,sidechain,0.0915575061912322
B,68,LEU,sidechain,B,106,PHE,sidechain,0.9032435344825287
B,68,LEU,sidechain,B,109,ALA,sidechain,3.1024737977795835
B,68,LEU,sidechain,B,110,LEU,sidechain,4.152109916168058e-05
B,69,THR,sidechain,B,16,LYS,sidechain,0.0011412463428157405
B,69,THR,sidechain,B,20,LYS,sidechain,0.1359284459890528
B,69,THR,sidechain,B,58,GLU,sidechain,0.0018344305324775243
B,69,THR,sidechain,B,62,ARG,sidechain,0.0006856461804796904
B,69,THR,sidechain,B,67,ASP,sidechain,0.8994035503158326
B,69,THR,sidechain,B,72,LEU,sidechain,0.008946744432191482
B,69,THR,sidechain,B,74,ILE,sidechain,0.0025990647273550598
B,69,THR,sidechain,B,106,PHE,sidechain,0.0007522608552575899
B,69,THR,sidechain,B,109,ALA,sidechain,0.159397564509132
B,69,THR,sidechain,B,110,LEU,sidechain,0.01510776448599061
B,69,THR,sidechain,B,112,VAL,sidechain,0.588249585176808
B,69,THR,sidechain,B,113,GLU,sidechain,4.44685716478414
B,69,THR,sidechain,B,117,LYS,sidechain,3.0032798495151073e-05
B,70,SER,sidechain,B,66,SER,sidechain,0.23040883956265493
B,70,SER,sidechain,B,67,ASP,sidechain,2.385287455236739
B,70,SER,sidechain,B,73,HIS,sidechain,0.0003207768943583907
B,70,SER,sidechain,B,113,GLU,sidechain,0.0020267828694467208
B,70,SER,sidechain,B,117,LYS,sidechain,3.0593276832409735e-05
B,71,GLN,sidechain,B,61,TYR,sidechain,6.914301908697483
B,71,GLN,sidechain,B,65,PHE,sidechain,0.6186214264639496
B,71,GLN,sidechain,B,66,SER,sidechain,0.5924395807872387
B,71,GLN,sidechain,B,67,ASP,sidechain,0.08559681058658232
B,71,GLN,sidechain,B,68,LEU,sidechain,0.14338347177261385
B,71,GLN,sidechain,B,73,HIS,sidechain,0.0033998819139396505
B,72,LEU,sidechain,B,68,LEU,sidechain,0.18260979411307215
B,72,LEU,sidechain,B,69,THR,sidechain,0.008946744432191482
B,72,LEU,sidechain,B,74,ILE,sidechain,1.139238980708808
B,72,LEU,sidechain,B,78,THR,sidechain,4.421784727606975e-05
B,72,LEU,sidechain,B,79,ALA,sidechain,3.1510791943557703e-05
B,72,LEU,sidechain,B,82,SER,sidechain,0.23982421226513911
B,72,LEU,sidechain,B,106,PHE,sidechain,1.917230737848207
B,72,LEU,sidechain,B,109,ALA,sidechain,0.0185756118507271
B,72,LEU,sidechain,B,110,LEU,sidechain,1.5822583661208969
B,72,LEU,sidechain,B,113,GLU,sidechain,0.9432168548012866
B,72,LEU,sidechain,B,117,LYS,sidechain,4.230174741324867e-05
B,73,HIS,sidechain,B,70,SER,sidechain,0.0003207768943583907
B,73,HIS,sidechain,B,71,GLN,sidechain,0.0033998819139396505
B,73,HIS,sidechain,B,75,THR,sidechain,0.7367020833073108
B,73,HIS,sidechain,B,76,PRO,sidechain,3.0505662605566647e-05
B,73,HIS,sidechain,B,78,THR,sidechain,0.08076504589335808
B,73,HIS,sidechain,B,79,ALA,sidechain,4.390553612595565e-05
B,73,HIS,sidechain,B,82,SER,sidechain,0.0023709596539533227
B,73,HIS,sidechain,B,113,GLU,sidechain,1.1575581534410777
B,73,HIS,sidechain,B,116,ASP,sidechain,3.7817696231258654e-05
B,73,HIS,sidechain,B,117,LYS,sidechain,1.4701090430194534
B,74,ILE,sidechain,B,69,THR,sidechain,0.0025990647273550598
B,74,ILE,sidechain,B,72,LEU,sidechain,1.139238980708808
B,74,ILE,sidechain,B,76,PRO,sidechain,0.07084644778425415
B,74,ILE,sidechain,B,78,THR,sidechain,0.3202625314041523
B,74,ILE,sidechain,B,79,ALA,sidechain,1.0799400454824155
B,74,ILE,sidechain,B,82,SER,sidechain,0.8787761527209331
B,74,ILE,sidechain,B,106,PHE,sidechain,0.0006405109175407581
B,74,ILE,sidechain,B,110,LEU,sidechain,1.3154440927808557
B,74,ILE,sidechain,B,113,GLU,sidechain,1.090868944538329
B,74,ILE,sidechain,B,114,SER,sidechain,1.3094473790519459
B,74,ILE,sidechain,B,117,LYS,sidechain,1.0733855344192305
B,74,ILE,sidechain,B,119,MET,sidechain,1.4503065484760875
B,74,ILE,sidechain,B,122,LEU,sidechain,0.04765501937546008
B,74,ILE,sidechain,B,126,ILE,sidechain,8.830557567863504e-05
B,75,THR,sidechain,B,73,HIS,sidechain,0.7367020833073108
B,75,THR,sidechain,B,78,THR,sidechain,5.268400794780533
B,75,THR,sidechain,B,79,ALA,sidechain,0.02652711047252055
B,75,THR,sidechain,B,82,SER,sidechain,0.010521100816096888
B,75,THR,sidechain,B,117,LYS,sidechain,0.0009760659510924097
B,75,THR,sidechain,B,119,MET,sidechain,0.03835908818039896
B,76,PRO,sidechain,B,73,HIS,sidechain,3.0505662605566647e-05
B,76,PRO,sidechain,B,74,ILE,sidechain,0.07084644778425415
B,76,PRO,sidechain,B,80,TYR,sidechain,0.004561670749086764
B,76,PRO,sidechain,B,110,LEU,sidechain,8.210162706247927e-05
B,76,PRO,sidechain,B,113,GLU,sidechain,0.0002672466428098097
B,76,PRO,sidechain,B,114,SER,sidechain,0.02376274114131905
B,76,PRO,sidechain,B,117,LYS,sidechain,0.25398040569547203
B,76,PRO,sidechain,B,118,GLU,sidechain,0.0001729242982887004
B,76,PRO,sidechain,B,119,MET,sidechain,4.973363823088461
B,76,PRO,sidechain,B,121,VAL,sidechain,0.0360366613738011
B,76,PRO,sidechain,B,122,LEU,sidechain,0.44392349752683485
B,76,PRO,sidechain,B,125,ARG,sidechain,0.0079411099512264
B,78,THR,sidechain,B,72,LEU,sidechain,4.421784727606975e-05
B,78,THR,sidechain,B,73,HIS,sidechain,0.08076504589335808
B,78,THR,sidechain,B,74,ILE,sidechain,0.3202625314041523
B,78,THR,sidechain,B,75,THR,sidechain,5.268400794780533
B,78,THR,sidechain,B,81,GLN,sidechain,0.8617200378878956
B,78,THR,sidechain,B,82,SER,sidechain,1.261764601216318
B,78,THR,sidechain,B,85,GLN,sidechain,0.000396870864215753
B,79,ALA,sidechain,B,72,LEU,sidechain,3.1510791943557703e-05
B,79,ALA,sidechain,B,73,HIS,sidechain,4.390553612595565e-05
B,79,ALA,sidechain,B,74,ILE,sidechain,1.0799400454824155
B,79,ALA,sidechain,B,75,THR,sidechain,0.02652711047252055
B,79,ALA,sidechain,B,82,SER,sidechain,0.0002392854579519314
B,79,ALA,sidechain,B,110,LEU,sidechain,0.02873784225252474
B,79,ALA,sidechain,B,119,MET,sidechain,0.3097955159721076
B,79,ALA,sidechain,B,122,LEU,sidechain,1.3226024702467754
B,79,ALA,sidechain,B,125,ARG,sidechain,0.0007743997433112025
B,79,ALA,sidechain,B,126,ILE,sidechain,0.001819667294929363
B,79,ALA,sidechain,B,129,TRP,sidechain,0.007312134083893983
B,80,TYR,sidechain,B,76,PRO,sidechain,0.004561670749086764
B,80,TYR,sidechain,B,83,PHE,sidechain,0.45360310714470375
B,80,TYR,sidechain,B,84,GLU,sidechain,2.7871472404627196
B,80,TYR,sidechain,B,110,LEU,sidechain,0.0012542950176965097
B,80,TYR,sidechain,B,119,MET,sidechain,0.10721955997140332
B,80,TYR,sidechain,B,121,VAL,sidechain,0.024048299901799745
B,80,TYR,sidechain,B,122,LEU,sidechain,1.3764891416631873
B,80,TYR,sidechain,B,125,ARG,sidechain,7.658101622084523
B,80,TYR,sidechain,B,126,ILE,sidechain,0.6444807906892652
B,80,TYR,sidechain,B,129,TRP,sidechain,8.909048675497894
B,80,TYR,sidechain,B,132,THR,sidechain,0.00037451216381730436
B,80,TYR,sidechain,B,133,TYR,sidechain,0.0008439236887627945
B,81,GLN,sidechain,B,78,THR,sidechain,0.8617200378878956
B,81,GLN,sidechain,B,84,GLU,sidechain,0.4967796845324416
B,81,GLN,sidechain,B,85,GLN,sidechain,1.6321587300250564
B,81,GLN,sidechain,B,125,ARG,sidechain,0.00042054529988894314
B,82,SER,sidechain,B,72,LEU,sidechain,0.23982421226513911
B,82,SER,sidechain,B,73,HIS,sidechain,0.0023709596539533227
B,82,SER,sidechain,B,74,ILE,sidechain,0.8787761527209331
B,82,SER,sidechain,B,75,THR,sidechain,0.010521100816096888
B,82,SER,sidechain,B,78,THR,sidechain,1.261764601216318
B,82,SER,sidechain,B,79,ALA,sidechain,0.0002392854579519314
B,82,SER,sidechain,B,85,GLN,sidechain,0.04493253985693801
B,82,SER,sidechain,B,86,VAL,sidechain,0.004379468322439903
B,82,SER,sidechain,B,106,PHE,sidechain,0.00850856912641628
B,82,SER,sidechain,B,110,LEU,sidechain,0.2416259342629724
B,82,SER,sidechain,B,122,LEU,sidechain,0.0009308896988941665
B,82,SER,sidechain,B,129,TRP,sidechain,0.02615550520434163
B,83,PHE,sidechain,B,80,TYR,sidechain,0.45360310714470375
B,83,PHE,sidechain,B,86,VAL,sidechain,0.020986915392992193
B,83,PHE,sidechain,B,87,VAL,sidechain,4.62631053554746
B,83,PHE,sidechain,B,88,ASN,sidechain,4.833024736781787e-05
B,83,PHE,sidechain,B,103,PHE,sidechain,1.37875035112533
B,83,PHE,sidechain,B,106,PHE,sidechain,4.013926478889918
B,83,PHE,sidechain,B,110,LEU,sidechain,2.90221973648368
B,83,PHE,sidechain,B,122,LEU,sidechain,9.743201925275445e-05
B,83,PHE,sidechain,B,126,ILE,sidechain,3.691817015441309
B,83,PHE,sidechain,B,129,TRP,sidechain,7.094109304631535
B,83,PHE,sidechain,B,130,MET,sidechain,1.6758295878896503
B,83,PHE,sidechain,B,133,TYR,sidechain,0.14684799730095857
B,84,GLU,sidechain,B,80,TYR,sidechain,2.7871472404627196
B,84,GLU,sidechain,B,81,GLN,sidechain,0.4967796845324416
B,84,GLU,sidechain,B,87,VAL,sidechain,0.00017114175212127388
B,84,GLU,sidechain,B,88,ASN,sidechain,1.2011683068660888
B,84,GLU,sidechain,B,125,ARG,sidechain,0.000534976674603837
B,84,GLU,sidechain,B,129,TRP,sidechain,3.3056061522670945
B,84,GLU,sidechain,B,133,TYR,sidechain,0.03109811194456792
B,84,GLU,sidechain,B,137,HIS,sidechain,0.0001476995315246214
B,85,GLN,sidechain,B,78,THR,sidechain,0.000396870864215753
B,85,GLN,sidechain,B,81,GLN,sidechain,1.6321587300250564
B,85,GLN,sidechain,B,82,SER,sidechain,0.04493253985693801
B,85,GLN,sidechain,B,88,ASN,sidechain,0.007592373891200072
B,85,GLN,sidechain,B,89,GLU,sidechain,0.03913125942491535
B,85,GLN,sidechain,B,92,ARG,sidechain,0.016915266506644183
B,86,VAL,sidechain,B,82,SER,sidechain,0.004379468322439903
B,86,VAL,sidechain,B,83,PHE,sidechain,0.020986915392992193
B,86,VAL,sidechain,B,89,GLU,sidechain,0.0014689667057076004
B,86,VAL,sidechain,B,90,LEU,sidechain,0.011068326566162948
B,86,VAL,sidechain,B,103,PHE,sidechain,0.01506181498222861
B,86,VAL,sidechain,B,106,PHE,sidechain,6.760578894569481
B,87,VAL,sidechain,B,83,PHE,sidechain,4.62631053554746
B,87,VAL,sidechain,B,84,GLU,sidechain,0.00017114175212127388
B,87,VAL,sidechain,B,90,LEU,sidechain,0.0026665282036920208
B,87,VAL,sidechain,B,91,PHE,sidechain,0.014314623116269526
B,87,VAL,sidechain,B,103,PHE,sidechain,5.816587178019415
B,87,VAL,sidechain,B,106,PHE,sidechain,0.022677928563320782
B,87,VAL,sidechain,B,129,TRP,sidechain,2.9894834466225113
B,87,VAL,sidechain,B,130,MET,sidechain,3.043096027512101e-05
B,87,VAL,sidechain,B,133,TYR,sidechain,7.217429767950283
B,87,VAL,sidechain,B,137,HIS,sidechain,0.04281364141585338
B,87,VAL,sidechain,B,138,LEU,sidechain,8.938083364330806e-05
B,88,ASN,sidechain,B,83,PHE,sidechain,4.833024736781787e-05
B,88,ASN,sidechain,B,84,GLU,sidechain,1.2011683068660888
B,88,ASN,sidechain,B,85,GLN,sidechain,0.007592373891200072
B,88,ASN,sidechain,B,92,ARG,sidechain,0.14682398000621866
B,88,ASN,sidechain,B,129,TRP,sidechain,0.024653884878706667
B,88,ASN,sidechain,B,133,TYR,sidechain,5.853726671058531
B,88,ASN,sidechain,B,137,HIS,sidechain,0.04508717480682742
B,89,GLU,sidechain,B,85,GLN,sidechain,0.03913125942491535
B,89,GLU,sidechain,B,86,VAL,sidechain,0.0014689667057076004
B,89,GLU,sidechain,B,92,ARG,sidechain,12.738201669789376
B,89,GLU,sidechain,B,93,ASP,sidechain,0.008029253308611616
B,90,LEU,sidechain,B,86,VAL,sidechain,0.011068326566162948
B,90,LEU,sidechain,B,87,VAL,sidechain,0.0026665282036920208
B,90,LEU,sidechain,B,99,ARG,sidechain,2.9050102078666775
B,90,LEU,sidechain,B,102,ALA,sidechain,1.0707524656381877
B,90,LEU,sidechain,B,103,PHE,sidechain,0.1513119258995115
B,90,LEU,sidechain,B,106,PHE,sidechain,0.005955532176824629
B,91,PHE,sidechain,B,87,VAL,sidechain,0.014314623116269526
B,91,PHE,sidechain,B,95,VAL,sidechain,5.308680229975579
B,91,PHE,sidechain,B,99,ARG,sidechain,1.5994030702541944
B,91,PHE,sidechain,B,100,ILE,sidechain,0.15651072655673562
B,91,PHE,sidechain,B,103,PHE,sidechain,5.949278293178863
B,91,PHE,sidechain,B,133,TYR,sidechain,5.590425686517192
B,91,PHE,sidechain,B,137,HIS,sidechain,0.2593634125639136
B,91,PHE,sidechain,B,138,LEU,sidechain,9.058985570068423
B,92,ARG,sidechain,B,85,GLN,sidechain,0.016915266506644183
B,92,ARG,sidechain,B,88,ASN,sidechain,0.14682398000621866
B,92,ARG,sidechain,B,89,GLU,sidechain,12.738201669789376
B,93,ASP,sidechain,B,89,GLU,sidechain,0.008029253308611616
B,93,ASP,sidechain,B,96,ASN,sidechain,8.07799663112202e-05
B,93,ASP,sidechain,B,99,ARG,sidechain,10.552284300572317
B,95,VAL,sidechain,B,91,PHE,sidechain,5.308680229975579
B,95,VAL,sidechain,B,100,ILE,sidechain,1.1521389232346837
B,95,VAL,sidechain,B,137,HIS,sidechain,0.02737084121543576
B,95,VAL,sidechain,B,138,LEU,sidechain,0.23712735165568183
B,95,VAL,sidechain,B,141,TRP,sidechain,15.707919757064547
B,96,ASN,sidechain,B,93,ASP,sidechain,8.07799663112202e-05
B,96,ASN,sidechain,B,99,ARG,sidechain,12.081770873188821
B,96,ASN,sidechain,B,141,TRP,sidechain,0.008700041868287864
B,97,TRP,sidechain,B,50,LEU,sidechain,3.416682016633329e-05
B,97,TRP,sidechain,B,100,ILE,sidechain,1.7748724123471824
B,97,TRP,sidechain,B,141,TRP,sidechain,11.495747389412394
B,97,TRP,sidechain,B,142,ILE,sidechain,4.161870633644577
B,97,TRP,sidechain,B,145,ASN,sidechain,2.0439787975310524
B,97,TRP,sidechain,B,148,TRP,sidechain,5.185959780188258
B,97,TRP,sidechain,B,150,THR,sidechain,3.709544160016031
B,97,TRP,sidechain,B,151,PHE,sidechain,9.237219516518708
B,97,TRP,sidechain,B,154,LEU,sidechain,1.0675992407971713
B,97,TRP,sidechain,B,155,TYR,sidechain,0.4720028343601003
B,99,ARG,sidechain,B,90,LEU,sidechain,2.9050102078666775
B,99,ARG,sidechain,B,91,PHE,sidechain,1.5994030702541944
B,99,ARG,sidechain,B,93,ASP,sidechain,10.552284300572317
B,99,ARG,sidechain,B,96,ASN,sidechain,12.081770873188821
B,100,ILE,sidechain,B,50,LEU,sidechain,4.2816728998616265e-05
B,100,ILE,sidechain,B,91,PHE,sidechain,0.15651072655673562
B,100,ILE,sidechain,B,95,VAL,sidechain,1.1521389232346837
B,100,ILE,sidechain,B,97,TRP,sidechain,1.7748724123471824
B,100,ILE,sidechain,B,103,PHE,sidechain,0.001255903759883839
B,100,ILE,sidechain,B,104,PHE,sidechain,0.24859359023143554
B,100,ILE,sidechain,B,134,LEU,sidechain,0.00017126691599446506
B,100,ILE,sidechain,B,138,LEU,sidechain,1.6478731767263273
B,100,ILE,sidechain,B,141,TRP,sidechain,0.5865114425884291
B,100,ILE,sidechain,B,142,ILE,sidechain,0.05102590514630493
B,100,ILE,sidechain,B,148,TRP,sidechain,0.11780729436534484
B,100,ILE,sidechain,B,151,PHE,sidechain,0.039611204586737
B,101,VAL,sidechain,B,12,PHE,sidechain,7.865177536411784e-05
B,101,VAL,sidechain,B,50,LEU,sidechain,0.07509479706598356
B,101,VAL,sidechain,B,53,ALA,sidechain,2.4063246554355175
B,101,VAL,sidechain,B,57,PHE,sidechain,4.410254108621168
B,101,VAL,sidechain,B,105,SER,sidechain,0.005284450706412722
B,101,VAL,sidechain,B,151,PHE,sidechain,0.20857139963641638
B,101,VAL,sidechain,B,155,TYR,sidechain,0.3276296975603819
B,102,ALA,sidechain,B,57,PHE,sidechain,3.686798086014835
B,102,ALA,sidechain,B,90,LEU,sidechain,1.0707524656381877
B,103,PHE,sidechain,B,83,PHE,sidechain,1.37875035112533
B,103,PHE,sidechain,B,86,VAL,sidechain,0.01506181498222861
B,103,PHE,sidechain,B,87,VAL,sidechain,5.816587178019415
B,103,PHE,sidechain,B,90,LEU,sidechain,0.1513119258995115
B,103,PHE,sidechain,B,91,PHE,sidechain,5.949278293178863
B,103,PHE,sidechain,B,100,ILE,sidechain,0.001255903759883839
B,103,PHE,sidechain,B,106,PHE,sidechain,0.006344502198726369
B,103,PHE,sidechain,B,129,TRP,sidechain,0.21711312746847974
B,103,PHE,sidechain,B,130,MET,sidechain,6.086516333372972
B,103,PHE,sidechain,B,133,TYR,sidechain,4.007714558539982
B,103,PHE,sidechain,B,134,LEU,sidechain,0.4342788678143285
B,103,PHE,sidechain,B,138,LEU,sidechain,1.5167851387193525
B,104,PHE,sidechain,B,8,LEU,sidechain,0.935030730763742
B,104,PHE,sidechain,B,9,VAL,sidechain,1.221553831809375
B,104,PHE,sidechain,B,12,PHE,sidechain,7.203099823136469
B,104,PHE,sidechain,B,50,LEU,sidechain,9.362839501112324
B,104,PHE,sidechain,B,100,ILE,sidechain,0.24859359023143554
B,104,PHE,sidechain,B,130,MET,sidechain,2.8915331300656235
B,104,PHE,sidechain,B,134,LEU,sidechain,1.6326318096108359
B,104,PHE,sidechain,B,138,LEU,sidechain,0.00025575905053848045
B,104,PHE,sidechain,B,148,TRP,sidechain,0.12337886411855764
B,104,PHE,sidechain,B,151,PHE,sidechain,0.00020362422597263672
B,105,SER,sidechain,B,12,PHE,sidechain,0.028630542386559318
B,105,SER,sidechain,B,16,LYS,sidechain,0.0013766974574584393
B,105,SER,sidechain,B,57,PHE,sidechain,8.061142583768968
B,105,SER,sidechain,B,58,GLU,sidechain,0.12758670034899597
B,105,SER,sidechain,B,68,LEU,sidechain,0.0915575061912322
B,105,SER,sidechain,B,101,VAL,sidechain,0.005284450706412722
B,106,PHE,sidechain,B,61,TYR,sidechain,0.00010315256905096461
B,106,PHE,sidechain,B,68,LEU,sidechain,0.9032435344825287
B,106,PHE,sidechain,B,69,THR,sidechain,0.0007522608552575899
B,106,PHE,sidechain,B,72,LEU,sidechain,1.917230737848207
B,106,PHE,sidechain,B,74,ILE,sidechain,0.0006405109175407581
B,106,PHE,sidechain,B,82,SER,sidechain,0.00850856912641628
B,106,PHE,sidechain,B,83,PHE,sidechain,4.013926478889918
B,106,PHE,sidechain,B,86,VAL,sidechain,6.760578894569481
B,106,PHE,sidechain,B,87,VAL,sidechain,0.022677928563320782
B,106,PHE,sidechain,B,90,LEU,sidechain,0.005955532176824629
B,106,PHE,sidechain,B,103,PHE,sidechain,0.006344502198726369
B,106,PHE,sidechain,B,109,ALA,sidechain,0.00024955481680139153
B,106,PHE,sidechain,B,110,LEU,sidechain,1.2336111537638377
B,106,PHE,sidechain,B,129,TRP,sidechain,0.002435306959695361
B,109,ALA,sidechain,B,16,LYS,sidechain,0.0001605161699112709
B,109,ALA,sidechain,B,58,GLU,sidechain,0.0006033521868312925
B,109,ALA,sidechain,B,68,LEU,sidechain,3.1024737977795835
B,109,ALA,sidechain,B,69,THR,sidechain,0.159397564509132
B,109,ALA,sidechain,B,72,LEU,sidechain,0.0185756118507271
B,109,ALA,sidechain,B,106,PHE,sidechain,0.00024955481680139153
B,110,LEU,sidechain,B,68,LEU,sidechain,4.152109916168058e-05
B,110,LEU,sidechain,B,69,THR,sidechain,0.01510776448599061
B,110,LEU,sidechain,B,72,LEU,sidechain,1.5822583661208969
B,110,LEU,sidechain,B,74,ILE,sidechain,1.3154440927808557
B,110,LEU,sidechain,B,76,PRO,sidechain,8.210162706247927e-05
B,110,LEU,sidechain,B,79,ALA,sidechain,0.02873784225252474
B,110,LEU,sidechain,B,80,TYR,sidechain,0.0012542950176965097
B,110,LEU,sidechain,B,82,SER,sidechain,0.2416259342629724
B,110,LEU,sidechain,B,83,PHE,sidechain,2.90221973648368
B,110,LEU,sidechain,B,106,PHE,sidechain,1.2336111537638377
B,110,LEU,sidechain,B,113,GLU,sidechain,0.0015635478319078787
B,110,LEU,sidechain,B,114,SER,sidechain,0.74762454301187
B,110,LEU,sidechain,B,119,MET,sidechain,0.00045236612554707366
B,110,LEU,sidechain,B,122,LEU,sidechain,0.26461396495740397
B,110,LEU,sidechain,B,123,VAL,sidechain,0.0011321572261485688
B,110,LEU,sidechain,B,126,ILE,sidechain,3.6284037932871915
B,110,LEU,sidechain,B,129,TRP,sidechain,0.0034622377768551114
B,111,CYS,sidechain,B,13,LEU,sidechain,5.175061577019384
B,111,CYS,sidechain,B,16,LYS,sidechain,0.01827025540637555
B,111,CYS,sidechain,B,17,LEU,sidechain,2.125896524815017
B,111,CYS,sidechain,B,24,TRP,sidechain,0.04494933750292706
B,111,CYS,sidechain,B,27,PHE,sidechain,0.06563548463412716
B,111,CYS,sidechain,B,114,SER,sidechain,0.00029267429334834153
B,111,CYS,sidechain,B,115,VAL,sidechain,0.00020497623827335805
B,111,CYS,sidechain,B,122,LEU,sidechain,0.0006824096580767412
B,111,CYS,sidechain,B,123,VAL,sidechain,2.746971975869171
B,111,CYS,sidechain,B,126,ILE,sidechain,1.6417897314965124
B,111,CYS,sidechain,B,130,MET,sidechain,0.0006807983749508022
B,112,VAL,sidechain,B,16,LYS,sidechain,0.6187615631656282
B,112,VAL,sidechain,B,17,LEU,sidechain,0.2689022380158667
B,112,VAL,sidechain,B,19,GLN,sidechain,0.059321650517966444
B,112,VAL,sidechain,B,20,LYS,sidechain,4.459408666750155
B,112,VAL,sidechain,B,22,TYR,sidechain,0.36583444682725147
B,112,VAL,sidechain,B,69,THR,sidechain,0.588249585176808
B,112,VAL,sidechain,B,115,VAL,sidechain,0.0014911511322327538
B,112,VAL,sidechain,B,116,ASP,sidechain,0.001241565385773182
B,113,GLU,sidechain,B,20,LYS,sidechain,1.2304686088005032
B,113,GLU,sidechain,B,69,THR,sidechain,4.44685716478414
B,113,GLU,sidechain,B,70,SER,sidechain,0.0020267828694467208
B,113,GLU,sidechain,B,72,LEU,sidechain,0.9432168548012866
B,113,GLU,sidechain,B,73,HIS,sidechain,1.1575581534410777
B,113,GLU,sidechain,B,74,ILE,sidechain,1.090868944538329
B,113,GLU,sidechain,B,76,PRO,sidechain,0.0002672466428098097
B,113,GLU,sidechain,B,110,LEU,sidechain,0.0015635478319078787
B,113,GLU,sidechain,B,116,ASP,sidechain,1.5174639137310215
B,113,GLU,sidechain,B,117,LYS,sidechain,6.182581989943323
B,114,SER,sidechain,B,27,PHE,sidechain,0.0042807086909299455
B,114,SER,sidechain,B,74,ILE,sidechain,1.3094473790519459
B,114,SER,sidechain,B,76,PRO,sidechain,0.02376274114131905
B,114,SER,sidechain,B,110,LEU,sidechain,0.74762454301187
B,114,SER,sidechain,B,111,CYS,sidechain,0.00029267429334834153
B,114,SER,sidechain,B,117,LYS,sidechain,0.00010707646891343407
B,114,SER,sidechain,B,119,MET,sidechain,1.5691476899143364
B,114,SER,sidechain,B,122,LEU,sidechain,3.6285029458396614
B,114,SER,sidechain,B,123,VAL,sidechain,1.6883577601003301
B,114,SER,sidechain,B,126,ILE,sidechain,0.48325101798359954
B,115,VAL,sidechain,B,17,LEU,sidechain,1.875060921781094
B,115,VAL,sidechain,B,20,LYS,sidechain,0.5145722540870585
B,115,VAL,sidechain,B,22,TYR,sidechain,8.505855917516818
B,115,VAL,sidechain,B,24,TRP,sidechain,0.0014587330810794225
B,115,VAL,sidechain,B,26,GLN,sidechain,0.34614562701416296
B,115,VAL,sidechain,B,27,PHE,sidechain,3.929141198719326
B,115,VAL,sidechain,B,111,CYS,sidechain,0.00020497623827335805
B,115,VAL,sidechain,B,112,VAL,sidechain,0.0014911511322327538
B,115,VAL,sidechain,B,120,GLN,sidechain,0.32987192622005856
B,115,VAL,sidechain,B,123,VAL,sidechain,0.6601310028512284
B,116,ASP,sidechain,B,20,LYS,sidechain,4.12547985656568
B,116,ASP,sidechain,B,22,TYR,sidechain,2.578565804708189
B,116,ASP,sidechain,B,26,GLN,sidechain,0.00010440226935396647
B,116,ASP,sidechain,B,73,HIS,sidechain,3.7817696231258654e-05
B,116,ASP,sidechain,B,112,VAL,sidechain,0.001241565385773182
B,116,ASP,sidechain,B,113,GLU,sidechain,1.5174639137310215
B,117,LYS,sidechain,B,69,THR,sidechain,3.0032798495151073e-05
B,117,LYS,sidechain,B,70,SER,sidechain,3.0593276832409735e-05
B,117,LYS,sidechain,B,72,LEU,sidechain,4.230174741324867e-05
B,117,LYS,sidechain,B,73,HIS,sidechain,1.4701090430194534
B,117,LYS,sidechain,B,74,ILE,sidechain,1.0733855344192305
B,117,LYS,sidechain,B,75,THR,sidechain,0.0009760659510924097
B,117,LYS,sidechain,B,76,PRO,sidechain,0.25398040569547203
B,117,LYS,sidechain,B,113,GLU,sidechain,6.182581989943323
B,117,LYS,sidechain,B,114,SER,sidechain,0.00010707646891343407
B,117,LYS,sidechain,B,119,MET,sidechain,1.997026793953096
B,118,GLU,sidechain,B,22,TYR,sidechain,0.04149033556805031
B,118,GLU,sidechain,B,26,GLN,sidechain,0.1461911232113486
B,118,GLU,sidechain,B,27,PHE,sidechain,0.04412090594346107
B,118,GLU,sidechain,B,29,ASP,sidechain,0.0025205099383020157
B,118,GLU,sidechain,B,76,PRO,sidechain,0.0001729242982887004
B,118,GLU,sidechain,B,120,GLN,sidechain,0.6464749094506907
B,119,MET,sidechain,B,74,ILE,sidechain,1.4503065484760875
B,119,MET,sidechain,B,75,THR,sidechain,0.03835908818039896
B,119,MET,sidechain,B,76,PRO,sidechain,4.973363823088461
B,119,MET,sidechain,B,79,ALA,sidechain,0.3097955159721076
B,119,MET,sidechain,B,80,TYR,sidechain,0.10721955997140332
B,119,MET,sidechain,B,110,LEU,sidechain,0.00045236612554707366
B,119,MET,sidechain,B,114,SER,sidechain,1.5691476899143364
B,119,MET,sidechain,B,117,LYS,sidechain,1.997026793953096
B,119,MET,sidechain,B,121,VAL,sidechain,0.06393544753802789
B,119,MET,sidechain,B,122,LEU,sidechain,3.5769579097940913
B,119,MET,sidechain,B,123,VAL,sidechain,0.0006542656459151019
B,119,MET,sidechain,B,125,ARG,sidechain,0.0018115102867665865
B,120,GLN,sidechain,B,22,TYR,sidechain,0.7427291992804734
B,120,GLN,sidechain,B,24,TRP,sidechain,0.10701315426569194
B,120,GLN,sidechain,B,26,GLN,sidechain,0.502131799190322
B,120,GLN,sidechain,B,27,PHE,sidechain,5.138610149640351
B,120,GLN,sidechain,B,28,SER,sidechain,0.003046518608552061
B,120,GLN,sidechain,B,29,ASP,sidechain,0.35850434267784775
B,120,GLN,sidechain,B,115,VAL,sidechain,0.32987192622005856
B,120,GLN,sidechain,B,118,GLU,sidechain,0.6464749094506907
B,120,GLN,sidechain,B,123,VAL,sidechain,0.006589702786347357
B,120,GLN,sidechain,B,124,SER,sidechain,0.008922978673389459
B,120,GLN,sidechain,B,125,ARG,sidechain,0.00010513632497223578
B,121,VAL,sidechain,B,24,TRP,sidechain,3.6774783556624095e-05
B,121,VAL,sidechain,B,27,PHE,sidechain,0.05153002149272418
B,121,VAL,sidechain,B,28,SER,sidechain,0.003393683939898084
B,121,VAL,sidechain,B,29,ASP,sidechain,0.001256172037370514
B,121,VAL,sidechain,B,76,PRO,sidechain,0.0360366613738011
B,121,VAL,sidechain,B,80,TYR,sidechain,0.024048299901799745
B,121,VAL,sidechain,B,119,MET,sidechain,0.06393544753802789
B,121,VAL,sidechain,B,124,SER,sidechain,0.01583719171952432
B,121,VAL,sidechain,B,125,ARG,sidechain,2.030792669673054
B,122,LEU,sidechain,B,74,ILE,sidechain,0.04765501937546008
B,122,LEU,sidechain,B,76,PRO,sidechain,0.44392349752683485
B,122,LEU,sidechain,B,79,ALA,sidechain,1.3226024702467754
B,122,LEU,sidechain,B,80,TYR,sidechain,1.3764891416631873
B,122,LEU,sidechain,B,82,SER,sidechain,0.0009308896988941665
B,122,LEU,sidechain,B,83,PHE,sidechain,9.743201925275445e-05
B,122,LEU,sidechain,B,110,LEU,sidechain,0.26461396495740397
B,122,LEU,sidechain,B,111,CYS,sidechain,0.0006824096580767412
B,122,LEU,sidechain,B,114,SER,sidechain,3.6285029458396614
B,122,LEU,sidechain,B,119,MET,sidechain,3.5769579097940913
B,122,LEU,sidechain,B,125,ARG,sidechain,0.5329820309029754
B,122,LEU,sidechain,B,126,ILE,sidechain,1.7080021364830282
B,122,LEU,sidechain,B,129,TRP,sidechain,0.3776914190587181
B,123,VAL,sidechain,B,13,LEU,sidechain,0.02463931647433878
B,123,VAL,sidechain,B,17,LEU,sidechain,0.08812950197230025
B,123,VAL,sidechain,B,22,TYR,sidechain,0.0033183121060720417
B,123,VAL,sidechain,B,24,TRP,sidechain,2.2489618884035085
B,123,VAL,sidechain,B,26,GLN,sidechain,0.0001002780858791987
B,123,VAL,sidechain,B,27,PHE,sidechain,5.268659584945391
B,123,VAL,sidechain,B,28,SER,sidechain,0.13112548327778642
B,123,VAL,sidechain,B,110,LEU,sidechain,0.0011321572261485688
B,123,VAL,sidechain,B,111,CYS,sidechain,2.746971975869171
B,123,VAL,sidechain,B,114,SER,sidechain,1.6883577601003301
B,123,VAL,sidechain,B,115,VAL,sidechain,0.6601310028512284
B,123,VAL,sidechain,B,119,MET,sidechain,0.0006542656459151019
B,123,VAL,sidechain,B,120,GLN,sidechain,0.006589702786347357
B,123,VAL,sidechain,B,126,ILE,sidechain,0.03247452278929077
B,124,SER,sidechain,B,6,ARG,sidechain,0.16720434379340746
B,124,SER,sidechain,B,24,TRP,sidechain,0.4031802557077183
B,124,SER,sidechain,B,27,PHE,sidechain,0.1339967516771958
B,124,SER,sidechain,B,28,SER,sidechain,1.854248770924389
B,124,SER,sidechain,B,29,ASP,sidechain,0.43080714961823163
B,124,SER,sidechain,B,30,VAL,sidechain,0.020798434431661107
B,124,SER,sidechain,B,31,GLU,sidechain,0.0032917253695269443
B,124,SER,sidechain,B,32,GLU,sidechain,0.0019692854830794374
B,124,SER,sidechain,B,33,ASN,sidechain,4.468637236117605e-05
B,124,SER,sidechain,B,120,GLN,sidechain,0.008922978673389459
B,124,SER,sidechain,B,121,VAL,sidechain,0.01583719171952432
B,124,SER,sidechain,B,127,ALA,sidechain,0.0004785709159038628
B,125,ARG,sidechain,B,29,ASP,sidechain,0.02721693161991052
B,125,ARG,sidechain,B,31,GLU,sidechain,5.8149638543895326e-05
B,125,ARG,sidechain,B,76,PRO,sidechain,0.0079411099512264
B,125,ARG,sidechain,B,79,ALA,sidechain,0.0007743997433112025
B,125,ARG,sidechain,B,80,TYR,sidechain,7.658101622084523
B,125,ARG,sidechain,B,81,GLN,sidechain,0.00042054529988894314
B,125,ARG,sidechain,B,84,GLU,sidechain,0.000534976674603837
B,125,ARG,sidechain,B,119,MET,sidechain,0.0018115102867665865
B,125,ARG,sidechain,B,120,GLN,sidechain,0.00010513632497223578
B,125,ARG,sidechain,B,121,VAL,sidechain,2.030792669673054
B,125,ARG,sidechain,B,122,LEU,sidechain,0.5329820309029754
B,125,ARG,sidechain,B,128,ALA,sidechain,0.10314728009568214
B,125,ARG,sidechain,B,129,TRP,sidechain,2.5105537739483412
B,126,ILE,sidechain,B,13,LEU,sidechain,0.202808573023449
B,126,ILE,sidechain,B,24,TRP,sidechain,8.221025426750741e-05
B,126,ILE,sidechain,B,27,PHE,sidechain,0.0004018892031628286
B,126,ILE,sidechain,B,74,ILE,sidechain,8.830557567863504e-05
B,126,ILE,sidechain,B,79,ALA,sidechain,0.001819667294929363
B,126,ILE,sidechain,B,80,TYR,sidechain,0.6444807906892652
B,126,ILE,sidechain,B,83,PHE,sidechain,3.691817015441309
B,126,ILE,sidechain,B,110,LEU,sidechain,3.6284037932871915
B,126,ILE,sidechain,B,111,CYS,sidechain,1.6417897314965124
B,126,ILE,sidechain,B,114,SER,sidechain,0.48325101798359954
B,126,ILE,sidechain,B,122,LEU,sidechain,1.7080021364830282
B,126,ILE,sidechain,B,123,VAL,sidechain,0.03247452278929077
B,126,ILE,sidechain,B,129,TRP,sidechain,1.2454501191870935
B,126,ILE,sidechain,B,130,MET,sidechain,0.15414308560329193
B,127,ALA,sidechain,B,6,ARG,sidechain,0.3799398740620161
B,127,ALA,sidechain,B,9,VAL,sidechain,0.035018290569145204
B,127,ALA,sidechain,B,10,VAL,sidechain,0.023656423895378528
B,127,ALA,sidechain,B,13,LEU,sidechain,0.00801949654963543
B,127,ALA,sidechain,B,24,TRP,sidechain,0.8072388592190366
B,127,ALA,sidechain,B,27,PHE,sidechain,0.013073899569095184
B,127,ALA,sidechain,B,28,SER,sidechain,0.0018459163899148994
B,127,ALA,sidechain,B,30,VAL,sidechain,0.0019332131355363127
B,127,ALA,sidechain,B,31,GLU,sidechain,0.0004675979447942517
B,127,ALA,sidechain,B,32,GLU,sidechain,0.00015083804670782314
B,127,ALA,sidechain,B,124,SER,sidechain,0.0004785709159038628
B,128,ALA,sidechain,B,6,ARG,sidechain,0.23320495127140933
B,128,ALA,sidechain,B,29,ASP,sidechain,3.0897037365684256e-05
B,128,ALA,sidechain,B,31,GLU,sidechain,0.000527933163477381
B,128,ALA,sidechain,B,125,ARG,sidechain,0.10314728009568214
B,129,TRP,sidechain,B,79,ALA,sidechain,0.007312134083893983
B,129,TRP,sidechain,B,80,TYR,sidechain,8.909048675497894
B,129,TRP,sidechain,B,82,SER,sidechain,0.02615550520434163
B,129,TRP,sidechain,B,83,PHE,sidechain,7.094109304631535
B,129,TRP,sidechain,B,84,GLU,sidechain,3.3056061522670945
B,129,TRP,sidechain,B,87,VAL,sidechain,2.9894834466225113
B,129,TRP,sidechain,B,88,ASN,sidechain,0.024653884878706667
B,129,TRP,sidechain,B,103,PHE,sidechain,0.21711312746847974
B,129,TRP,sidechain,B,106,PHE,sidechain,0.002435306959695361
B,129,TRP,sidechain,B,110,LEU,sidechain,0.0034622377768551114
B,129,TRP,sidechain,B,122,LEU,sidechain,0.3776914190587181
B,129,TRP,sidechain,B,125,ARG,sidechain,2.5105537739483412
B,129,TRP,sidechain,B,126,ILE,sidechain,1.2454501191870935
B,129,TRP,sidechain,B,132,THR,sidechain,0.04392992953269842
B,129,TRP,sidechain,B,133,TYR,sidechain,5.364841011557534
B,129,TRP,sidechain,B,137,HIS,sidechain,4.2316720776071775e-05
B,130,MET,sidechain,B,9,VAL,sidechain,5.102100446166365
B,130,MET,sidechain,B,12,PHE,sidechain,0.001181756044845588
B,130,MET,sidechain,B,13,LEU,sidechain,1.3029416695483416
B,130,MET,sidechain,B,83,PHE,sidechain,1.6758295878896503
B,130,MET,sidechain,B,87,VAL,sidechain,3.043096027512101e-05
B,130,MET,sidechain,B,103,PHE,sidechain,6.086516333372972
B,130,MET,sidechain,B,104,PHE,sidechain,2.8915331300656235
B,130,MET,sidechain,B,111,CYS,sidechain,0.0006807983749508022
B,130,MET,sidechain,B,126,ILE,sidechain,0.15414308560329193
B,130,MET,sidechain,B,134,LEU,sidechain,0.0012298704038311069
B,131,ALA,sidechain,B,5,ASN,sidechain,0.011973066717676789
B,131,ALA,sidechain,B,6,ARG,sidechain,1.2013844017796687
B,131,ALA,sidechain,B,9,VAL,sidechain,0.8164433895651356
B,131,ALA,sidechain,B,31,GLU,sidechain,0.0003620113120987755
B,131,ALA,sidechain,B,135,ASN,sidechain,0.0017818924357900167
B,132,THR,sidechain,B,6,ARG,sidechain,0.15135962852098667
B,132,THR,sidechain,B,80,TYR,sidechain,0.00037451216381730436
B,132,THR,sidechain,B,129,TRP,sidechain,0.04392992953269842
B,132,THR,sidechain,B,135,ASN,sidechain,0.0011405603075084602
B,132,THR,sidechain,B,136,ASP,sidechain,0.4496078358801344
B,133,TYR,sidechain,B,80,TYR,sidechain,0.0008439236887627945
B,133,TYR,sidechain,B,83,PHE,sidechain,0.14684799730095857
B,133,TYR,sidechain,B,84,GLU,sidechain,0.03109811194456792
B,133,TYR,sidechain,B,87,VAL,sidechain,7.217429767950283
B,133,TYR,sidechain,B,88,ASN,sidechain,5.853726671058531
B,133,TYR,sidechain,B,91,PHE,sidechain,5.590425686517192
B,133,TYR,sidechain,B,103,PHE,sidechain,4.007714558539982
B,133,TYR,sidechain,B,129,TRP,sidechain,5.364841011557534
B,133,TYR,sidechain,B,136,ASP,sidechain,0.0010804415890350834
B,133,TYR,sidechain,B,137,HIS,sidechain,17.61352857095935
B,133,TYR,sidechain,B,138,LEU,sidechain,4.103994685983441
B,134,LEU,sidechain,B,1,MET,sidechain,0.0006644127468972643
B,134,LEU,sidechain,B,2,SER,sidechain,0.001035990148769314
B,134,LEU,sidechain,B,5,ASN,sidechain,5.425672635308029
B,134,LEU,sidechain,B,6,ARG,sidechain,0.0002915457263058928
B,134,LEU,sidechain,B,8,LEU,sidechain,0.1723817633529128
B,134,LEU,sidechain,B,9,VAL,sidechain,0.1004640570150775
B,134,LEU,sidechain,B,100,ILE,sidechain,0.00017126691599446506
B,134,LEU,sidechain,B,103,PHE,sidechain,0.4342788678143285
B,134,LEU,sidechain,B,104,PHE,sidechain,1.6326318096108359
B,134,LEU,sidechain,B,130,MET,sidechain,0.0012298704038311069
B,134,LEU,sidechain,B,138,LEU,sidechain,1.4499859845584964
B,134,LEU,sidechain,B,139,GLU,sidechain,0.013727419947936921
B,134,LEU,sidechain,B,142,ILE,sidechain,0.002954354300904517
B,134,LEU,sidechain,B,148,TRP,sidechain,0.3054172054668577
B,135,ASN,sidechain,B,1,MET,sidechain,0.0009256170459082426
B,135,ASN,sidechain,B,2,SER,sidechain,0.2770406131818589
B,135,ASN,sidechain,B,3,GLN,sidechain,0.002257905974600368
B,135,ASN,sidechain,B,4,SER,sidechain,0.720925245302939
B,135,ASN,sidechain,B,5,ASN,sidechain,5.1361227411040264
B,135,ASN,sidechain,B,6,ARG,sidechain,2.8132645979423603
B,135,ASN,sidechain,B,131,ALA,sidechain,0.0017818924357900167
B,135,ASN,sidechain,B,132,THR,sidechain,0.0011405603075084602
B,135,ASN,sidechain,B,139,GLU,sidechain,3.082089425202627
B,136,ASP,sidechain,B,132,THR,sidechain,0.4496078358801344
B,136,ASP,sidechain,B,133,TYR,sidechain,0.0010804415890350834
B,136,ASP,sidechain,B,139,GLU,sidechain,0.0007795391561758814
B,137,HIS,sidechain,B,84,GLU,sidechain,0.0001476995315246214
B,137,HIS,sidechain,B,87,VAL,sidechain,0.04281364141585338
B,137,HIS,sidechain,B,88,ASN,sidechain,0.04508717480682742
B,137,HIS,sidechain,B,91,PHE,sidechain,0.2593634125639136
B,137,HIS,sidechain,B,95,VAL,sidechain,0.02737084121543576
B,137,HIS,sidechain,B,129,TRP,sidechain,4.2316720776071775e-05
B,137,HIS,sidechain,B,133,TYR,sidechain,17.61352857095935
B,137,HIS,sidechain,B,141,TRP,sidechain,0.00043374638795473566
B,138,LEU,sidechain,B,87,VAL,sidechain,8.938083364330806e-05
B,138,LEU,sidechain,B,91,PHE,sidechain,9.058985570068423
B,138,LEU,sidechain,B,95,VAL,sidechain,0.23712735165568183
B,138,LEU,sidechain,B,100,ILE,sidechain,1.6478731767263273
B,138,LEU,sidechain,B,103,PHE,sidechain,1.5167851387193525
B,138,LEU,sidechain,B,104,PHE,sidechain,0.00025575905053848045
B,138,LEU,sidechain,B,133,TYR,sidechain,4.103994685983441
B,138,LEU,sidechain,B,134,LEU,sidechain,1.4499859845584964
B,138,LEU,sidechain,B,141,TRP,sidechain,0.0017425078284829985
B,138,LEU,sidechain,B,142,ILE,sidechain,0.01477177150452265
B,139,GLU,sidechain,B,1,MET,sidechain,1.7172438087291517
B,139,GLU,sidechain,B,2,SER,sidechain,1.346861901307377
B,139,GLU,sidechain,B,3,GLN,sidechain,0.019278930481894007
B,139,GLU,sidechain,B,4,SER,sidechain,0.001322439886447506
B,139,GLU,sidechain,B,5,ASN,sidechain,6.95043634721033
B,139,GLU,sidechain,B,6,ARG,sidechain,0.8125830490122495
B,139,GLU,sidechain,B,134,LEU,sidechain,0.013727419947936921
B,139,GLU,sidechain,B,135,ASN,sidechain,3.082089425202627
B,139,GLU,sidechain,B,136,ASP,sidechain,0.0007795391561758814
B,139,GLU,sidechain,B,142,ILE,sidechain,0.011026745305907063
B,139,GLU,sidechain,B,143,GLN,sidechain,2.753663285340725
B,139,GLU,sidechain,B,148,TRP,sidechain,0.033353726357433854
B,140,PRO,sidechain,B,1,MET,sidechain,0.05665443537654839
B,140,PRO,sidechain,B,143,GLN,sidechain,0.17347472159374822
B,140,PRO,sidechain,B,144,GLU,sidechain,4.716117226055464e-05
B,141,TRP,sidechain,B,95,VAL,sidechain,15.707919757064547
B,141,TRP,sidechain,B,96,ASN,sidechain,0.008700041868287864
B,141,TRP,sidechain,B,97,TRP,sidechain,11.495747389412394
B,141,TRP,sidechain,B,100,ILE,sidechain,0.5865114425884291
B,141,TRP,sidechain,B,137,HIS,sidechain,0.00043374638795473566
B,141,TRP,sidechain,B,138,LEU,sidechain,0.0017425078284829985
B,141,TRP,sidechain,B,144,GLU,sidechain,0.09157827645507867
B,141,TRP,sidechain,B,145,ASN,sidechain,18.390419671325116
B,142,ILE,sidechain,B,1,MET,sidechain,0.4869924400178867
B,142,ILE,sidechain,B,2,SER,sidechain,0.001037351602105206
B,142,ILE,sidechain,B,3,GLN,sidechain,0.00023332216505101244
B,142,ILE,sidechain,B,5,ASN,sidechain,0.546362088943824
B,142,ILE,sidechain,B,97,TRP,sidechain,4.161870633644577
B,142,ILE,sidechain,B,100,ILE,sidechain,0.05102590514630493
B,142,ILE,sidechain,B,134,LEU,sidechain,0.002954354300904517
B,142,ILE,sidechain,B,138,LEU,sidechain,0.01477177150452265
B,142,ILE,sidechain,B,139,GLU,sidechain,0.011026745305907063
B,142,ILE,sidechain,B,148,TRP,sidechain,7.923295118759578
B,142,ILE,sidechain,B,151,PHE,sidechain,0.002549484632564192
B,143,GLN,sidechain,B,1,MET,sidechain,2.313182337146793
B,143,GLN,sidechain,B,2,SER,sidechain,0.18596758141303402
B,143,GLN,sidechain,B,3,GLN,sidechain,0.013183007574583952
B,143,GLN,sidechain,B,5,ASN,sidechain,0.010259607849499934
B,143,GLN,sidechain,B,38,PRO,sidechain,7.89526313461465e-05
B,143,GLN,sidechain,B,39,GLU,sidechain,0.0004969453329767779
B,143,GLN,sidechain,B,139,GLU,sidechain,2.753663285340725
B,143,GLN,sidechain,B,140,PRO,sidechain,0.17347472159374822
B,143,GLN,sidechain,B,148,TRP,sidechain,0.012025426607689184
B,144,GLU,sidechain,B,140,PRO,sidechain,4.716117226055464e-05
B,144,GLU,sidechain,B,141,TRP,sidechain,0.09157827645507867
B,145,ASN,sidechain,B,97,TRP,sidechain,2.0439787975310524
B,145,ASN,sidechain,B,141,TRP,sidechain,18.390419671325116
B,145,ASN,sidechain,B,150,THR,sidechain,0.13220263769466775
B,148,TRP,sidechain,B,1,MET,sidechain,2.046239533844059
B,148,TRP,sidechain,B,2,SER,sidechain,0.550241653179329
B,148,TRP,sidechain,B,3,GLN,sidechain,1.2357385333078266
B,148,TRP,sidechain,B,4,SER,sidechain,0.03548351957811479
B,148,TRP,sidechain,B,5,ASN,sidechain,3.699122217328135
B,148,TRP,sidechain,B,8,LEU,sidechain,4.103275656819619
B,148,TRP,sidechain,B,39,GLU,sidechain,3.271042140317152e-05
B,148,TRP,sidechain,B,41,THR,sidechain,0.09428803760000205
B,148,TRP,sidechain,B,42,GLU,sidechain,0.0043286790990197
B,148,TRP,sidechain,B,46,VAL,sidechain,9.57447425635777
B,148,TRP,sidechain,B,50,LEU,sidechain,0.7928182840796126
B,148,TRP,sidechain,B,97,TRP,sidechain,5.185959780188258
B,148,TRP,sidechain,B,100,ILE,sidechain,0.11780729436534484
B,148,TRP,sidechain,B,104,PHE,sidechain,0.12337886411855764
B,148,TRP,sidechain,B,134,LEU,sidechain,0.3054172054668577
B,148,TRP,sidechain,B,139,GLU,sidechain,0.033353726357433854
B,148,TRP,sidechain,B,142,ILE,sidechain,7.923295118759578
B,148,TRP,sidechain,B,143,GLN,sidechain,0.012025426607689184
B,148,TRP,sidechain,B,151,PHE,sidechain,5.650884264908767
B,148,TRP,sidechain,B,152,VAL,sidechain,0.004780721862361124
B,149,ASP,sidechain,B,1,MET,sidechain,0.5212881541152984
B,149,ASP,sidechain,B,2,SER,sidechain,0.001163030612713708
B,149,ASP,sidechain,B,3,GLN,sidechain,0.002035844252402345
B,149,ASP,sidechain,B,38,PRO,sidechain,3.2200993788752005e-05
B,149,ASP,sidechain,B,39,GLU,sidechain,0.04536917888943623
B,149,ASP,sidechain,B,41,THR,sidechain,0.9351004758903841
B,149,ASP,sidechain,B,42,GLU,sidechain,0.6372732601738258
B,149,ASP,sidechain,B,43,SER,sidechain,8.833143894028162e-05
B,149,ASP,sidechain,B,46,VAL,sidechain,0.00030673968354396274
B,149,ASP,sidechain,B,152,VAL,sidechain,0.0007011192766719146
B,149,ASP,sidechain,B,153,GLU,sidechain,0.002741379365885182
B,150,THR,sidechain,B,97,TRP,sidechain,3.709544160016031
B,150,THR,sidechain,B,145,ASN,sidechain,0.13220263769466775
B,150,THR,sidechain,B,153,GLU,sidechain,0.06117120275607762
B,150,THR,sidechain,B,154,LEU,sidechain,0.041225772943722795
B,150,THR,sidechain,B,155,TYR,sidechain,9.98699103512812e-05
B,151,PHE,sidechain,B,46,VAL,sidechain,0.03619292529672166
B,151,PHE,sidechain,B,49,ALA,sidechain,0.35052746851051436
B,151,PHE,sidechain,B,50,LEU,sidechain,2.07777434757167
B,151,PHE,sidechain,B,53,ALA,sidechain,0.1832009638452085
B,151,PHE,sidechain,B,97,TRP,sidechain,9.237219516518708
B,151,PHE,sidechain,B,100,ILE,sidechain,0.039611204586737
B,151,PHE,sidechain,B,101,VAL,sidechain,0.20857139963641638
B,151,PHE,sidechain,B,104,PHE,sidechain,0.00020362422597263672
B,151,PHE,sidechain,B,142,ILE,sidechain,0.002549484632564192
B,151,PHE,sidechain,B,148,TRP,sidechain,5.650884264908767
B,151,PHE,sidechain,B,154,LEU,sidechain,0.07353681653101676
B,151,PHE,sidechain,B,155,TYR,sidechain,8.34415572412779
B,151,PHE,sidechain,B,156,GLY,sidechain,6.020131230098763e-05
B,152,VAL,sidechain,B,1,MET,sidechain,0.6588302899563048
B,152,VAL,sidechain,B,41,THR,sidechain,0.14810944248142774
B,152,VAL,sidechain,B,42,GLU,sidechain,0.003151860601566791
B,152,VAL,sidechain,B,43,SER,sidechain,3.232079942760083e-05
B,152,VAL,sidechain,B,45,ALA,sidechain,0.9330636240660812
B,152,VAL,sidechain,B,46,VAL,sidechain,1.5359337678486022
B,152,VAL,sidechain,B,49,ALA,sidechain,0.9082879715133266
B,152,VAL,sidechain,B,148,TRP,sidechain,0.004780721862361124
B,152,VAL,sidechain,B,149,ASP,sidechain,0.0007011192766719146
B,152,VAL,sidechain,B,156,GLY,sidechain,0.07072692258753913
B,153,GLU,sidechain,B,149,ASP,sidechain,0.002741379365885182
B,153,GLU,sidechain,B,150,THR,sidechain,0.06117120275607762
B,153,GLU,sidechain,B,156,GLY,sidechain,0.00298012721192215
B,154,LEU,sidechain,B,97,TRP,sidechain,1.0675992407971713
B,154,LEU,sidechain,B,150,THR,sidechain,0.041225772943722795
B,154,LEU,sidechain,B,151,PHE,sidechain,0.07353681653101676
B,155,TYR,sidechain,B,49,ALA,sidechain,0.018935642708013442
B,155,TYR,sidechain,B,52,GLU,sidechain,2.255606325258606
B,155,TYR,sidechain,B,53,ALA,sidechain,4.78356502972864
B,155,TYR,sidechain,B,56,GLU,sidechain,1.1063004623456918
B,155,TYR,sidechain,B,60,ARG,sidechain,0.0053090091264944425
B,155,TYR,sidechain,B,97,TRP,sidechain,0.4720028343601003
B,155,TYR,sidechain,B,101,VAL,sidechain,0.3276296975603819
B,155,TYR,sidechain,B,150,THR,sidechain,9.98699103512812e-05
B,155,TYR,sidechain,B,151,PHE,sidechain,8.34415572412779
B,156,GLY,sidechain,B,48,GLN,sidechain,0.3881910236558488
B,156,GLY,sidechain,B,51,ARG,sidechain,0.002131660476764132
B,156,GLY,sidechain,B,52,GLU,sidechain,2.348078253787965
B,156,GLY,sidechain,B,56,GLU,sidechain,0.020140420168484954
B,156,GLY,sidechain,B,151,PHE,sidechain,6.020131230098763e-05
B,156,GLY,sidechain,B,152,VAL,sidechain,0.07072692258753913
B,156,GLY,sidechain,B,153,GLU,sidechain,0.00298012721192215
